#VRML V2.0 utf8
# 3D model generated by easyeda2kicad.py (https://github.com/uPesy/easyeda2kicad.py)

Shape{
    appearance Appearance {
        material  Material 	{
            diffuseColor 0.6470588235294118 0.6196078431372549 0.5882352941176471
            specularColor 0.45098039215686275 0.43529411764705883 0.4117647058823529
            ambientIntensity 0.2
            transparency 0
            shininess 0.5
        }
    }
    geometry IndexedFaceSet {
        ccw TRUE
        solid FALSE
        coord DEF co Coordinate {
            point [
                -2.3425 1.3583 -0.9843, -2.3425 1.3583 0.9449, -2.6575 1.3583 -0.9843, -2.6575 1.3583 0.9449, -2.5787 1.437 -1.378, -2.5787 1.5945 -1.378, -2.4213 1.437 -1.378, -2.4213 1.5945 -1.378, -2.6575 1.6732 -0.9843, -2.6575 1.6732 0.9449, -2.3425 1.6732 -0.9843, -2.3425 1.6732 0.9449, -2.6575 1.6645 1.0557, -2.3425 1.6645 1.0557, -2.6575 1.6385 1.1639, -2.3425 1.6385 1.1639, -2.6575 1.596 1.2666, -2.3425 1.596 1.2666, -2.6575 1.5379 1.3614, -2.3425 1.5379 1.3614, -2.6575 1.4657 1.446, -2.3425 1.4657 1.446, -2.6575 1.3811 1.5182, -2.3425 1.3811 1.5182, -2.6575 1.2863 1.5763, -2.3425 1.2863 1.5763, -2.6575 1.1836 1.6189, -2.3425 1.1836 1.6189, -2.6575 1.0754 1.6448, -2.3425 1.0754 1.6448, -2.6575 0.9646 1.6535, -2.3425 0.9646 1.6535, -2.3425 -1.0039 1.6535, -2.6575 -1.0039 1.6535, -2.5787 -1.3976 1.5748, -2.5787 -1.3976 1.4173, -2.4213 -1.3976 1.5748, -2.4213 -1.3976 1.4173, -2.6575 -1.0039 1.3386, -2.6575 0.9646 1.3386, -2.3425 -1.0039 1.3386, -2.3425 0.9646 1.3386, -2.3425 1.0522 1.3287, -2.6575 1.0522 1.3287, -2.3425 1.1354 1.2996, -2.6575 1.1354 1.2996, -2.3425 1.21 1.2527, -2.6575 1.21 1.2527, -2.3425 1.2724 1.1904, -2.6575 1.2724 1.1904, -2.3425 1.3193 1.1157, -2.6575 1.3193 1.1157, -2.3425 1.3484 1.0325, -2.6575 1.3484 1.0325, -2.6575 1.3484 1.0325
            ]
        }
        coordIndex [
            0,1,2,-1,2,1,3,-1,4,5,6,-1,6,5,7,-1,8,9,10,-1,10,9,11,-1,11,9,12,-1,11,12,13,-1,13,12,14,-1,13,14,15,-1,15,14,16,-1,15,16,17,-1,17,16,18,-1,17,18,19,-1,19,18,20,-1,19,20,21,-1,21,20,22,-1,21,22,23,-1,23,22,24,-1,23,24,25,-1,25,24,26,-1,25,26,27,-1,27,26,28,-1,27,28,29,-1,29,28,30,-1,29,30,31,-1,32,31,33,-1,33,31,30,-1,34,35,36,-1,36,35,37,-1,38,39,40,-1,40,39,41,-1,41,39,42,-1,42,39,43,-1,42,43,44,-1,44,43,45,-1,44,45,46,-1,46,45,47,-1,46,47,48,-1,48,47,49,-1,48,49,50,-1,50,49,51,-1,50,51,52,-1,52,51,53,-1,52,53,1,-1,1,53,3,-1,32,40,31,-1,31,40,41,-1,31,41,29,-1,29,41,42,-1,29,42,27,-1,27,42,44,-1,52,15,50,-1,50,15,17,-1,50,17,48,-1,0,10,1,-1,1,10,11,-1,1,11,52,-1,52,11,13,-1,52,13,15,-1,17,19,48,-1,48,19,21,-1,48,21,46,-1,46,21,23,-1,46,23,44,-1,44,23,25,-1,44,25,27,-1,38,33,39,-1,39,33,30,-1,39,30,43,-1,51,14,53,-1,53,14,12,-1,53,12,3,-1,3,12,9,-1,3,9,2,-1,2,9,8,-1,30,28,43,-1,43,28,26,-1,43,26,45,-1,45,26,24,-1,45,24,47,-1,24,22,47,-1,47,22,20,-1,47,20,49,-1,49,20,18,-1,49,18,51,-1,51,18,16,-1,51,16,14,-1,10,7,8,-1,8,7,5,-1,0,6,10,-1,10,6,7,-1,4,2,5,-1,5,2,8,-1,2,4,0,-1,0,4,6,-1,40,37,38,-1,38,37,35,-1,32,36,40,-1,40,36,37,-1,34,33,35,-1,35,33,38,-1,33,34,32,-1,32,34,36,-1,
        ]
    }
}
Shape{
    appearance Appearance {
        material  Material 	{
            diffuseColor 0.24705882352941178 0.49411764705882355 0.27450980392156865
            specularColor 0.01568627450980392 0.03529411764705882 0.0196078431372549
            ambientIntensity 0.2
            transparency 0
            shininess 0.5
        }
    }
    geometry IndexedFaceSet {
        ccw TRUE
        solid FALSE
        coord DEF co Coordinate {
            point [
                -3.0 -1.7913 0.7375, -3.0 0.3324 0.7375, -3.0 -1.7913 2.295, -3.0 0.3324 1.1637, -3.0 0.3324 2.295, -3.0 0.3324 1.8597, -3.0 0.7677 1.8597, -3.0 0.7677 1.1637, 3.2953 1.9882 3.1496, 2.0 1.9882 3.1496, 3.2953 -1.9882 3.1496, 1.0 1.9882 3.1496, -3.2953 -1.9882 3.1496, -0.0 1.9882 3.1496, -1.0 1.9882 3.1496, -2.0 1.9882 3.1496, -3.1337 1.9882 3.1496, -3.2953 1.9882 3.1496, -2.815 1.9882 2.3622, -2.815 1.9882 0.0, -3.1337 1.9882 0.0, -3.1378 1.9882 2.3622, -3.374 1.9882 2.3622, -3.374 1.9882 2.9938, 3.374 1.9882 3.0709, 3.374 1.9882 2.9938, 3.374 1.9882 2.3622, 3.1378 1.9882 2.3622, 3.1378 1.9882 0.7874, 2.815 1.9882 0.0, 2.815 1.9882 2.3622, 2.8934 1.9882 2.8379, 2.1066 1.9882 2.8379, 2.0 1.9882 2.9938, 2.1066 1.9882 2.5221, 2.0 1.9882 0.0, 2.185 1.9882 0.0, 3.2953 1.9882 0.0, 3.374 1.9882 0.7874, 3.374 1.9882 0.0787, 3.3635 1.9882 0.0394, 3.351 1.9882 0.0231, 3.3713 1.9882 0.0584, 3.3346 1.9882 0.0105, 3.3157 1.9882 0.0027, 3.351 1.9882 3.1265, 3.3346 1.9882 3.1391, 3.3157 1.9882 3.1469, 3.3635 1.9882 3.1102, 3.3713 1.9882 3.0912, -3.3713 1.9882 3.0912, -3.3635 1.9882 3.1102, -3.351 1.9882 3.1265, -3.3346 1.9882 3.1391, -3.3157 1.9882 3.1469, -3.374 1.9882 0.0787, -3.374 1.9882 0.7874, -3.1378 1.9882 0.7874, -3.1337 1.9882 2.9938, -3.374 1.9882 3.0709, -3.2953 1.9882 0.0, -3.3157 1.9882 0.0027, -3.3713 1.9882 0.0584, -3.3346 1.9882 0.0105, -3.3635 1.9882 0.0394, -3.351 1.9882 0.0231, -2.0 1.9882 0.0, -2.185 1.9882 0.0, -2.185 1.9882 2.3622, -2.0 1.9882 2.9938, -2.1066 1.9882 2.8379, -2.8934 1.9882 2.8379, -2.8934 1.9882 2.5221, -2.1066 1.9882 2.5221, -1.0 1.9882 0.0, -1.185 1.9882 0.0, -1.185 1.9882 2.3622, -1.815 1.9882 2.3622, -1.8934 1.9882 2.5221, -1.1066 1.9882 2.5221, -1.0 1.9882 2.9938, -1.1066 1.9882 2.8379, -1.8934 1.9882 2.8379, -1.815 1.9882 0.0, -0.0 1.9882 0.0, -0.185 1.9882 0.0, -0.185 1.9882 2.3622, -0.815 1.9882 2.3622, -0.8934 1.9882 2.5221, -0.1066 1.9882 2.5221, -0.0 1.9882 2.9938, -0.1066 1.9882 2.8379, -0.8934 1.9882 2.8379, -0.815 1.9882 0.0, 1.0 1.9882 0.0, 0.815 1.9882 0.0, 0.815 1.9882 2.3622, 0.185 1.9882 2.3622, 0.1066 1.9882 2.5221, 0.8934 1.9882 2.5221, 1.0 1.9882 2.9938, 0.8934 1.9882 2.8379, 0.1066 1.9882 2.8379, 0.185 1.9882 0.0, 1.8934 1.9882 2.5221, 1.815 1.9882 2.3622, 1.1066 1.9882 2.5221, 1.185 1.9882 2.3622, 1.815 1.9882 0.0, 1.8934 1.9882 2.8379, 1.1066 1.9882 2.8379, 1.185 1.9882 0.0, 2.8934 1.9882 2.5221, 2.185 1.9882 2.3622, -2.9571 -0.8262 0.0, -2.9489 -0.816 0.0, -2.6112 -0.816 0.0, -1.815 1.2008 0.0, -1.185 1.2008 0.0, -0.815 1.2008 0.0, -0.185 1.2008 0.0, 3.2953 -0.816 0.0, -2.5876 -0.7932 0.0, -2.5876 -0.7945 0.0, -2.5871 -0.7957 0.0, -2.5869 -0.7959 0.0, -2.5866 -0.796 0.0, -2.5858 -0.7962 0.0, -2.185 1.2008 0.0, 0.185 1.2008 0.0, -2.5875 -0.795 0.0, -2.5873 -0.7954 0.0, -2.5572 -0.6467 0.0, -2.5096 -0.6529 0.0, -2.5572 -0.7713 0.0, -2.49 -0.6569 0.0, -2.4666 -0.6677 0.0, -2.4501 -0.7877 0.0, -2.4592 -0.7865 0.0, -2.4495 -0.6426 0.0, -2.4505 -0.642 0.0, -2.4519 -0.4938 0.0, -2.3924 -0.79 0.0, -2.3924 -0.7913 0.0, -2.4725 -0.7848 0.0, -2.4859 -0.7832 0.0, -2.4717 -0.6648 0.0, -2.4774 -0.6613 0.0, -2.366 -0.4441 0.0, -2.6112 1.2008 0.0, -2.3645 -0.444 0.0, -2.364 -0.4442 0.0, -2.5697 -0.4469 0.0, -2.5726 -0.4468 0.0, -2.5741 -0.4471 0.0, -2.5754 -0.4476 0.0, -2.4487 -0.6434 0.0, -2.449 -0.6497 0.0, -2.4482 -0.6484 0.0, -2.4488 -0.7878 0.0, -2.4478 -0.6472 0.0, -2.4477 -0.7881 0.0, -2.4476 -0.6463 0.0, -2.4467 -0.7887 0.0, -2.2593 -0.4728 0.0, -2.2703 -0.4648 0.0, -2.1776 -0.4326 0.0, -2.2823 -0.8047 0.0, -2.2696 -0.8016 0.0, -2.1066 -0.816 0.0, -2.5733 -0.5049 0.0, -2.5789 -0.4569 0.0, -2.5736 -0.4978 0.0, -2.5787 -0.4581 0.0, -2.5736 -0.487 0.0, -2.5751 -0.4724 0.0, 0.815 1.2008 0.0, 1.185 1.2008 0.0, 1.815 1.2008 0.0, -2.5843 -0.7963 0.0, -2.5827 -0.7962 0.0, -2.5719 -0.7945 0.0, -2.3 -0.8058 0.0, -2.2592 -0.7962 0.0, -2.2499 -0.7879 0.0, -2.2408 -0.7748 0.0, -2.573 -0.512 0.0, -2.5736 -0.7713 0.0, -2.579 -0.4537 0.0, -2.58 -0.7788 0.0, -2.5838 -0.7835 0.0, 2.185 1.2008 0.0, -2.5623 -0.7933 0.0, -2.5526 -0.7933 0.0, -2.551 -0.7933 0.0, -2.5572 -0.6269 0.0, -2.5572 -0.4735 0.0, -2.4728 -0.4853 0.0, -2.4501 -0.6512 0.0, -2.1773 -0.432 0.0, -2.391 -0.4729 0.0, -2.3908 -0.4731 0.0, -2.3885 -0.4736 0.0, -2.3696 -0.7702 0.0, -2.3899 -0.4735 0.0, -2.3904 -0.4734 0.0, -2.436 -0.4676 0.0, -2.4361 -0.4676 0.0, -2.4376 -0.4673 0.0, -2.4394 -0.4672 0.0, -2.5768 -0.4487 0.0, -2.578 -0.4502 0.0, -2.5786 -0.4514 0.0, -2.5861 -0.7868 0.0, -2.587 -0.7888 0.0, -2.5875 -0.7915 0.0, -2.5067 -0.799 0.0, -2.4872 -0.803 0.0, -2.4452 -0.7925 0.0, -2.4451 -0.7917 0.0, -2.392 -0.7927 0.0, -2.4454 -0.7901 0.0, -2.4459 -0.7895 0.0, -2.4516 -0.6417 0.0, -2.453 -0.6416 0.0, -2.4569 -0.491 0.0, -2.4646 -0.4874 0.0, -2.3671 -0.4446 0.0, -2.3708 -0.4472 0.0, -2.3789 -0.4547 0.0, -2.3913 -0.4724 0.0, -2.3896 -0.7846 0.0, -2.3871 -0.7826 0.0, -2.377 -0.7741 0.0, -2.3911 -0.7865 0.0, -2.3921 -0.7886 0.0, -2.3865 -0.4735 0.0, -2.3786 -0.4735 0.0, -2.3696 -0.4735 0.0, -2.436 -0.4762 0.0, -2.4343 -0.4738 0.0, -2.4338 -0.4725 0.0, 2.815 1.2008 0.0, -2.5399 -0.7936 0.0, -2.5289 -0.7951 0.0, -2.4718 -0.8086 0.0, -2.4688 -0.8104 0.0, -2.4637 -0.8137 0.0, -2.3915 -0.7937 0.0, -2.4474 -0.7968 0.0, -2.4477 -0.6455 0.0, -2.448 -0.6445 0.0, -2.018 -0.4939 0.0, -2.0173 -0.493 0.0, -2.1761 -0.4312 0.0, -2.1765 -0.4314 0.0, -2.1769 -0.4316 0.0, -2.3917 -0.4693 0.0, -2.3919 -0.4699 0.0, -2.3919 -0.4705 0.0, -2.3918 -0.4713 0.0, -2.3734 -0.7719 0.0, -2.4346 -0.4688 0.0, -2.435 -0.4682 0.0, -2.4354 -0.4679 0.0, -2.5334 -0.4547 0.0, -2.5594 -0.4502 0.0, -2.5657 -0.4479 0.0, -2.4452 -0.7909 0.0, -2.0244 -0.432 0.0, -2.1718 -0.4366 0.0, -2.1725 -0.4347 0.0, -2.2495 -0.4846 0.0, -2.1833 -0.4827 0.0, -2.2377 -0.5056 0.0, -2.183 -0.4879 0.0, -2.182 -0.4911 0.0, -2.2809 -0.4605 0.0, -2.322 -0.4542 0.0, -2.3469 -0.4513 0.0, -2.3631 -0.7942 0.0, -2.3583 -0.7951 0.0, -2.3897 -0.4664 0.0, -2.3907 -0.4676 0.0, -2.3913 -0.4686 0.0, -2.4336 -0.4716 0.0, -2.4337 -0.4708 0.0, -2.434 -0.4698 0.0, -2.4479 -0.4667 0.0, -2.4907 -0.4614 0.0, -2.178 -0.434 0.0, -2.179 -0.4411 0.0, -2.3562 -0.4488 0.0, -2.3621 -0.4452 0.0, -2.3464 -0.7962 0.0, -2.3249 -0.8024 0.0, -2.3125 -0.8048 0.0, -2.232 -0.7518 0.0, -2.2238 -0.6884 0.0, -2.1644 -0.5482 0.0, -2.2212 -0.6099 0.0, -2.1706 -0.5231 0.0, -2.2269 -0.543 0.0, -2.178 -0.4984 0.0, -2.1808 -0.4933 0.0, -2.3815 -0.4576 0.0, -2.3883 -0.4649 0.0, -2.4463 -0.7949 0.0, -2.4456 -0.7935 0.0, -2.0365 -0.547 0.0, -2.0433 -0.5754 0.0, -2.0977 -0.816 0.0, -2.017 -0.4924 0.0, -2.0168 -0.4918 0.0, -2.0169 -0.4897 0.0, -2.0214 -0.4382 0.0, -2.0212 -0.4412 0.0, -2.02 -0.4508 0.0, -2.0217 -0.4361 0.0, -2.022 -0.4346 0.0, -2.0222 -0.4337 0.0, -2.0265 -0.4335 0.0, -2.1417 -0.5776 0.0, -2.026 -0.4329 0.0, -2.1599 -0.4933 0.0, -2.1797 -0.4479 0.0, -2.1825 -0.4717 0.0, -2.1684 -0.4502 0.0, -2.025 -0.4321 0.0, -2.0256 -0.4325 0.0, -2.027 -0.4345 0.0, -2.0274 -0.436 0.0, -2.0647 -0.5963 0.0, -2.0313 -0.4587 0.0, -2.3907 -0.7945 0.0, -2.39 -0.7951 0.0, -2.3797 -0.7933 0.0, -2.3679 -0.7933 0.0, -2.0334 -0.5336 0.0, -2.0297 -0.5204 0.0, -2.0257 -0.5097 0.0, -2.0221 -0.4996 0.0, -2.0197 -0.496 0.0, -2.0177 -0.4764 0.0, -2.0177 -0.4762 0.0, -2.1748 -0.4314 0.0, -2.1753 -0.4312 0.0, -2.1757 -0.4312 0.0, -2.1732 -0.4333 0.0, -2.1738 -0.4324 0.0, -2.1743 -0.4318 0.0, -2.0225 -0.4331 0.0, -2.0228 -0.4327 0.0, -2.0232 -0.4324 0.0, -2.0236 -0.4321 0.0, -2.024 -0.432 0.0, -3.2953 -0.816 0.0, -2.8582 -0.4867 0.0, -2.8563 -0.4875 0.0, -2.7878 -0.6886 0.0, -2.6519 -0.8052 0.0, -2.6434 -0.8052 0.0, -2.6434 -0.6541 0.0, -2.815 1.2008 0.0, -2.6919 -0.8071 0.0, -2.6788 -0.7999 0.0, -2.7621 -0.777 0.0, -2.7506 -0.792 0.0, -2.9322 -0.7951 0.0, -2.7876 -0.5745 0.0, -2.6675 -0.7897 0.0, -2.6609 -0.7809 0.0, -2.6559 -0.7719 0.0, -2.7085 -0.8114 0.0, -2.7165 -0.8114 0.0, -2.733 -0.8056 0.0, -2.7246 -0.8097 0.0, -2.7748 -0.6008 0.0, -2.6468 -0.555 0.0, -2.7727 -0.6908 0.0, -2.644 -0.5849 0.0, -2.7676 -0.7204 0.0, -2.8369 -0.4702 0.0, -2.8348 -0.4679 0.0, -2.7814 -0.5361 0.0, -2.7151 -0.4456 0.0, -2.7301 -0.4503 0.0, -2.8331 -0.4621 0.0, -2.7432 -0.4579 0.0, -2.7526 -0.4676 0.0, -2.7085 -0.4638 0.0, -2.7608 -0.5199 0.0, -2.9406 -0.4706 0.0, -2.897 -0.4743 0.0, -2.8763 -0.4774 0.0, -2.8693 -0.479 0.0, -2.6392 -0.5168 0.0, -2.6457 -0.4915 0.0, -2.9406 -0.7594 0.0, -2.7741 -0.75 0.0, -2.9405 -0.7666 0.0, -2.6732 -0.4765 0.0, -2.6648 -0.4861 0.0, -2.6954 -0.7909 0.0, -2.7355 -0.7827 0.0, -2.7446 -0.7738 0.0, -2.8652 -0.481 0.0, -2.86 -0.4855 0.0, -2.7656 -0.4887 0.0, -2.8338 -0.4661 0.0, -2.8333 -0.4642 0.0, -2.6349 -0.5844 0.0, -2.6554 -0.4719 0.0, -2.6628 -0.4625 0.0, -2.6736 -0.4537 0.0, -2.9568 -0.4695 0.0, -2.9565 -0.4729 0.0, -2.9583 -0.4557 0.0, -2.9554 -0.5063 0.0, -2.938 -0.7827 0.0, -2.6958 -0.4648 0.0, -2.6833 -0.4694 0.0, -2.6574 -0.5008 0.0, -2.6493 -0.5382 0.0, -2.704 -0.7928 0.0, -2.7158 -0.7921 0.0, -2.7259 -0.7887 0.0, -2.8431 -0.4759 0.0, -2.6589 -0.7338 0.0, -2.6541 -0.6541 0.0, -2.6873 -0.4474 0.0, -2.7006 -0.4451 0.0, -2.7311 -0.4711 0.0, -2.7393 -0.4786 0.0, -2.7522 -0.4968 0.0, -2.7239 -0.4668 0.0, -2.7164 -0.4646 0.0, -2.6659 -0.7595 0.0, -2.673 -0.7734 0.0, -2.6799 -0.7817 0.0, -2.8337 -0.4609 0.0, -2.8342 -0.4603 0.0, -2.9554 -0.7611 0.0, -2.9557 -0.7887 0.0, -2.9599 -0.816 0.0, -2.7544 -0.7585 0.0, -2.6874 -0.7874 0.0, -2.9563 -0.4485 0.0, -2.9571 -0.4494 0.0, -2.9579 -0.451 0.0, -2.9583 -0.4525 0.0, -2.9537 -0.4475 0.0, -2.9548 -0.4477 0.0, -2.9556 -0.448 0.0, -2.835 -0.4598 0.0, -2.8364 -0.4593 0.0, -2.8385 -0.459 0.0, -2.8484 -0.4588 0.0, -2.8628 -0.4568 0.0, -2.9001 -0.4529 0.0, -2.9124 -0.4519 0.0, -2.9361 -0.4496 0.0, -2.9492 -0.4485 0.0, -2.9521 -0.4476 0.0, -2.1061 -0.8182 0.0, -2.6112 -1.9882 0.0, -2.0982 -0.8182 0.0, 3.2953 -1.9882 0.0, -2.961 -0.8217 0.0, -3.2953 -1.9882 0.0, 0.8934 -1.9882 2.5221, 0.6772 -1.9882 2.5221, 0.6772 -1.9882 2.295, 1.8934 -1.9882 2.5221, 1.6772 -1.9882 2.5221, 1.6772 -1.9882 2.295, -2.1066 -1.9882 2.5221, -2.3228 -1.9882 2.5221, -2.3228 -1.9882 2.295, -1.1066 -1.9882 2.5221, -1.3228 -1.9882 2.5221, -1.3228 -1.9882 2.295, -1.6772 -1.9882 2.295, -1.6772 -1.9882 2.5221, -1.8934 -1.9882 2.5221, -2.5 -1.9882 0.2375, -2.5 -1.9882 0.5407, -3.1969 -1.9882 0.5407, -0.1066 -1.9882 2.5221, -0.3228 -1.9882 2.5221, -0.3228 -1.9882 2.295, -0.6772 -1.9882 2.295, -0.6772 -1.9882 2.5221, -0.8934 -1.9882 2.5221, -3.374 -1.9882 0.0787, -3.3713 -1.9882 0.0584, -3.3635 -1.9882 0.0394, -3.351 -1.9882 0.0231, -3.3346 -1.9882 0.0105, -2.6772 -1.9882 2.295, -2.6772 -1.9882 2.5221, -3.1969 -1.9882 2.295, -2.8934 -1.9882 2.5221, -3.3157 -1.9882 0.0027, -0.8934 -1.9882 2.8379, -1.1066 -1.9882 2.8379, -2.8934 -1.9882 2.8379, -2.1066 -1.9882 2.8379, 0.3228 -1.9882 2.295, 0.3228 -1.9882 2.5221, 0.1066 -1.9882 2.5221, -3.3157 -1.9882 3.1469, -3.3346 -1.9882 3.1391, -3.351 -1.9882 3.1265, -2.0 -1.9882 0.2375, -3.374 -1.9882 3.0709, -1.8934 -1.9882 2.8379, -0.1066 -1.9882 2.8379, -3.3635 -1.9882 3.1102, -3.3713 -1.9882 3.0912, 1.3228 -1.9882 2.295, 1.3228 -1.9882 2.5221, 1.1066 -1.9882 2.5221, 2.3228 -1.9882 2.295, 2.3228 -1.9882 2.5221, 2.1066 -1.9882 2.5221, 2.5 -1.9882 0.2375, 2.5 -1.9882 0.5407, -2.0 -1.9882 0.5407, 0.1066 -1.9882 2.8379, 0.8934 -1.9882 2.8379, 1.1066 -1.9882 2.8379, 1.8934 -1.9882 2.8379, 3.1969 -1.9882 0.2375, 3.374 -1.9882 0.0787, 3.1969 -1.9882 2.295, 3.374 -1.9882 3.0709, 2.6772 -1.9882 2.5221, 2.6772 -1.9882 2.295, 2.8934 -1.9882 2.5221, 2.8934 -1.9882 2.8379, 3.3713 -1.9882 3.0912, 3.3635 -1.9882 3.1102, 3.351 -1.9882 3.1265, 3.3346 -1.9882 3.1391, 3.3346 -1.9882 0.0105, 3.351 -1.9882 0.0231, 2.1066 -1.9882 2.8379, 3.3157 -1.9882 3.1469, 3.3157 -1.9882 0.0027, 3.3635 -1.9882 0.0394, 3.3713 -1.9882 0.0584, 3.3713 -1.9882 0.0584
            ]
        }
        coordIndex [
            0,1,2,-1,2,1,3,-1,4,2,5,-1,5,2,3,-1,5,3,6,-1,6,3,7,-1,8,9,10,-1,10,9,11,-1,10,11,12,-1,12,11,13,-1,12,13,14,-1,14,15,12,-1,12,15,16,-1,12,16,17,-1,18,19,20,-1,21,22,23,-1,24,25,8,-1,25,26,27,-1,28,29,30,-1,31,32,33,-1,33,32,34,-1,33,34,35,-1,35,34,36,-1,28,30,27,-1,29,28,37,-1,37,28,38,-1,37,38,39,-1,40,41,42,-1,42,41,43,-1,42,43,39,-1,39,43,44,-1,39,44,37,-1,8,25,9,-1,45,8,46,-1,46,8,47,-1,45,48,8,-1,8,48,49,-1,8,49,24,-1,50,51,52,-1,52,53,50,-1,50,53,54,-1,50,54,17,-1,55,56,57,-1,57,21,58,-1,58,21,23,-1,58,23,17,-1,17,23,59,-1,17,59,50,-1,60,61,62,-1,62,61,63,-1,62,63,64,-1,64,63,65,-1,66,67,68,-1,69,70,58,-1,58,70,71,-1,58,71,72,-1,62,55,60,-1,60,55,57,-1,60,57,20,-1,20,57,58,-1,20,58,18,-1,18,58,72,-1,18,72,68,-1,68,72,73,-1,68,73,66,-1,74,75,76,-1,77,78,76,-1,76,78,79,-1,76,79,74,-1,80,81,69,-1,69,81,82,-1,69,82,78,-1,77,83,78,-1,78,83,66,-1,78,66,69,-1,69,66,73,-1,69,73,70,-1,84,85,86,-1,87,88,86,-1,86,88,89,-1,86,89,84,-1,90,91,80,-1,80,91,92,-1,80,92,88,-1,87,93,88,-1,88,93,74,-1,88,74,80,-1,80,74,79,-1,80,79,81,-1,94,95,96,-1,97,98,96,-1,96,98,99,-1,96,99,94,-1,100,101,90,-1,90,101,102,-1,90,102,98,-1,97,103,98,-1,98,103,84,-1,98,84,90,-1,90,84,89,-1,90,89,91,-1,104,105,106,-1,106,105,107,-1,108,105,35,-1,35,105,104,-1,35,104,33,-1,33,104,109,-1,33,109,100,-1,100,109,110,-1,100,110,106,-1,107,111,106,-1,106,111,94,-1,106,94,100,-1,100,94,99,-1,100,99,101,-1,17,16,58,-1,58,16,15,-1,58,15,69,-1,69,15,14,-1,69,14,80,-1,80,14,13,-1,80,13,90,-1,90,13,11,-1,90,11,100,-1,100,11,9,-1,100,9,33,-1,33,9,25,-1,33,25,31,-1,31,25,27,-1,31,27,112,-1,112,27,30,-1,112,30,34,-1,34,30,113,-1,34,113,36,-1,114,115,116,-1,66,83,117,-1,118,75,74,-1,119,120,121,-1,116,122,123,-1,124,125,116,-1,116,125,126,-1,116,126,127,-1,67,66,128,-1,128,66,117,-1,128,117,121,-1,121,117,118,-1,121,118,119,-1,119,118,74,-1,119,74,93,-1,84,103,129,-1,123,130,116,-1,116,130,131,-1,116,131,124,-1,132,133,134,-1,134,133,135,-1,136,137,138,-1,139,140,141,-1,142,143,141,-1,138,144,136,-1,136,144,145,-1,136,145,146,-1,146,145,134,-1,146,134,147,-1,147,134,135,-1,148,149,150,-1,150,149,128,-1,150,128,151,-1,152,153,149,-1,149,153,154,-1,149,154,155,-1,139,141,156,-1,157,158,159,-1,159,158,160,-1,159,160,161,-1,161,160,162,-1,161,162,163,-1,164,165,166,-1,167,168,169,-1,170,171,172,-1,172,171,173,-1,172,173,174,-1,174,173,175,-1,176,95,94,-1,177,178,121,-1,127,179,116,-1,116,179,180,-1,116,180,181,-1,167,169,182,-1,168,183,169,-1,169,183,184,-1,169,184,185,-1,170,186,171,-1,171,186,187,-1,171,187,188,-1,188,187,189,-1,188,189,190,-1,85,84,120,-1,120,84,129,-1,120,129,121,-1,121,129,176,-1,121,176,177,-1,177,176,94,-1,177,94,111,-1,35,36,191,-1,181,192,116,-1,116,192,193,-1,116,193,194,-1,195,196,197,-1,137,136,159,-1,159,136,198,-1,159,198,157,-1,166,165,199,-1,200,201,142,-1,202,203,204,-1,204,203,205,-1,206,207,149,-1,149,207,208,-1,149,208,209,-1,155,210,149,-1,149,210,211,-1,149,211,212,-1,190,213,188,-1,188,213,214,-1,188,214,116,-1,116,214,215,-1,116,215,122,-1,116,216,217,-1,218,219,220,-1,221,222,143,-1,143,222,163,-1,140,223,141,-1,141,223,224,-1,141,224,225,-1,225,224,195,-1,225,195,226,-1,226,195,197,-1,148,227,149,-1,149,227,228,-1,149,228,229,-1,200,142,230,-1,231,201,232,-1,232,201,233,-1,231,234,201,-1,201,234,235,-1,201,235,142,-1,202,236,203,-1,203,236,237,-1,203,237,238,-1,141,239,142,-1,142,239,240,-1,142,240,241,-1,29,37,242,-1,242,37,121,-1,242,121,191,-1,191,121,178,-1,191,178,35,-1,35,178,108,-1,194,243,116,-1,116,243,244,-1,116,244,216,-1,217,245,116,-1,116,245,246,-1,116,246,247,-1,248,247,220,-1,220,247,249,-1,163,162,143,-1,143,162,250,-1,143,250,141,-1,141,250,251,-1,141,251,156,-1,252,253,121,-1,128,254,255,-1,128,255,165,-1,165,255,256,-1,165,256,199,-1,257,258,149,-1,149,258,259,-1,149,259,142,-1,142,259,260,-1,142,260,230,-1,205,203,201,-1,201,203,261,-1,201,261,233,-1,262,263,149,-1,149,263,264,-1,149,264,206,-1,265,266,149,-1,149,266,267,-1,149,267,152,-1,220,219,143,-1,143,219,268,-1,143,268,221,-1,269,270,271,-1,272,273,274,-1,274,273,275,-1,274,275,276,-1,165,277,128,-1,128,277,278,-1,128,278,279,-1,280,281,247,-1,282,283,149,-1,149,283,284,-1,149,284,257,-1,241,285,142,-1,142,285,286,-1,142,286,149,-1,149,286,287,-1,149,287,262,-1,209,288,149,-1,149,288,289,-1,149,289,265,-1,164,166,272,-1,272,166,290,-1,272,290,291,-1,279,292,128,-1,128,292,293,-1,128,293,151,-1,281,294,247,-1,247,294,295,-1,247,295,296,-1,185,297,169,-1,169,297,298,-1,169,298,299,-1,299,298,300,-1,299,300,301,-1,301,300,302,-1,301,302,303,-1,303,302,274,-1,303,274,304,-1,304,274,276,-1,229,305,149,-1,149,305,306,-1,149,306,282,-1,249,307,220,-1,220,307,308,-1,220,308,218,-1,309,121,310,-1,310,121,311,-1,253,312,121,-1,121,312,313,-1,121,313,314,-1,315,121,316,-1,316,121,317,-1,315,318,121,-1,121,318,319,-1,121,319,320,-1,321,322,323,-1,323,322,324,-1,291,325,272,-1,272,325,326,-1,272,326,273,-1,270,269,327,-1,327,269,328,-1,327,328,324,-1,324,328,329,-1,324,329,323,-1,321,330,322,-1,322,330,331,-1,322,331,332,-1,332,331,333,-1,248,334,247,-1,247,334,335,-1,247,335,280,-1,280,335,336,-1,280,336,337,-1,309,338,121,-1,121,338,339,-1,121,339,340,-1,340,341,121,-1,121,341,342,-1,121,342,252,-1,314,343,121,-1,121,343,344,-1,121,344,317,-1,345,346,128,-1,128,346,347,-1,128,347,254,-1,271,348,269,-1,269,348,349,-1,269,349,350,-1,320,351,121,-1,121,351,352,-1,121,352,128,-1,128,352,353,-1,128,353,354,-1,354,355,128,-1,128,355,269,-1,128,269,345,-1,345,269,350,-1,356,60,20,-1,357,358,359,-1,360,361,116,-1,116,361,362,-1,20,19,363,-1,360,364,365,-1,366,367,368,-1,359,358,369,-1,365,370,360,-1,360,370,371,-1,360,371,372,-1,364,360,373,-1,373,360,116,-1,373,116,374,-1,374,116,115,-1,374,115,368,-1,367,375,368,-1,368,375,376,-1,368,376,374,-1,377,378,379,-1,379,378,380,-1,379,380,381,-1,382,383,384,-1,385,386,387,-1,387,386,388,-1,387,388,389,-1,390,377,391,-1,392,393,359,-1,359,393,394,-1,359,394,395,-1,396,397,149,-1,392,359,398,-1,398,359,399,-1,398,399,400,-1,377,401,402,-1,403,404,405,-1,395,406,359,-1,359,406,407,-1,359,407,357,-1,384,383,408,-1,408,383,409,-1,408,409,389,-1,389,409,410,-1,389,410,387,-1,396,149,411,-1,397,412,149,-1,149,412,413,-1,149,413,414,-1,415,416,417,-1,417,416,418,-1,366,368,399,-1,399,368,419,-1,399,419,400,-1,390,420,377,-1,377,420,421,-1,377,421,401,-1,402,422,377,-1,377,422,423,-1,377,423,378,-1,424,425,403,-1,403,425,426,-1,403,426,404,-1,369,358,384,-1,384,358,427,-1,384,427,382,-1,428,381,429,-1,429,381,380,-1,429,380,362,-1,362,380,411,-1,362,411,116,-1,116,411,149,-1,116,149,188,-1,188,149,212,-1,414,430,149,-1,149,430,431,-1,149,431,385,-1,432,391,433,-1,433,391,434,-1,432,435,391,-1,391,435,436,-1,391,436,390,-1,428,437,381,-1,381,437,438,-1,381,438,439,-1,387,440,385,-1,385,440,441,-1,385,441,149,-1,149,441,363,-1,442,443,444,-1,405,445,403,-1,403,445,381,-1,403,381,446,-1,446,381,439,-1,20,363,356,-1,356,363,447,-1,356,447,448,-1,448,449,356,-1,356,449,450,-1,356,450,417,-1,451,452,363,-1,363,452,453,-1,363,453,447,-1,441,454,363,-1,363,454,455,-1,363,455,456,-1,457,458,456,-1,456,458,459,-1,456,459,363,-1,363,459,460,-1,363,460,461,-1,461,462,363,-1,363,462,463,-1,363,463,451,-1,169,464,465,-1,465,464,466,-1,311,121,466,-1,466,121,467,-1,466,467,465,-1,418,442,417,-1,417,442,444,-1,417,444,356,-1,356,444,468,-1,356,468,114,-1,296,182,247,-1,247,182,169,-1,247,169,116,-1,116,169,465,-1,116,465,114,-1,114,465,469,-1,114,469,356,-1,470,471,472,-1,473,474,475,-1,476,477,478,-1,479,480,481,-1,482,483,484,-1,485,486,487,-1,488,489,490,-1,491,492,493,-1,494,495,469,-1,496,497,498,-1,499,500,501,-1,501,500,502,-1,496,498,495,-1,495,498,503,-1,495,503,469,-1,504,505,493,-1,493,505,479,-1,493,479,491,-1,491,479,481,-1,12,506,507,-1,508,509,510,-1,12,511,506,-1,506,511,512,-1,506,512,513,-1,467,514,465,-1,465,514,485,-1,465,485,469,-1,469,485,487,-1,469,487,494,-1,494,487,501,-1,494,501,515,-1,515,501,502,-1,515,502,506,-1,478,482,476,-1,476,482,484,-1,476,484,507,-1,507,484,516,-1,507,516,12,-1,12,516,505,-1,12,505,10,-1,10,505,504,-1,10,504,517,-1,513,518,506,-1,506,518,519,-1,506,519,515,-1,520,521,522,-1,523,524,525,-1,526,527,528,-1,490,508,488,-1,488,508,510,-1,488,510,517,-1,517,510,529,-1,517,529,10,-1,10,529,530,-1,472,520,470,-1,470,520,522,-1,470,522,530,-1,530,522,531,-1,530,531,10,-1,10,531,532,-1,533,534,535,-1,535,534,536,-1,537,538,539,-1,539,538,535,-1,539,535,540,-1,540,535,536,-1,540,536,541,-1,541,542,540,-1,540,542,543,-1,540,543,544,-1,533,545,546,-1,475,523,473,-1,473,523,525,-1,473,525,532,-1,532,525,547,-1,532,547,10,-1,10,547,540,-1,10,540,548,-1,548,540,544,-1,528,514,526,-1,526,514,467,-1,526,467,533,-1,533,467,549,-1,533,549,545,-1,546,550,533,-1,533,550,551,-1,533,551,534,-1,
        ]
    }
}
Shape{
    appearance Appearance {
        material  Material 	{
            diffuseColor 0.6470588235294118 0.6196078431372549 0.5882352941176471
            specularColor 0.45098039215686275 0.43529411764705883 0.4117647058823529
            ambientIntensity 0.2
            transparency 0
            shininess 0.5
        }
    }
    geometry IndexedFaceSet {
        ccw TRUE
        solid FALSE
        coord DEF co Coordinate {
            point [
                -3.374 1.9882 2.9938, -3.374 1.9882 2.3622, -3.374 1.5945 2.3622, -3.374 1.9882 0.7874, -3.374 1.9882 0.0787, -3.374 1.5945 0.7874, -3.374 -1.9882 0.0787, -3.374 -1.9882 3.0709, -3.374 1.9882 3.0709, -3.374 1.9882 3.0709
            ]
        }
        coordIndex [
            0,1,2,-1,3,4,5,-1,5,4,6,-1,5,6,2,-1,2,6,7,-1,2,7,0,-1,0,7,8,-1,
        ]
    }
}
Shape{
    appearance Appearance {
        material  Material 	{
            diffuseColor 0.24705882352941178 0.49411764705882355 0.27450980392156865
            specularColor 0.01568627450980392 0.03529411764705882 0.0196078431372549
            ambientIntensity 0.2
            transparency 0
            shininess 0.5
        }
    }
    geometry IndexedFaceSet {
        ccw TRUE
        solid FALSE
        coord DEF co Coordinate {
            point [
                -2.6772 0.7677 2.295, -2.7362 0.7677 2.295, -2.7362 0.7677 2.1764, 2.3228 0.7677 2.295, 2.2638 0.7677 2.295, 2.2638 0.7677 2.1764, 1.3228 0.7677 2.295, 1.2638 0.7677 2.295, 1.2638 0.7677 2.1764, 1.2638 0.7677 1.1637, 1.2638 0.7677 0.7375, 1.5 0.7677 1.1614, 0.3228 0.7677 2.295, 0.2638 0.7677 2.295, 0.2638 0.7677 2.1764, -0.6772 0.7677 2.295, -0.7362 0.7677 2.295, -0.7362 0.7677 2.1764, -1.6772 0.7677 2.295, -1.7362 0.7677 2.295, -1.7362 0.7677 2.1764, -1.7362 0.7677 0.7375, -1.2638 0.7677 0.7375, -1.4134 0.7677 1.1728, -1.2638 0.7677 1.1637, -1.3327 0.7677 1.2063, -1.2634 0.7677 1.2594, -1.2634 0.7677 1.7327, -1.2102 0.7677 1.6634, -1.0 0.7677 1.8597, -1.1768 0.7677 1.5827, -1.0 0.7677 1.1637, -1.1654 0.7677 1.4961, -1.1768 0.7677 1.4095, -1.2102 0.7677 1.3287, -1.5866 0.7677 1.8193, -1.6673 0.7677 1.7859, -1.7362 0.7677 1.8597, -1.7366 0.7677 1.7327, -2.0 0.7677 1.8597, -1.7898 0.7677 1.6634, -1.3327 0.7677 1.7859, -1.2638 0.7677 1.8597, -1.4134 0.7677 1.8193, -1.2638 0.7677 2.1764, -1.5 0.7677 1.8307, -1.5 0.7677 1.1614, -1.5866 0.7677 1.1728, -1.7362 0.7677 1.1637, -1.6673 0.7677 1.2063, -2.0 0.7677 1.1637, -1.7366 0.7677 1.2594, -1.7898 0.7677 1.3287, -1.8232 0.7677 1.4095, -1.8346 0.7677 1.4961, -1.8232 0.7677 1.5827, -1.2638 0.7677 2.295, -1.3228 0.7677 2.295, -1.3228 0.7677 2.5221, -1.6772 0.7677 2.5221, -0.5 0.7677 1.8307, -0.2638 0.7677 1.8597, -0.2638 0.7677 2.1764, -0.2634 0.7677 1.7327, 0.0 0.7677 1.8597, -0.3327 0.7677 1.7859, -0.4134 0.7677 1.8193, -0.2102 0.7677 1.6634, -0.1768 0.7677 1.5827, 0.0 0.7677 1.1637, -0.1654 0.7677 1.4961, -0.1768 0.7677 1.4095, -0.2638 0.7677 1.1637, -0.2102 0.7677 1.3287, -0.2634 0.7677 1.2594, -0.3327 0.7677 1.2063, -0.4134 0.7677 1.1728, -0.2638 0.7677 0.7375, -0.5 0.7677 1.1614, -0.7362 0.7677 0.7375, -0.5866 0.7677 1.1728, -0.7362 0.7677 1.1637, -0.6673 0.7677 1.2063, -0.7366 0.7677 1.2594, -0.7898 0.7677 1.3287, -0.8232 0.7677 1.5827, -0.8346 0.7677 1.4961, -0.8232 0.7677 1.4095, -0.5866 0.7677 1.8193, -0.6673 0.7677 1.7859, -0.7362 0.7677 1.8597, -0.7366 0.7677 1.7327, -0.7898 0.7677 1.6634, -0.2638 0.7677 2.295, -0.3228 0.7677 2.295, -0.3228 0.7677 2.5221, -0.6772 0.7677 2.5221, 0.5 0.7677 1.8307, 0.7362 0.7677 1.8597, 0.7362 0.7677 2.1764, 1.0 0.7677 1.8597, 0.7898 0.7677 1.6634, 0.8232 0.7677 1.5827, 1.0 0.7677 1.1637, 0.5866 0.7677 1.8193, 0.6673 0.7677 1.7859, 0.7366 0.7677 1.7327, 0.8346 0.7677 1.4961, 0.8232 0.7677 1.4095, 0.7362 0.7677 1.1637, 0.7898 0.7677 1.3287, 0.7366 0.7677 1.2594, 0.6673 0.7677 1.2063, 0.5866 0.7677 1.1728, 0.7362 0.7677 0.7375, 0.5 0.7677 1.1614, 0.2638 0.7677 0.7375, 0.4134 0.7677 1.1728, 0.2638 0.7677 1.1637, 0.3327 0.7677 1.2063, 0.2634 0.7677 1.2594, 0.2102 0.7677 1.3287, 0.1768 0.7677 1.4095, 0.1654 0.7677 1.4961, 0.1768 0.7677 1.5827, 0.4134 0.7677 1.8193, 0.3327 0.7677 1.7859, 0.2638 0.7677 1.8597, 0.2634 0.7677 1.7327, 0.2102 0.7677 1.6634, 0.7362 0.7677 2.295, 0.6772 0.7677 2.295, 0.6772 0.7677 2.5221, 0.3228 0.7677 2.5221, 1.6673 0.7677 1.2063, 1.5866 0.7677 1.1728, 1.7362 0.7677 1.1637, 1.7366 0.7677 1.2594, 1.5 0.7677 1.8307, 1.7362 0.7677 1.8597, 1.7362 0.7677 2.1764, 1.7362 0.7677 0.7375, 1.7898 0.7677 1.6634, 1.8232 0.7677 1.5827, 2.0 0.7677 1.8597, 2.0 0.7677 1.1637, 1.5866 0.7677 1.8193, 1.6673 0.7677 1.7859, 1.7366 0.7677 1.7327, 1.8346 0.7677 1.4961, 1.8232 0.7677 1.4095, 1.7898 0.7677 1.3287, 1.1768 0.7677 1.5827, 1.1654 0.7677 1.4961, 1.1768 0.7677 1.4095, 1.2102 0.7677 1.3287, 1.4134 0.7677 1.8193, 1.3327 0.7677 1.7859, 1.2638 0.7677 1.8597, 1.2634 0.7677 1.7327, 1.2102 0.7677 1.6634, 1.4134 0.7677 1.1728, 1.3327 0.7677 1.2063, 1.2634 0.7677 1.2594, 1.7362 0.7677 2.295, 1.6772 0.7677 2.295, 1.6772 0.7677 2.5221, 1.3228 0.7677 2.5221, 2.5 0.7677 1.8307, 2.7362 0.7677 1.8597, 2.7362 0.7677 2.1764, 2.7898 0.7677 1.6634, 2.8232 0.7677 1.5827, 3.0 0.7677 1.8597, 3.0 0.7677 1.1637, 2.5866 0.7677 1.8193, 2.6673 0.7677 1.7859, 2.7366 0.7677 1.7327, 2.8346 0.7677 1.4961, 2.8232 0.7677 1.4095, 2.7362 0.7677 1.1637, 2.7898 0.7677 1.3287, 2.7366 0.7677 1.2594, 2.4134 0.7677 1.8193, 2.3327 0.7677 1.7859, 2.2638 0.7677 1.8597, 2.2634 0.7677 1.7327, 2.2102 0.7677 1.6634, 2.6673 0.7677 1.2063, 2.5866 0.7677 1.1728, 2.7362 0.7677 0.7375, 2.5 0.7677 1.1614, 2.2638 0.7677 0.7375, 2.4134 0.7677 1.1728, 2.2638 0.7677 1.1637, 2.3327 0.7677 1.2063, 2.2634 0.7677 1.2594, 2.2102 0.7677 1.3287, 2.1768 0.7677 1.4095, 2.1654 0.7677 1.4961, 2.1768 0.7677 1.5827, 2.7362 0.7677 2.295, 2.6772 0.7677 2.295, 2.6772 0.7677 2.5221, 2.3228 0.7677 2.5221, -2.5 0.7677 1.8307, -2.2638 0.7677 1.8597, -2.2638 0.7677 2.1764, -2.2638 0.7677 0.7375, -2.5 0.7677 1.1614, -2.7362 0.7677 0.7375, -2.5866 0.7677 1.1728, -2.7362 0.7677 1.1637, -2.6673 0.7677 1.2063, -2.9173 0.7677 1.1637, -2.4134 0.7677 1.8193, -2.3327 0.7677 1.7859, -2.2634 0.7677 1.7327, -2.5866 0.7677 1.8193, -2.6673 0.7677 1.7859, -2.7362 0.7677 1.8597, -2.7366 0.7677 1.7327, -2.9173 0.7677 1.8597, -2.2102 0.7677 1.6634, -2.1768 0.7677 1.5827, -2.1654 0.7677 1.4961, -2.1768 0.7677 1.4095, -2.7366 0.7677 1.2594, -2.7898 0.7677 1.3287, -2.8232 0.7677 1.4095, -2.8346 0.7677 1.4961, -2.8232 0.7677 1.5827, -2.7898 0.7677 1.6634, -2.2102 0.7677 1.3287, -2.2634 0.7677 1.2594, -2.2638 0.7677 1.1637, -2.3327 0.7677 1.2063, -2.4134 0.7677 1.1728, -3.0 0.7677 1.1637, -3.0 0.7677 1.8597, -2.2638 0.7677 2.295, -2.3228 0.7677 2.295, -2.3228 0.7677 2.5221, -2.6772 0.7677 2.5221, -2.2638 0.3324 2.295, -1.7362 0.3324 2.295, -1.6772 -1.9882 2.295, -2.3228 -1.9882 2.295, -2.7362 0.3324 0.7375, -3.0 0.3324 0.7375, -3.0 -1.7913 0.7375, -2.5 0.374 0.7375, -2.2638 0.374 0.7375, -2.5 -1.7913 0.7375, -3.0 -1.7913 2.295, -3.0 0.3324 2.295, -2.7362 0.3324 2.295, -3.1969 -1.9882 2.295, -2.6772 -1.9882 2.295, -2.6772 -1.9882 2.5221, -2.8934 -1.9882 2.5221, -2.3228 -1.9882 2.5221, -2.1066 -1.9882 2.5221, -2.1066 1.9882 2.5221, -2.8934 1.9882 2.5221, -2.8934 1.9882 2.8379, -2.8934 -1.9882 2.8379, -2.1066 1.9882 2.8379, -2.1066 -1.9882 2.8379, -2.815 1.2008 0.0, -2.815 1.2008 2.3622, -2.6112 1.2008 0.0, -2.185 1.2008 2.3622, -2.185 1.2008 0.0, -2.815 1.9882 2.3622, -2.185 1.9882 2.3622, -2.815 1.9882 0.0, -2.185 1.9882 0.0, -2.4134 0.6102 1.8193, -2.3327 0.6102 1.7859, -2.2634 0.6102 1.7327, -2.2102 0.6102 1.6634, -2.1768 0.6102 1.5827, -2.1654 0.6102 1.4961, -2.1768 0.6102 1.4095, -2.2102 0.6102 1.3287, -2.2634 0.6102 1.2594, -2.3327 0.6102 1.2063, -2.4134 0.6102 1.1728, -2.5 0.6102 1.1614, -2.5866 0.6102 1.1728, -2.6673 0.6102 1.2063, -2.7366 0.6102 1.2594, -2.7898 0.6102 1.3287, -2.8232 0.6102 1.4095, -2.8346 0.6102 1.4961, -2.8232 0.6102 1.5827, -2.7898 0.6102 1.6634, -2.7366 0.6102 1.7327, -2.6673 0.6102 1.7859, -2.5866 0.6102 1.8193, -2.5 0.6102 1.8307, -2.5 0.6102 1.4961, -2.2638 0.3324 0.7375, -2.2638 0.3324 1.1637, -1.7362 0.3324 1.1637, -1.7362 0.3324 0.7375, -2.0 0.3324 0.7375, -2.7362 0.3324 1.1637, -3.0 0.3324 1.1637, -2.7362 0.3324 1.8597, -3.0 0.3324 1.8597, -2.2638 0.3324 1.8597, -1.7362 0.3324 1.8597, -2.0 0.374 0.7375, -2.5 -1.9882 0.5407, -2.5 -1.9882 0.2375, -2.5 0.374 0.2375, -2.0 0.374 0.2375, -2.0 -1.9882 0.2375, -1.2638 0.3324 2.295, -0.7362 0.3324 2.295, -0.6772 -1.9882 2.295, -1.3228 -1.9882 2.295, -2.0 -1.7913 0.7375, 2.5 0.374 0.7375, 2.7362 0.374 0.7375, 0.7362 0.3324 0.7375, 2.2638 0.3324 0.7375, 2.5 -1.7913 0.7375, 1.7362 0.3324 0.7375, 1.2638 0.3324 0.7375, 0.2638 0.3324 0.7375, -0.2638 0.3324 0.7375, -0.7362 0.3324 0.7375, -1.2638 0.3324 0.7375, -2.0 -1.9882 0.5407, -1.6772 -1.9882 2.5221, -1.8934 -1.9882 2.5221, -1.3228 -1.9882 2.5221, -1.1066 -1.9882 2.5221, -1.1066 1.9882 2.5221, -1.8934 1.9882 2.5221, -1.8934 1.9882 2.8379, -1.8934 -1.9882 2.8379, -1.1066 1.9882 2.8379, -1.1066 -1.9882 2.8379, -1.815 1.2008 0.0, -1.815 1.2008 2.3622, -1.185 1.2008 0.0, -1.185 1.2008 2.3622, -1.815 1.9882 2.3622, -1.185 1.9882 2.3622, -1.815 1.9882 0.0, -1.185 1.9882 0.0, -1.4134 0.6102 1.8193, -1.3327 0.6102 1.7859, -1.2634 0.6102 1.7327, -1.2102 0.6102 1.6634, -1.1768 0.6102 1.5827, -1.1654 0.6102 1.4961, -1.1768 0.6102 1.4095, -1.2102 0.6102 1.3287, -1.2634 0.6102 1.2594, -1.3327 0.6102 1.2063, -1.4134 0.6102 1.1728, -1.5 0.6102 1.1614, -1.5866 0.6102 1.1728, -1.6673 0.6102 1.2063, -1.7366 0.6102 1.2594, -1.7898 0.6102 1.3287, -1.8232 0.6102 1.4095, -1.8346 0.6102 1.4961, -1.8232 0.6102 1.5827, -1.7898 0.6102 1.6634, -1.7366 0.6102 1.7327, -1.6673 0.6102 1.7859, -1.5866 0.6102 1.8193, -1.5 0.6102 1.8307, -1.5 0.6102 1.4961, -1.2638 0.3324 1.1637, -0.7362 0.3324 1.1637, -1.2638 0.3324 1.8597, -0.7362 0.3324 1.8597, 3.374 1.9882 2.9938, 3.374 1.9882 3.0709, 3.374 -1.9882 3.0709, 3.374 1.9882 0.0787, 3.374 1.9882 0.7874, 3.374 1.5945 0.7874, 3.374 1.9882 2.3622, 3.374 1.5945 2.3622, 3.374 -1.9882 0.0787, 3.0 -1.7913 2.295, 3.0 0.3324 2.295, 3.0 -1.7913 0.2375, 3.0 0.3324 1.8597, 3.0 0.374 0.7375, 3.0 0.374 0.2375, 3.0 0.3324 0.7375, 3.0 0.3324 1.1637, -0.2638 0.3324 2.295, 0.2638 0.3324 2.295, 0.3228 -1.9882 2.295, -0.3228 -1.9882 2.295, -0.6772 -1.9882 2.5221, -0.8934 -1.9882 2.5221, -0.3228 -1.9882 2.5221, -0.1066 -1.9882 2.5221, -0.1066 1.9882 2.5221, -0.8934 1.9882 2.5221, -0.8934 1.9882 2.8379, -0.8934 -1.9882 2.8379, -0.1066 1.9882 2.8379, -0.1066 -1.9882 2.8379, -0.815 1.2008 0.0, -0.815 1.2008 2.3622, -0.185 1.2008 0.0, -0.185 1.2008 2.3622, -0.815 1.9882 2.3622, -0.185 1.9882 2.3622, -0.815 1.9882 0.0, -0.185 1.9882 0.0, -0.4134 0.6102 1.8193, -0.3327 0.6102 1.7859, -0.2634 0.6102 1.7327, -0.2102 0.6102 1.6634, -0.1768 0.6102 1.5827, -0.1654 0.6102 1.4961, -0.1768 0.6102 1.4095, -0.2102 0.6102 1.3287, -0.2634 0.6102 1.2594, -0.3327 0.6102 1.2063, -0.4134 0.6102 1.1728, -0.5 0.6102 1.1614, -0.5866 0.6102 1.1728, -0.6673 0.6102 1.2063, -0.7366 0.6102 1.2594, -0.7898 0.6102 1.3287, -0.8232 0.6102 1.4095, -0.8346 0.6102 1.4961, -0.8232 0.6102 1.5827, -0.7898 0.6102 1.6634, -0.7366 0.6102 1.7327, -0.6673 0.6102 1.7859, -0.5866 0.6102 1.8193, -0.5 0.6102 1.8307, -0.5 0.6102 1.4961, -0.2638 0.3324 1.1637, 0.2638 0.3324 1.1637, -0.2638 0.3324 1.8597, 0.2638 0.3324 1.8597, 0.7362 0.3324 2.295, 1.2638 0.3324 2.295, 1.3228 -1.9882 2.295, 0.6772 -1.9882 2.295, 0.3228 -1.9882 2.5221, 0.1066 -1.9882 2.5221, 0.6772 -1.9882 2.5221, 0.8934 -1.9882 2.5221, 0.8934 1.9882 2.5221, 0.1066 1.9882 2.5221, 0.1066 1.9882 2.8379, 0.1066 -1.9882 2.8379, 0.8934 1.9882 2.8379, 0.8934 -1.9882 2.8379, 0.185 1.2008 0.0, 0.185 1.2008 2.3622, 0.815 1.2008 0.0, 0.815 1.2008 2.3622, 0.185 1.9882 2.3622, 0.815 1.9882 2.3622, 0.185 1.9882 0.0, 0.815 1.9882 0.0, 0.5866 0.6102 1.8193, 0.6673 0.6102 1.7859, 0.7366 0.6102 1.7327, 0.7898 0.6102 1.6634, 0.8232 0.6102 1.5827, 0.8346 0.6102 1.4961, 0.8232 0.6102 1.4095, 0.7898 0.6102 1.3287, 0.7366 0.6102 1.2594, 0.6673 0.6102 1.2063, 0.5866 0.6102 1.1728, 0.5 0.6102 1.1614, 0.4134 0.6102 1.1728, 0.3327 0.6102 1.2063, 0.2634 0.6102 1.2594, 0.2102 0.6102 1.3287, 0.1768 0.6102 1.4095, 0.1654 0.6102 1.4961, 0.1768 0.6102 1.5827, 0.2102 0.6102 1.6634, 0.2634 0.6102 1.7327, 0.3327 0.6102 1.7859, 0.4134 0.6102 1.8193, 0.5 0.6102 1.8307, 0.5 0.6102 1.4961, 0.7362 0.3324 1.1637, 1.2638 0.3324 1.1637, 0.7362 0.3324 1.8597, 1.2638 0.3324 1.8597, 1.7362 0.3324 2.295, 2.2638 0.3324 2.295, 2.3228 -1.9882 2.295, 1.6772 -1.9882 2.295, 1.3228 -1.9882 2.5221, 1.1066 -1.9882 2.5221, 1.6772 -1.9882 2.5221, 1.8934 -1.9882 2.5221, 1.8934 1.9882 2.5221, 1.1066 1.9882 2.5221, 1.1066 1.9882 2.8379, 1.1066 -1.9882 2.8379, 1.8934 1.9882 2.8379, 1.8934 -1.9882 2.8379, 1.185 1.2008 0.0, 1.185 1.2008 2.3622, 1.815 1.2008 0.0, 1.815 1.2008 2.3622, 1.185 1.9882 2.3622, 1.815 1.9882 2.3622, 1.185 1.9882 0.0, 1.815 1.9882 0.0, 1.5866 0.6102 1.8193, 1.6673 0.6102 1.7859, 1.7366 0.6102 1.7327, 1.7898 0.6102 1.6634, 1.8232 0.6102 1.5827, 1.8346 0.6102 1.4961, 1.8232 0.6102 1.4095, 1.7898 0.6102 1.3287, 1.7366 0.6102 1.2594, 1.6673 0.6102 1.2063, 1.5866 0.6102 1.1728, 1.5 0.6102 1.1614, 1.4134 0.6102 1.1728, 1.3327 0.6102 1.2063, 1.2634 0.6102 1.2594, 1.2102 0.6102 1.3287, 1.1768 0.6102 1.4095, 1.1654 0.6102 1.4961, 1.1768 0.6102 1.5827, 1.2102 0.6102 1.6634, 1.2634 0.6102 1.7327, 1.3327 0.6102 1.7859, 1.4134 0.6102 1.8193, 1.5 0.6102 1.8307, 1.5 0.6102 1.4961, 1.7362 0.3324 1.1637, 2.2638 0.3324 1.1637, 1.7362 0.3324 1.8597, 2.2638 0.3324 1.8597, 3.1969 -1.9882 2.295, 2.6772 -1.9882 2.295, 2.7362 0.3324 2.295, 2.3228 -1.9882 2.5221, 2.1066 -1.9882 2.5221, 2.6772 -1.9882 2.5221, 2.8934 -1.9882 2.5221, 2.8934 1.9882 2.5221, 2.1066 1.9882 2.5221, 2.1066 1.9882 2.8379, 2.1066 -1.9882 2.8379, 2.8934 1.9882 2.8379, 2.8934 -1.9882 2.8379, 2.185 1.2008 0.0, 2.185 1.2008 2.3622, 2.815 1.2008 0.0, 2.815 1.2008 2.3622, 2.185 1.9882 2.3622, 2.815 1.9882 2.3622, 2.185 1.9882 0.0, 2.815 1.9882 0.0, 2.5866 0.6102 1.8193, 2.6673 0.6102 1.7859, 2.7366 0.6102 1.7327, 2.7898 0.6102 1.6634, 2.8232 0.6102 1.5827, 2.8346 0.6102 1.4961, 2.8232 0.6102 1.4095, 2.7898 0.6102 1.3287, 2.7366 0.6102 1.2594, 2.6673 0.6102 1.2063, 2.5866 0.6102 1.1728, 2.5 0.6102 1.1614, 2.4134 0.6102 1.1728, 2.3327 0.6102 1.2063, 2.2634 0.6102 1.2594, 2.2102 0.6102 1.3287, 2.1768 0.6102 1.4095, 2.1654 0.6102 1.4961, 2.1768 0.6102 1.5827, 2.2102 0.6102 1.6634, 2.2634 0.6102 1.7327, 2.3327 0.6102 1.7859, 2.4134 0.6102 1.8193, 2.5 0.6102 1.8307, 2.5 0.6102 1.4961, 2.7362 0.3324 0.7375, 2.7362 0.3324 1.1637, 2.7362 0.3324 1.8597, 2.5 0.374 0.2375, 2.5 -1.9882 0.2375, 3.1969 -1.9882 0.2375, 2.5 -1.9882 0.5407, -3.1969 -1.9882 0.5407, -3.1378 1.5945 0.7874, -3.1378 1.9882 0.7874, -3.374 1.5945 0.7874, -3.374 1.9882 0.7874, -3.1378 1.9882 2.3622, -3.1378 1.5945 2.3622, -3.374 1.9882 2.3622, -3.374 1.5945 2.3622, 3.1378 1.5945 0.7874, 3.1378 1.5945 2.3622, 3.1378 1.9882 2.3622, 3.1378 1.9882 0.7874, 3.2953 -0.816 0.0, 3.2953 1.9882 0.0, 3.3157 1.9882 0.0027, 3.3157 -1.9882 0.0027, 3.2953 -1.9882 0.0, 3.3346 1.9882 0.0105, 3.3346 -1.9882 0.0105, 3.351 1.9882 0.0231, 3.351 -1.9882 0.0231, 3.3635 1.9882 0.0394, 3.3635 -1.9882 0.0394, 3.3713 1.9882 0.0584, 3.3713 -1.9882 0.0584, 3.2953 1.9882 3.1496, 3.2953 -1.9882 3.1496, 3.3157 -1.9882 3.1469, 3.3157 1.9882 3.1469, 3.3346 -1.9882 3.1391, 3.3346 1.9882 3.1391, 3.351 -1.9882 3.1265, 3.351 1.9882 3.1265, 3.3635 -1.9882 3.1102, 3.3635 1.9882 3.1102, 3.3713 -1.9882 3.0912, 3.3713 1.9882 3.0912, -3.2953 -0.816 0.0, -3.2953 -1.9882 0.0, -3.3157 -1.9882 0.0027, -3.3157 1.9882 0.0027, -3.2953 1.9882 0.0, -3.3346 -1.9882 0.0105, -3.3346 1.9882 0.0105, -3.351 -1.9882 0.0231, -3.351 1.9882 0.0231, -3.3635 -1.9882 0.0394, -3.3635 1.9882 0.0394, -3.3713 -1.9882 0.0584, -3.3713 1.9882 0.0584, -3.374 -1.9882 0.0787, -3.374 1.9882 0.0787, -3.2953 -1.9882 3.1496, -3.2953 1.9882 3.1496, -3.3157 1.9882 3.1469, -3.3157 -1.9882 3.1469, -3.3346 1.9882 3.1391, -3.3346 -1.9882 3.1391, -3.351 1.9882 3.1265, -3.351 -1.9882 3.1265, -3.3635 1.9882 3.1102, -3.3635 -1.9882 3.1102, -3.3713 1.9882 3.0912, -3.3713 -1.9882 3.0912, -3.374 1.9882 3.0709, -3.374 -1.9882 3.0709, -2.1599 -0.4933 0.0039, -2.1599 -0.4933 0.0, -2.1417 -0.5776 0.0039, -2.1417 -0.5776 0.0, -2.1684 -0.4502 0.0039, -2.1684 -0.4502 0.0, -2.1718 -0.4366 0.0039, -2.1718 -0.4366 0.0, -2.1725 -0.4347 0.0039, -2.1725 -0.4347 0.0, -2.1732 -0.4333 0.0039, -2.1732 -0.4333 0.0, -2.1738 -0.4324 0.0039, -2.1738 -0.4324 0.0, -2.1743 -0.4318 0.0039, -2.1743 -0.4318 0.0, -2.1748 -0.4314 0.0039, -2.1748 -0.4314 0.0, -2.1753 -0.4312 0.0039, -2.1753 -0.4312 0.0, -2.1757 -0.4312 0.0039, -2.1757 -0.4312 0.0, -2.1761 -0.4312 0.0039, -2.1761 -0.4312 0.0, -2.1765 -0.4314 0.0039, -2.1765 -0.4314 0.0, -2.1769 -0.4316 0.0039, -2.1769 -0.4316 0.0, -2.1773 -0.432 0.0039, -2.1773 -0.432 0.0, -2.1776 -0.4326 0.0039, -2.1776 -0.4326 0.0, -2.178 -0.434 0.0039, -2.178 -0.434 0.0, -2.179 -0.4411 0.0039, -2.179 -0.4411 0.0, -2.1797 -0.4479 0.0039, -2.1797 -0.4479 0.0, -2.1825 -0.4717 0.0039, -2.1825 -0.4717 0.0, -2.1833 -0.4827 0.0039, -2.1833 -0.4827 0.0, -2.183 -0.4879 0.0039, -2.183 -0.4879 0.0, -2.182 -0.4911 0.0039, -2.182 -0.4911 0.0, -2.1808 -0.4933 0.0039, -2.1808 -0.4933 0.0, -2.178 -0.4984 0.0039, -2.178 -0.4984 0.0, -2.1706 -0.5231 0.0039, -2.1706 -0.5231 0.0, -2.1644 -0.5482 0.0039, -2.1644 -0.5482 0.0, -2.1066 -0.816 0.0, -2.1061 -0.8182 0.0039, -2.1061 -0.8182 0.0, -2.0982 -0.8182 0.0039, -2.0982 -0.8182 0.0, -2.0433 -0.5754 0.0039, -2.0433 -0.5754 0.0, -2.0977 -0.816 0.0, -2.0365 -0.547 0.0039, -2.0365 -0.547 0.0, -2.0334 -0.5336 0.0039, -2.0334 -0.5336 0.0, -2.0297 -0.5204 0.0039, -2.0297 -0.5204 0.0, -2.0257 -0.5097 0.0039, -2.0257 -0.5097 0.0, -2.0221 -0.4996 0.0039, -2.0221 -0.4996 0.0, -2.0197 -0.496 0.0039, -2.0197 -0.496 0.0, -2.018 -0.4939 0.0039, -2.018 -0.4939 0.0, -2.0173 -0.493 0.0039, -2.0173 -0.493 0.0, -2.017 -0.4924 0.0039, -2.017 -0.4924 0.0, -2.0168 -0.4918 0.0039, -2.0168 -0.4918 0.0, -2.0169 -0.4897 0.0039, -2.0169 -0.4897 0.0, -2.0177 -0.4764 0.0039, -2.0177 -0.4764 0.0, -2.0177 -0.4762 0.0039, -2.0177 -0.4762 0.0, -2.02 -0.4508 0.0039, -2.02 -0.4508 0.0, -2.0212 -0.4412 0.0039, -2.0212 -0.4412 0.0, -2.0214 -0.4382 0.0039, -2.0214 -0.4382 0.0, -2.0217 -0.4361 0.0039, -2.0217 -0.4361 0.0, -2.022 -0.4346 0.0039, -2.022 -0.4346 0.0, -2.0222 -0.4337 0.0039, -2.0222 -0.4337 0.0, -2.0225 -0.4331 0.0039, -2.0225 -0.4331 0.0, -2.0228 -0.4327 0.0039, -2.0228 -0.4327 0.0, -2.0232 -0.4324 0.0039, -2.0232 -0.4324 0.0, -2.0236 -0.4321 0.0039, -2.0236 -0.4321 0.0, -2.024 -0.432 0.0039, -2.024 -0.432 0.0, -2.0244 -0.432 0.0039, -2.0244 -0.432 0.0, -2.025 -0.4321 0.0039, -2.025 -0.4321 0.0, -2.0256 -0.4325 0.0039, -2.0256 -0.4325 0.0, -2.026 -0.4329 0.0039, -2.026 -0.4329 0.0, -2.0265 -0.4335 0.0039, -2.0265 -0.4335 0.0, -2.027 -0.4345 0.0039, -2.027 -0.4345 0.0, -2.0274 -0.436 0.0039, -2.0274 -0.436 0.0, -2.0313 -0.4587 0.0039, -2.0313 -0.4587 0.0, -2.0647 -0.5963 0.0039, -2.0647 -0.5963 0.0, -2.1021 -0.7639 0.0039, -2.139 -0.5974 0.0039, -2.0659 -0.6048 0.0039, -2.0812 -0.6195 0.0039, -2.0953 -0.6099 0.0039, -2.1001 -0.6073 0.0039, -2.1167 -0.6021 0.0039, -2.139 -0.5974 0.0, -2.1021 -0.7639 0.0, -2.1167 -0.6021 0.0, -2.1001 -0.6073 0.0, -2.0953 -0.6099 0.0, -2.0812 -0.6195 0.0, -2.0659 -0.6048 0.0, -2.3871 -0.7826 0.0039, -2.3871 -0.7826 0.0, -2.377 -0.7741 0.0039, -2.377 -0.7741 0.0, -2.3896 -0.7846 0.0039, -2.3896 -0.7846 0.0, -2.3911 -0.7865 0.0039, -2.3911 -0.7865 0.0, -2.3921 -0.7886 0.0039, -2.3921 -0.7886 0.0, -2.3924 -0.79 0.0039, -2.3924 -0.79 0.0, -2.3924 -0.7913 0.0039, -2.3924 -0.7913 0.0, -2.392 -0.7927 0.0039, -2.392 -0.7927 0.0, -2.3915 -0.7937 0.0039, -2.3915 -0.7937 0.0, -2.3907 -0.7945 0.0039, -2.3907 -0.7945 0.0, -2.39 -0.7951 0.0039, -2.39 -0.7951 0.0, -2.3797 -0.7933 0.0039, -2.3797 -0.7933 0.0, -2.3679 -0.7933 0.0039, -2.3679 -0.7933 0.0, -2.3631 -0.7942 0.0039, -2.3631 -0.7942 0.0, -2.3583 -0.7951 0.0039, -2.3583 -0.7951 0.0, -2.3464 -0.7962 0.0039, -2.3464 -0.7962 0.0, -2.3249 -0.8024 0.0039, -2.3249 -0.8024 0.0, -2.3125 -0.8048 0.0039, -2.3125 -0.8048 0.0, -2.3 -0.8058 0.0039, -2.3 -0.8058 0.0, -2.2823 -0.8047 0.0039, -2.2823 -0.8047 0.0, -2.2696 -0.8016 0.0039, -2.2696 -0.8016 0.0, -2.2592 -0.7962 0.0039, -2.2592 -0.7962 0.0, -2.2499 -0.7879 0.0039, -2.2499 -0.7879 0.0, -2.2408 -0.7748 0.0039, -2.2408 -0.7748 0.0, -2.232 -0.7518 0.0039, -2.232 -0.7518 0.0, -2.2238 -0.6884 0.0039, -2.2238 -0.6884 0.0, -2.2212 -0.6099 0.0039, -2.2212 -0.6099 0.0, -2.2269 -0.543 0.0039, -2.2269 -0.543 0.0, -2.2377 -0.5056 0.0039, -2.2377 -0.5056 0.0, -2.2495 -0.4846 0.0039, -2.2495 -0.4846 0.0, -2.2593 -0.4728 0.0039, -2.2593 -0.4728 0.0, -2.2703 -0.4648 0.0039, -2.2703 -0.4648 0.0, -2.2809 -0.4605 0.0039, -2.2809 -0.4605 0.0, -2.322 -0.4542 0.0039, -2.322 -0.4542 0.0, -2.3469 -0.4513 0.0039, -2.3469 -0.4513 0.0, -2.3562 -0.4488 0.0039, -2.3562 -0.4488 0.0, -2.3621 -0.4452 0.0039, -2.3621 -0.4452 0.0, -2.364 -0.4442 0.0039, -2.364 -0.4442 0.0, -2.3645 -0.444 0.0039, -2.3645 -0.444 0.0, -2.366 -0.4441 0.0039, -2.366 -0.4441 0.0, -2.3671 -0.4446 0.0039, -2.3671 -0.4446 0.0, -2.3708 -0.4472 0.0039, -2.3708 -0.4472 0.0, -2.3789 -0.4547 0.0039, -2.3789 -0.4547 0.0, -2.3815 -0.4576 0.0039, -2.3815 -0.4576 0.0, -2.3883 -0.4649 0.0039, -2.3883 -0.4649 0.0, -2.3897 -0.4664 0.0039, -2.3897 -0.4664 0.0, -2.3907 -0.4676 0.0039, -2.3907 -0.4676 0.0, -2.3913 -0.4686 0.0039, -2.3913 -0.4686 0.0, -2.3917 -0.4693 0.0039, -2.3917 -0.4693 0.0, -2.3919 -0.4699 0.0039, -2.3919 -0.4699 0.0, -2.3919 -0.4705 0.0039, -2.3919 -0.4705 0.0, -2.3918 -0.4713 0.0039, -2.3918 -0.4713 0.0, -2.3913 -0.4724 0.0039, -2.3913 -0.4724 0.0, -2.391 -0.4729 0.0039, -2.391 -0.4729 0.0, -2.3908 -0.4731 0.0039, -2.3908 -0.4731 0.0, -2.3904 -0.4734 0.0039, -2.3904 -0.4734 0.0, -2.3899 -0.4735 0.0039, -2.3899 -0.4735 0.0, -2.3885 -0.4736 0.0039, -2.3885 -0.4736 0.0, -2.3865 -0.4735 0.0039, -2.3865 -0.4735 0.0, -2.3786 -0.4735 0.0039, -2.3786 -0.4735 0.0, -2.3696 -0.4735 0.0039, -2.3696 -0.4735 0.0, -2.3696 -0.7702 0.0039, -2.3696 -0.7702 0.0, -2.3734 -0.7719 0.0039, -2.3734 -0.7719 0.0, -2.3537 -0.7741 0.0039, -2.3537 -0.4745 0.0039, -2.2812 -0.4829 0.0039, -2.2938 -0.4797 0.0039, -2.3113 -0.4774 0.0039, -2.3362 -0.4745 0.0039, -2.272 -0.4869 0.0039, -2.345 -0.4742 0.0039, -2.343 -0.7786 0.0039, -2.3189 -0.7842 0.0039, -2.2943 -0.786 0.0039, -2.2793 -0.7831 0.0039, -2.2384 -0.5763 0.0039, -2.2474 -0.526 0.0039, -2.2586 -0.5008 0.0039, -2.2652 -0.4924 0.0039, -2.2684 -0.7789 0.0039, -2.2617 -0.774 0.0039, -2.2549 -0.7658 0.0039, -2.2486 -0.7537 0.0039, -2.2437 -0.7367 0.0039, -2.237 -0.6597 0.0039, -2.3113 -0.4774 0.0, -2.3362 -0.4745 0.0, -2.2938 -0.4797 0.0, -2.2812 -0.4829 0.0, -2.272 -0.4869 0.0, -2.2652 -0.4924 0.0, -2.2586 -0.5008 0.0, -2.2474 -0.526 0.0, -2.2384 -0.5763 0.0, -2.237 -0.6597 0.0, -2.2437 -0.7367 0.0, -2.2486 -0.7537 0.0, -2.2549 -0.7658 0.0, -2.2617 -0.774 0.0, -2.2684 -0.7789 0.0, -2.2793 -0.7831 0.0, -2.2943 -0.786 0.0, -2.3189 -0.7842 0.0, -2.343 -0.7786 0.0, -2.3537 -0.7741 0.0, -2.3537 -0.4745 0.0, -2.345 -0.4742 0.0, -2.5096 -0.6529 0.0039, -2.5096 -0.6529 0.0, -2.5572 -0.6467 0.0039, -2.5572 -0.6467 0.0, -2.49 -0.6569 0.0039, -2.49 -0.6569 0.0, -2.4774 -0.6613 0.0039, -2.4774 -0.6613 0.0, -2.4717 -0.6648 0.0039, -2.4717 -0.6648 0.0, -2.4666 -0.6677 0.0039, -2.4666 -0.6677 0.0, -2.4501 -0.6512 0.0039, -2.4501 -0.6512 0.0, -2.449 -0.6497 0.0039, -2.449 -0.6497 0.0, -2.4482 -0.6484 0.0039, -2.4482 -0.6484 0.0, -2.4478 -0.6472 0.0039, -2.4478 -0.6472 0.0, -2.4476 -0.6463 0.0039, -2.4476 -0.6463 0.0, -2.4477 -0.6455 0.0039, -2.4477 -0.6455 0.0, -2.448 -0.6445 0.0039, -2.448 -0.6445 0.0, -2.4487 -0.6434 0.0039, -2.4487 -0.6434 0.0, -2.4495 -0.6426 0.0039, -2.4495 -0.6426 0.0, -2.4505 -0.642 0.0039, -2.4505 -0.642 0.0, -2.4516 -0.6417 0.0039, -2.4516 -0.6417 0.0, -2.453 -0.6416 0.0039, -2.453 -0.6416 0.0, -2.5572 -0.6269 0.0039, -2.5572 -0.6269 0.0, -2.5572 -0.4735 0.0039, -2.5572 -0.4735 0.0, -2.4728 -0.4853 0.0039, -2.4728 -0.4853 0.0, -2.4646 -0.4874 0.0039, -2.4646 -0.4874 0.0, -2.4569 -0.491 0.0039, -2.4569 -0.491 0.0, -2.4519 -0.4938 0.0039, -2.4519 -0.4938 0.0, -2.436 -0.4762 0.0039, -2.436 -0.4762 0.0, -2.4343 -0.4738 0.0039, -2.4343 -0.4738 0.0, -2.4338 -0.4725 0.0039, -2.4338 -0.4725 0.0, -2.4336 -0.4716 0.0039, -2.4336 -0.4716 0.0, -2.4337 -0.4708 0.0039, -2.4337 -0.4708 0.0, -2.434 -0.4698 0.0039, -2.434 -0.4698 0.0, -2.4346 -0.4688 0.0039, -2.4346 -0.4688 0.0, -2.435 -0.4682 0.0039, -2.435 -0.4682 0.0, -2.4354 -0.4679 0.0039, -2.4354 -0.4679 0.0, -2.436 -0.4676 0.0039, -2.436 -0.4676 0.0, -2.4361 -0.4676 0.0039, -2.4361 -0.4676 0.0, -2.4376 -0.4673 0.0039, -2.4376 -0.4673 0.0, -2.4394 -0.4672 0.0039, -2.4394 -0.4672 0.0, -2.4479 -0.4667 0.0039, -2.4479 -0.4667 0.0, -2.4907 -0.4614 0.0039, -2.4907 -0.4614 0.0, -2.5334 -0.4547 0.0039, -2.5334 -0.4547 0.0, -2.5594 -0.4502 0.0039, -2.5594 -0.4502 0.0, -2.5657 -0.4479 0.0039, -2.5657 -0.4479 0.0, -2.5697 -0.4469 0.0039, -2.5697 -0.4469 0.0, -2.5726 -0.4468 0.0039, -2.5726 -0.4468 0.0, -2.5741 -0.4471 0.0039, -2.5741 -0.4471 0.0, -2.5754 -0.4476 0.0039, -2.5754 -0.4476 0.0, -2.5768 -0.4487 0.0039, -2.5768 -0.4487 0.0, -2.578 -0.4502 0.0039, -2.578 -0.4502 0.0, -2.5786 -0.4514 0.0039, -2.5786 -0.4514 0.0, -2.579 -0.4537 0.0039, -2.579 -0.4537 0.0, -2.5789 -0.4569 0.0039, -2.5789 -0.4569 0.0, -2.5787 -0.4581 0.0039, -2.5787 -0.4581 0.0, -2.5751 -0.4724 0.0039, -2.5751 -0.4724 0.0, -2.5736 -0.487 0.0039, -2.5736 -0.487 0.0, -2.5736 -0.4978 0.0039, -2.5736 -0.4978 0.0, -2.5733 -0.5049 0.0039, -2.5733 -0.5049 0.0, -2.573 -0.512 0.0039, -2.573 -0.512 0.0, -2.5736 -0.7713 0.0039, -2.5736 -0.7713 0.0, -2.58 -0.7788 0.0039, -2.58 -0.7788 0.0, -2.5838 -0.7835 0.0039, -2.5838 -0.7835 0.0, -2.5861 -0.7868 0.0039, -2.5861 -0.7868 0.0, -2.587 -0.7888 0.0039, -2.587 -0.7888 0.0, -2.5875 -0.7915 0.0039, -2.5875 -0.7915 0.0, -2.5876 -0.7932 0.0039, -2.5876 -0.7932 0.0, -2.5876 -0.7945 0.0039, -2.5876 -0.7945 0.0, -2.5875 -0.795 0.0039, -2.5875 -0.795 0.0, -2.5873 -0.7954 0.0039, -2.5873 -0.7954 0.0, -2.5871 -0.7957 0.0039, -2.5871 -0.7957 0.0, -2.5869 -0.7959 0.0039, -2.5869 -0.7959 0.0, -2.5866 -0.796 0.0039, -2.5866 -0.796 0.0, -2.5858 -0.7962 0.0039, -2.5858 -0.7962 0.0, -2.5843 -0.7963 0.0039, -2.5843 -0.7963 0.0, -2.5827 -0.7962 0.0039, -2.5827 -0.7962 0.0, -2.5719 -0.7945 0.0039, -2.5719 -0.7945 0.0, -2.5623 -0.7933 0.0039, -2.5623 -0.7933 0.0, -2.5526 -0.7933 0.0039, -2.5526 -0.7933 0.0, -2.551 -0.7933 0.0039, -2.551 -0.7933 0.0, -2.5399 -0.7936 0.0039, -2.5399 -0.7936 0.0, -2.5289 -0.7951 0.0039, -2.5289 -0.7951 0.0, -2.5067 -0.799 0.0039, -2.5067 -0.799 0.0, -2.4872 -0.803 0.0039, -2.4872 -0.803 0.0, -2.4718 -0.8086 0.0039, -2.4718 -0.8086 0.0, -2.4688 -0.8104 0.0039, -2.4688 -0.8104 0.0, -2.4637 -0.8137 0.0039, -2.4637 -0.8137 0.0, -2.4474 -0.7968 0.0039, -2.4474 -0.7968 0.0, -2.4463 -0.7949 0.0039, -2.4463 -0.7949 0.0, -2.4456 -0.7935 0.0039, -2.4456 -0.7935 0.0, -2.4452 -0.7925 0.0039, -2.4452 -0.7925 0.0, -2.4451 -0.7917 0.0039, -2.4451 -0.7917 0.0, -2.4452 -0.7909 0.0039, -2.4452 -0.7909 0.0, -2.4454 -0.7901 0.0039, -2.4454 -0.7901 0.0, -2.4459 -0.7895 0.0039, -2.4459 -0.7895 0.0, -2.4467 -0.7887 0.0039, -2.4467 -0.7887 0.0, -2.4477 -0.7881 0.0039, -2.4477 -0.7881 0.0, -2.4488 -0.7878 0.0039, -2.4488 -0.7878 0.0, -2.4501 -0.7877 0.0039, -2.4501 -0.7877 0.0, -2.4592 -0.7865 0.0039, -2.4592 -0.7865 0.0, -2.4725 -0.7848 0.0039, -2.4725 -0.7848 0.0, -2.4859 -0.7832 0.0039, -2.4859 -0.7832 0.0, -2.5572 -0.7713 0.0039, -2.5572 -0.7713 0.0, -2.6434 -0.8052 0.0039, -2.6434 -0.8052 0.0, -2.6519 -0.8052 0.0039, -2.6519 -0.8052 0.0, -2.6434 -0.6541 0.0039, -2.6434 -0.6541 0.0, -2.6541 -0.6541 0.0039, -2.6541 -0.6541 0.0, -2.6589 -0.7338 0.0039, -2.6589 -0.7338 0.0, -2.6659 -0.7595 0.0039, -2.6659 -0.7595 0.0, -2.673 -0.7734 0.0039, -2.673 -0.7734 0.0, -2.6799 -0.7817 0.0039, -2.6799 -0.7817 0.0, -2.6874 -0.7874 0.0039, -2.6874 -0.7874 0.0, -2.6954 -0.7909 0.0039, -2.6954 -0.7909 0.0, -2.704 -0.7928 0.0039, -2.704 -0.7928 0.0, -2.7158 -0.7921 0.0039, -2.7158 -0.7921 0.0, -2.7259 -0.7887 0.0039, -2.7259 -0.7887 0.0, -2.7355 -0.7827 0.0039, -2.7355 -0.7827 0.0, -2.7446 -0.7738 0.0039, -2.7446 -0.7738 0.0, -2.7544 -0.7585 0.0039, -2.7544 -0.7585 0.0, -2.7676 -0.7204 0.0039, -2.7676 -0.7204 0.0, -2.7727 -0.6908 0.0039, -2.7727 -0.6908 0.0, -2.7748 -0.6008 0.0039, -2.7748 -0.6008 0.0, -2.7608 -0.5199 0.0039, -2.7608 -0.5199 0.0, -2.7522 -0.4968 0.0039, -2.7522 -0.4968 0.0, -2.7393 -0.4786 0.0039, -2.7393 -0.4786 0.0, -2.7311 -0.4711 0.0039, -2.7311 -0.4711 0.0, -2.7239 -0.4668 0.0039, -2.7239 -0.4668 0.0, -2.7164 -0.4646 0.0039, -2.7164 -0.4646 0.0, -2.7085 -0.4638 0.0039, -2.7085 -0.4638 0.0, -2.6958 -0.4648 0.0039, -2.6958 -0.4648 0.0, -2.6833 -0.4694 0.0039, -2.6833 -0.4694 0.0, -2.6732 -0.4765 0.0039, -2.6732 -0.4765 0.0, -2.6648 -0.4861 0.0039, -2.6648 -0.4861 0.0, -2.6574 -0.5008 0.0039, -2.6574 -0.5008 0.0, -2.6493 -0.5382 0.0039, -2.6493 -0.5382 0.0, -2.6468 -0.555 0.0039, -2.6468 -0.555 0.0, -2.644 -0.5849 0.0039, -2.644 -0.5849 0.0, -2.6349 -0.5844 0.0039, -2.6349 -0.5844 0.0, -2.6392 -0.5168 0.0039, -2.6392 -0.5168 0.0, -2.6457 -0.4915 0.0039, -2.6457 -0.4915 0.0, -2.6554 -0.4719 0.0039, -2.6554 -0.4719 0.0, -2.6628 -0.4625 0.0039, -2.6628 -0.4625 0.0, -2.6736 -0.4537 0.0039, -2.6736 -0.4537 0.0, -2.6873 -0.4474 0.0039, -2.6873 -0.4474 0.0, -2.7006 -0.4451 0.0039, -2.7006 -0.4451 0.0, -2.7151 -0.4456 0.0039, -2.7151 -0.4456 0.0, -2.7301 -0.4503 0.0039, -2.7301 -0.4503 0.0, -2.7432 -0.4579 0.0039, -2.7432 -0.4579 0.0, -2.7526 -0.4676 0.0039, -2.7526 -0.4676 0.0, -2.7656 -0.4887 0.0039, -2.7656 -0.4887 0.0, -2.7814 -0.5361 0.0039, -2.7814 -0.5361 0.0, -2.7876 -0.5745 0.0039, -2.7876 -0.5745 0.0, -2.7878 -0.6886 0.0039, -2.7878 -0.6886 0.0, -2.7741 -0.75 0.0039, -2.7741 -0.75 0.0, -2.7621 -0.777 0.0039, -2.7621 -0.777 0.0, -2.7506 -0.792 0.0039, -2.7506 -0.792 0.0, -2.733 -0.8056 0.0039, -2.733 -0.8056 0.0, -2.7246 -0.8097 0.0039, -2.7246 -0.8097 0.0, -2.7165 -0.8114 0.0039, -2.7165 -0.8114 0.0, -2.7085 -0.8114 0.0039, -2.7085 -0.8114 0.0, -2.6919 -0.8071 0.0039, -2.6919 -0.8071 0.0, -2.6788 -0.7999 0.0039, -2.6788 -0.7999 0.0, -2.6675 -0.7897 0.0039, -2.6675 -0.7897 0.0, -2.6609 -0.7809 0.0039, -2.6609 -0.7809 0.0, -2.6559 -0.7719 0.0039, -2.6559 -0.7719 0.0, -2.9571 -0.8262 0.0, -2.9571 -0.8262 0.0039, -2.9489 -0.816 0.0, -2.9322 -0.7951 0.0039, -2.9322 -0.7951 0.0, -2.938 -0.7827 0.0039, -2.938 -0.7827 0.0, -2.9405 -0.7666 0.0039, -2.9405 -0.7666 0.0, -2.9406 -0.7594 0.0039, -2.9406 -0.7594 0.0, -2.9406 -0.4706 0.0039, -2.9406 -0.4706 0.0, -2.897 -0.4743 0.0039, -2.897 -0.4743 0.0, -2.8763 -0.4774 0.0039, -2.8763 -0.4774 0.0, -2.8693 -0.479 0.0039, -2.8693 -0.479 0.0, -2.8652 -0.481 0.0039, -2.8652 -0.481 0.0, -2.86 -0.4855 0.0039, -2.86 -0.4855 0.0, -2.8582 -0.4867 0.0039, -2.8582 -0.4867 0.0, -2.8563 -0.4875 0.0039, -2.8563 -0.4875 0.0, -2.8431 -0.4759 0.0039, -2.8431 -0.4759 0.0, -2.8369 -0.4702 0.0039, -2.8369 -0.4702 0.0, -2.8348 -0.4679 0.0039, -2.8348 -0.4679 0.0, -2.8338 -0.4661 0.0039, -2.8338 -0.4661 0.0, -2.8333 -0.4642 0.0039, -2.8333 -0.4642 0.0, -2.8331 -0.4621 0.0039, -2.8331 -0.4621 0.0, -2.8337 -0.4609 0.0039, -2.8337 -0.4609 0.0, -2.8342 -0.4603 0.0039, -2.8342 -0.4603 0.0, -2.835 -0.4598 0.0039, -2.835 -0.4598 0.0, -2.8364 -0.4593 0.0039, -2.8364 -0.4593 0.0, -2.8385 -0.459 0.0039, -2.8385 -0.459 0.0, -2.8484 -0.4588 0.0039, -2.8484 -0.4588 0.0, -2.8628 -0.4568 0.0039, -2.8628 -0.4568 0.0, -2.9001 -0.4529 0.0039, -2.9001 -0.4529 0.0, -2.9124 -0.4519 0.0039, -2.9124 -0.4519 0.0, -2.9361 -0.4496 0.0039, -2.9361 -0.4496 0.0, -2.9492 -0.4485 0.0039, -2.9492 -0.4485 0.0, -2.9521 -0.4476 0.0039, -2.9521 -0.4476 0.0, -2.9537 -0.4475 0.0039, -2.9537 -0.4475 0.0, -2.9548 -0.4477 0.0039, -2.9548 -0.4477 0.0, -2.9556 -0.448 0.0039, -2.9556 -0.448 0.0, -2.9563 -0.4485 0.0039, -2.9563 -0.4485 0.0, -2.9571 -0.4494 0.0039, -2.9571 -0.4494 0.0, -2.9579 -0.451 0.0039, -2.9579 -0.451 0.0, -2.9583 -0.4525 0.0039, -2.9583 -0.4525 0.0, -2.9583 -0.4557 0.0039, -2.9583 -0.4557 0.0, -2.9568 -0.4695 0.0039, -2.9568 -0.4695 0.0, -2.9565 -0.4729 0.0039, -2.9565 -0.4729 0.0, -2.9554 -0.5063 0.0039, -2.9554 -0.5063 0.0, -2.9554 -0.7611 0.0039, -2.9554 -0.7611 0.0, -2.9557 -0.7887 0.0039, -2.9557 -0.7887 0.0, -2.9599 -0.816 0.0039, -2.9599 -0.816 0.0, -2.961 -0.8217 0.0039, -2.961 -0.8217 0.0, -2.961 -0.8217 0.0
            ]
        }
        coordIndex [
            0,1,2,-1,3,4,5,-1,6,7,8,-1,9,10,11,-1,12,13,14,-1,15,16,17,-1,18,19,20,-1,21,22,23,-1,23,22,24,-1,23,24,25,-1,25,24,26,-1,27,28,29,-1,29,28,30,-1,29,30,31,-1,30,32,31,-1,31,32,33,-1,31,33,24,-1,24,33,34,-1,24,34,26,-1,35,20,36,-1,36,20,37,-1,36,37,38,-1,38,37,39,-1,38,39,40,-1,27,29,41,-1,41,29,42,-1,41,42,43,-1,43,42,44,-1,43,44,45,-1,23,46,21,-1,21,46,47,-1,21,47,48,-1,48,47,49,-1,48,49,50,-1,50,49,51,-1,50,51,52,-1,52,53,50,-1,50,53,54,-1,50,54,39,-1,39,54,55,-1,39,55,40,-1,44,56,57,-1,58,59,57,-1,57,59,18,-1,57,18,44,-1,44,18,20,-1,44,20,45,-1,45,20,35,-1,60,61,62,-1,63,64,65,-1,65,64,61,-1,65,61,66,-1,66,61,60,-1,63,67,64,-1,64,67,68,-1,64,68,69,-1,68,70,69,-1,69,70,71,-1,69,71,72,-1,72,71,73,-1,72,73,74,-1,74,75,72,-1,72,75,76,-1,72,76,77,-1,77,76,78,-1,77,78,79,-1,79,78,80,-1,79,80,81,-1,81,80,82,-1,81,82,31,-1,31,82,83,-1,31,83,84,-1,85,29,86,-1,86,29,31,-1,86,31,87,-1,87,31,84,-1,88,17,89,-1,89,17,90,-1,89,90,91,-1,91,90,29,-1,91,29,92,-1,92,29,85,-1,62,93,94,-1,95,96,94,-1,94,96,15,-1,94,15,62,-1,62,15,17,-1,62,17,60,-1,60,17,88,-1,97,98,99,-1,100,101,102,-1,100,102,103,-1,97,104,98,-1,98,104,105,-1,98,105,100,-1,100,105,106,-1,100,106,101,-1,102,107,103,-1,103,107,108,-1,103,108,109,-1,109,108,110,-1,109,110,111,-1,111,112,109,-1,109,112,113,-1,109,113,114,-1,114,113,115,-1,114,115,116,-1,116,115,117,-1,116,117,118,-1,118,117,119,-1,118,119,69,-1,69,119,120,-1,69,120,121,-1,121,122,69,-1,69,122,123,-1,69,123,64,-1,64,123,124,-1,125,14,126,-1,126,14,127,-1,126,127,128,-1,128,127,64,-1,128,64,129,-1,129,64,124,-1,99,130,131,-1,132,133,131,-1,131,133,12,-1,131,12,99,-1,99,12,14,-1,99,14,97,-1,97,14,125,-1,134,135,136,-1,134,136,137,-1,138,139,140,-1,11,10,135,-1,135,10,141,-1,135,141,136,-1,142,143,144,-1,144,143,145,-1,138,146,139,-1,139,146,147,-1,139,147,144,-1,144,147,148,-1,144,148,142,-1,143,149,145,-1,145,149,150,-1,145,150,136,-1,136,150,151,-1,136,151,137,-1,152,100,153,-1,153,100,103,-1,153,103,154,-1,154,103,155,-1,156,8,157,-1,157,8,158,-1,157,158,159,-1,159,158,100,-1,159,100,160,-1,160,100,152,-1,11,161,9,-1,9,161,162,-1,9,162,103,-1,103,162,163,-1,103,163,155,-1,140,164,165,-1,166,167,165,-1,165,167,6,-1,165,6,140,-1,140,6,8,-1,140,8,138,-1,138,8,156,-1,168,169,170,-1,171,172,173,-1,173,172,174,-1,168,175,169,-1,169,175,176,-1,169,176,173,-1,173,176,177,-1,173,177,171,-1,172,178,174,-1,174,178,179,-1,174,179,180,-1,180,179,181,-1,180,181,182,-1,183,5,184,-1,184,5,185,-1,184,185,186,-1,186,185,144,-1,186,144,187,-1,182,188,180,-1,180,188,189,-1,180,189,190,-1,190,189,191,-1,190,191,192,-1,192,191,193,-1,192,193,194,-1,194,193,195,-1,194,195,145,-1,145,195,196,-1,145,196,197,-1,197,198,145,-1,145,198,199,-1,145,199,144,-1,144,199,200,-1,144,200,187,-1,170,201,202,-1,203,204,202,-1,202,204,3,-1,202,3,170,-1,170,3,5,-1,170,5,168,-1,168,5,183,-1,205,206,207,-1,208,209,210,-1,210,209,211,-1,210,211,212,-1,212,211,213,-1,212,213,214,-1,205,215,206,-1,206,215,216,-1,206,216,39,-1,39,216,217,-1,218,2,219,-1,219,2,220,-1,219,220,221,-1,221,220,222,-1,217,223,39,-1,39,223,224,-1,39,224,50,-1,50,224,225,-1,50,225,226,-1,213,227,214,-1,214,227,228,-1,214,228,229,-1,230,231,222,-1,222,231,232,-1,222,232,221,-1,226,233,50,-1,50,233,234,-1,50,234,235,-1,235,234,236,-1,235,236,208,-1,208,236,237,-1,208,237,209,-1,229,230,214,-1,214,230,222,-1,214,222,238,-1,238,222,239,-1,207,240,241,-1,242,243,241,-1,241,243,0,-1,241,0,207,-1,207,0,2,-1,207,2,205,-1,205,2,218,-1,241,240,244,-1,19,18,245,-1,245,18,246,-1,245,246,244,-1,244,246,247,-1,244,247,241,-1,248,249,250,-1,251,252,208,-1,250,253,248,-1,248,253,251,-1,248,251,210,-1,210,251,208,-1,254,255,256,-1,257,254,258,-1,258,254,256,-1,258,256,0,-1,0,256,1,-1,0,243,258,-1,258,243,259,-1,260,259,243,-1,261,262,242,-1,242,262,263,-1,242,263,243,-1,243,263,264,-1,243,264,260,-1,264,265,260,-1,260,265,266,-1,265,267,266,-1,266,267,268,-1,267,263,268,-1,268,263,262,-1,242,241,261,-1,261,241,247,-1,269,270,271,-1,271,270,272,-1,271,272,273,-1,270,274,272,-1,272,274,275,-1,274,270,276,-1,276,270,269,-1,272,275,273,-1,273,275,277,-1,205,278,215,-1,215,278,279,-1,215,279,216,-1,216,279,280,-1,216,280,217,-1,217,280,281,-1,217,281,223,-1,223,281,282,-1,223,282,224,-1,224,282,283,-1,224,283,225,-1,225,283,284,-1,225,284,226,-1,226,284,285,-1,226,285,233,-1,233,285,286,-1,233,286,234,-1,234,286,287,-1,234,287,236,-1,236,287,288,-1,236,288,237,-1,237,288,289,-1,237,289,209,-1,209,289,290,-1,209,290,211,-1,211,290,291,-1,211,291,213,-1,213,291,292,-1,213,292,227,-1,227,292,293,-1,227,293,228,-1,228,293,294,-1,228,294,229,-1,229,294,295,-1,229,295,230,-1,230,295,296,-1,230,296,231,-1,231,296,297,-1,231,297,232,-1,232,297,298,-1,232,298,221,-1,221,298,299,-1,221,299,219,-1,219,299,300,-1,219,300,218,-1,218,300,301,-1,218,301,205,-1,205,301,278,-1,291,290,302,-1,302,290,289,-1,302,289,288,-1,294,293,302,-1,302,293,292,-1,302,292,291,-1,297,296,302,-1,302,296,295,-1,302,295,294,-1,300,299,302,-1,302,299,298,-1,302,298,297,-1,279,278,302,-1,302,278,301,-1,302,301,300,-1,282,281,302,-1,302,281,280,-1,302,280,279,-1,285,284,302,-1,302,284,283,-1,302,283,282,-1,288,287,302,-1,302,287,286,-1,302,286,285,-1,303,304,252,-1,252,304,235,-1,252,235,208,-1,305,48,304,-1,304,48,50,-1,304,50,235,-1,306,305,307,-1,307,305,304,-1,307,304,303,-1,308,248,212,-1,212,248,210,-1,238,309,214,-1,214,309,308,-1,214,308,212,-1,248,308,249,-1,249,308,309,-1,220,310,222,-1,222,310,311,-1,222,311,239,-1,1,256,2,-1,2,256,310,-1,2,310,220,-1,310,256,311,-1,311,256,255,-1,206,312,207,-1,207,312,244,-1,207,244,240,-1,37,313,39,-1,39,313,312,-1,39,312,206,-1,245,244,313,-1,313,244,312,-1,307,303,314,-1,314,303,252,-1,315,316,253,-1,253,316,317,-1,253,317,251,-1,318,317,319,-1,319,317,316,-1,251,317,252,-1,252,317,318,-1,252,318,314,-1,57,56,320,-1,16,15,321,-1,321,15,322,-1,321,322,320,-1,320,322,323,-1,320,323,57,-1,306,307,324,-1,325,326,190,-1,327,114,116,-1,190,192,325,-1,325,192,328,-1,325,328,329,-1,329,328,330,-1,141,10,330,-1,330,10,331,-1,330,331,329,-1,329,331,327,-1,329,327,332,-1,332,327,116,-1,77,79,333,-1,333,79,334,-1,335,22,21,-1,21,306,335,-1,335,306,324,-1,335,324,334,-1,334,324,329,-1,334,329,333,-1,333,329,332,-1,307,314,318,-1,307,318,324,-1,324,318,319,-1,324,319,336,-1,18,59,246,-1,246,59,337,-1,338,337,59,-1,339,340,58,-1,58,340,341,-1,58,341,59,-1,59,341,342,-1,59,342,338,-1,342,343,338,-1,338,343,344,-1,343,345,344,-1,344,345,346,-1,345,341,346,-1,346,341,340,-1,58,57,339,-1,339,57,323,-1,347,348,349,-1,349,348,350,-1,348,351,350,-1,350,351,352,-1,351,348,353,-1,353,348,347,-1,350,352,349,-1,349,352,354,-1,45,355,43,-1,43,355,356,-1,43,356,41,-1,41,356,357,-1,41,357,27,-1,27,357,358,-1,27,358,28,-1,28,358,359,-1,28,359,30,-1,30,359,360,-1,30,360,32,-1,32,360,361,-1,32,361,33,-1,33,361,362,-1,33,362,34,-1,34,362,363,-1,34,363,26,-1,26,363,364,-1,26,364,25,-1,25,364,365,-1,25,365,23,-1,23,365,366,-1,23,366,46,-1,46,366,367,-1,46,367,47,-1,47,367,368,-1,47,368,49,-1,49,368,369,-1,49,369,51,-1,51,369,370,-1,51,370,52,-1,52,370,371,-1,52,371,53,-1,53,371,372,-1,53,372,54,-1,54,372,373,-1,54,373,55,-1,55,373,374,-1,55,374,40,-1,40,374,375,-1,40,375,38,-1,38,375,376,-1,38,376,36,-1,36,376,377,-1,36,377,35,-1,35,377,378,-1,35,378,45,-1,45,378,355,-1,368,367,379,-1,379,367,366,-1,379,366,365,-1,371,370,379,-1,379,370,369,-1,379,369,368,-1,374,373,379,-1,379,373,372,-1,379,372,371,-1,377,376,379,-1,379,376,375,-1,379,375,374,-1,356,355,379,-1,379,355,378,-1,379,378,377,-1,359,358,379,-1,379,358,357,-1,379,357,356,-1,362,361,379,-1,379,361,360,-1,379,360,359,-1,365,364,379,-1,379,364,363,-1,379,363,362,-1,335,380,22,-1,22,380,24,-1,381,81,380,-1,380,81,31,-1,380,31,24,-1,334,381,335,-1,335,381,380,-1,305,306,48,-1,48,306,21,-1,19,245,20,-1,20,245,313,-1,20,313,37,-1,42,382,44,-1,44,382,320,-1,44,320,56,-1,90,383,29,-1,29,383,382,-1,29,382,42,-1,321,320,383,-1,383,320,382,-1,384,385,386,-1,387,388,389,-1,390,384,391,-1,391,384,386,-1,391,386,389,-1,389,386,392,-1,389,392,387,-1,393,394,395,-1,395,394,396,-1,397,398,399,-1,399,398,395,-1,399,395,400,-1,400,395,396,-1,400,396,174,-1,174,396,173,-1,94,93,401,-1,13,12,402,-1,402,12,403,-1,402,403,401,-1,401,403,404,-1,401,404,94,-1,15,96,322,-1,322,96,405,-1,406,405,96,-1,407,408,95,-1,95,408,409,-1,95,409,96,-1,96,409,410,-1,96,410,406,-1,410,411,406,-1,406,411,412,-1,411,413,412,-1,412,413,414,-1,413,409,414,-1,414,409,408,-1,95,94,407,-1,407,94,404,-1,415,416,417,-1,417,416,418,-1,416,419,418,-1,418,419,420,-1,419,416,421,-1,421,416,415,-1,418,420,417,-1,417,420,422,-1,60,423,66,-1,66,423,424,-1,66,424,65,-1,65,424,425,-1,65,425,63,-1,63,425,426,-1,63,426,67,-1,67,426,427,-1,67,427,68,-1,68,427,428,-1,68,428,70,-1,70,428,429,-1,70,429,71,-1,71,429,430,-1,71,430,73,-1,73,430,431,-1,73,431,74,-1,74,431,432,-1,74,432,75,-1,75,432,433,-1,75,433,76,-1,76,433,434,-1,76,434,78,-1,78,434,435,-1,78,435,80,-1,80,435,436,-1,80,436,82,-1,82,436,437,-1,82,437,83,-1,83,437,438,-1,83,438,84,-1,84,438,439,-1,84,439,87,-1,87,439,440,-1,87,440,86,-1,86,440,441,-1,86,441,85,-1,85,441,442,-1,85,442,92,-1,92,442,443,-1,92,443,91,-1,91,443,444,-1,91,444,89,-1,89,444,445,-1,89,445,88,-1,88,445,446,-1,88,446,60,-1,60,446,423,-1,436,435,447,-1,447,435,434,-1,447,434,433,-1,439,438,447,-1,447,438,437,-1,447,437,436,-1,442,441,447,-1,447,441,440,-1,447,440,439,-1,445,444,447,-1,447,444,443,-1,447,443,442,-1,424,423,447,-1,447,423,446,-1,447,446,445,-1,427,426,447,-1,447,426,425,-1,447,425,424,-1,430,429,447,-1,447,429,428,-1,447,428,427,-1,433,432,447,-1,447,432,431,-1,447,431,430,-1,333,448,77,-1,77,448,72,-1,449,118,448,-1,448,118,69,-1,448,69,72,-1,332,449,333,-1,333,449,448,-1,381,334,81,-1,81,334,79,-1,16,321,17,-1,17,321,383,-1,17,383,90,-1,61,450,62,-1,62,450,401,-1,62,401,93,-1,450,61,451,-1,451,61,64,-1,451,64,127,-1,402,401,451,-1,451,401,450,-1,131,130,452,-1,7,6,453,-1,453,6,454,-1,453,454,452,-1,452,454,455,-1,452,455,131,-1,12,133,403,-1,403,133,456,-1,457,456,133,-1,458,459,132,-1,132,459,460,-1,132,460,133,-1,133,460,461,-1,133,461,457,-1,461,462,457,-1,457,462,463,-1,462,464,463,-1,463,464,465,-1,464,460,465,-1,465,460,459,-1,132,131,458,-1,458,131,455,-1,466,467,468,-1,468,467,469,-1,467,470,469,-1,469,470,471,-1,470,467,472,-1,472,467,466,-1,469,471,468,-1,468,471,473,-1,97,474,104,-1,104,474,475,-1,104,475,105,-1,105,475,476,-1,105,476,106,-1,106,476,477,-1,106,477,101,-1,101,477,478,-1,101,478,102,-1,102,478,479,-1,102,479,107,-1,107,479,480,-1,107,480,108,-1,108,480,481,-1,108,481,110,-1,110,481,482,-1,110,482,111,-1,111,482,483,-1,111,483,112,-1,112,483,484,-1,112,484,113,-1,113,484,485,-1,113,485,115,-1,115,485,486,-1,115,486,117,-1,117,486,487,-1,117,487,119,-1,119,487,488,-1,119,488,120,-1,120,488,489,-1,120,489,121,-1,121,489,490,-1,121,490,122,-1,122,490,491,-1,122,491,123,-1,123,491,492,-1,123,492,124,-1,124,492,493,-1,124,493,129,-1,129,493,494,-1,129,494,128,-1,128,494,495,-1,128,495,126,-1,126,495,496,-1,126,496,125,-1,125,496,497,-1,125,497,97,-1,97,497,474,-1,487,486,498,-1,498,486,485,-1,498,485,484,-1,490,489,498,-1,498,489,488,-1,498,488,487,-1,493,492,498,-1,498,492,491,-1,498,491,490,-1,496,495,498,-1,498,495,494,-1,498,494,493,-1,475,474,498,-1,498,474,497,-1,498,497,496,-1,478,477,498,-1,498,477,476,-1,498,476,475,-1,481,480,498,-1,498,480,479,-1,498,479,478,-1,484,483,498,-1,498,483,482,-1,498,482,481,-1,327,499,114,-1,114,499,109,-1,500,9,499,-1,499,9,103,-1,499,103,109,-1,331,500,327,-1,327,500,499,-1,449,332,118,-1,118,332,116,-1,13,402,14,-1,14,402,451,-1,14,451,127,-1,98,501,99,-1,99,501,452,-1,99,452,130,-1,158,502,100,-1,100,502,501,-1,100,501,98,-1,453,452,502,-1,502,452,501,-1,165,164,503,-1,4,3,504,-1,504,3,505,-1,504,505,503,-1,503,505,506,-1,503,506,165,-1,6,167,454,-1,454,167,507,-1,508,507,167,-1,509,510,166,-1,166,510,511,-1,166,511,167,-1,167,511,512,-1,167,512,508,-1,512,513,508,-1,508,513,514,-1,513,515,514,-1,514,515,516,-1,515,511,516,-1,516,511,510,-1,166,165,509,-1,509,165,506,-1,517,518,519,-1,519,518,520,-1,518,521,520,-1,520,521,522,-1,521,518,523,-1,523,518,517,-1,520,522,519,-1,519,522,524,-1,138,525,146,-1,146,525,526,-1,146,526,147,-1,147,526,527,-1,147,527,148,-1,148,527,528,-1,148,528,142,-1,142,528,529,-1,142,529,143,-1,143,529,530,-1,143,530,149,-1,149,530,531,-1,149,531,150,-1,150,531,532,-1,150,532,151,-1,151,532,533,-1,151,533,137,-1,137,533,534,-1,137,534,134,-1,134,534,535,-1,134,535,135,-1,135,535,536,-1,135,536,11,-1,11,536,537,-1,11,537,161,-1,161,537,538,-1,161,538,162,-1,162,538,539,-1,162,539,163,-1,163,539,540,-1,163,540,155,-1,155,540,541,-1,155,541,154,-1,154,541,542,-1,154,542,153,-1,153,542,543,-1,153,543,152,-1,152,543,544,-1,152,544,160,-1,160,544,545,-1,160,545,159,-1,159,545,546,-1,159,546,157,-1,157,546,547,-1,157,547,156,-1,156,547,548,-1,156,548,138,-1,138,548,525,-1,538,537,549,-1,549,537,536,-1,549,536,535,-1,541,540,549,-1,549,540,539,-1,549,539,538,-1,544,543,549,-1,549,543,542,-1,549,542,541,-1,547,546,549,-1,549,546,545,-1,549,545,544,-1,526,525,549,-1,549,525,548,-1,549,548,547,-1,529,528,549,-1,549,528,527,-1,549,527,526,-1,532,531,549,-1,549,531,530,-1,549,530,529,-1,535,534,549,-1,549,534,533,-1,549,533,532,-1,330,550,141,-1,141,550,136,-1,551,194,550,-1,550,194,145,-1,550,145,136,-1,328,551,330,-1,330,551,550,-1,500,331,9,-1,9,331,10,-1,7,453,8,-1,8,453,502,-1,8,502,158,-1,139,552,140,-1,140,552,503,-1,140,503,164,-1,185,553,144,-1,144,553,552,-1,144,552,139,-1,504,503,553,-1,553,503,552,-1,393,554,555,-1,202,201,556,-1,202,556,555,-1,555,556,394,-1,555,394,393,-1,3,204,505,-1,505,204,557,-1,558,557,204,-1,559,560,203,-1,203,560,561,-1,203,561,204,-1,204,561,562,-1,204,562,558,-1,562,563,558,-1,558,563,564,-1,563,565,564,-1,564,565,566,-1,565,561,566,-1,566,561,560,-1,203,202,559,-1,559,202,555,-1,567,568,569,-1,569,568,570,-1,568,571,570,-1,570,571,572,-1,571,568,573,-1,573,568,567,-1,570,572,569,-1,569,572,574,-1,168,575,175,-1,175,575,576,-1,175,576,176,-1,176,576,577,-1,176,577,177,-1,177,577,578,-1,177,578,171,-1,171,578,579,-1,171,579,172,-1,172,579,580,-1,172,580,178,-1,178,580,581,-1,178,581,179,-1,179,581,582,-1,179,582,181,-1,181,582,583,-1,181,583,182,-1,182,583,584,-1,182,584,188,-1,188,584,585,-1,188,585,189,-1,189,585,586,-1,189,586,191,-1,191,586,587,-1,191,587,193,-1,193,587,588,-1,193,588,195,-1,195,588,589,-1,195,589,196,-1,196,589,590,-1,196,590,197,-1,197,590,591,-1,197,591,198,-1,198,591,592,-1,198,592,199,-1,199,592,593,-1,199,593,200,-1,200,593,594,-1,200,594,187,-1,187,594,595,-1,187,595,186,-1,186,595,596,-1,186,596,184,-1,184,596,597,-1,184,597,183,-1,183,597,598,-1,183,598,168,-1,168,598,575,-1,588,587,599,-1,599,587,586,-1,599,586,585,-1,591,590,599,-1,599,590,589,-1,599,589,588,-1,594,593,599,-1,599,593,592,-1,599,592,591,-1,597,596,599,-1,599,596,595,-1,599,595,594,-1,576,575,599,-1,599,575,598,-1,599,598,597,-1,579,578,599,-1,599,578,577,-1,599,577,576,-1,582,581,599,-1,599,581,580,-1,599,580,579,-1,585,584,599,-1,599,584,583,-1,599,583,582,-1,600,601,326,-1,326,601,180,-1,326,180,190,-1,601,400,180,-1,180,400,174,-1,399,400,600,-1,600,400,601,-1,551,328,194,-1,194,328,192,-1,4,504,5,-1,5,504,553,-1,5,553,185,-1,169,602,170,-1,170,602,556,-1,170,556,201,-1,396,602,173,-1,173,602,169,-1,556,602,394,-1,394,602,396,-1,399,600,397,-1,397,600,326,-1,398,603,395,-1,395,603,604,-1,395,604,605,-1,606,604,329,-1,329,604,603,-1,329,603,325,-1,325,603,326,-1,326,603,398,-1,326,398,397,-1,324,336,329,-1,329,336,606,-1,554,393,605,-1,605,393,395,-1,250,607,253,-1,253,607,315,-1,254,257,250,-1,250,257,607,-1,608,609,610,-1,610,609,611,-1,612,613,614,-1,614,613,615,-1,613,608,615,-1,615,608,610,-1,613,612,608,-1,608,612,609,-1,616,617,389,-1,389,617,391,-1,617,618,391,-1,391,618,390,-1,619,616,388,-1,388,616,389,-1,619,618,616,-1,616,618,617,-1,620,621,622,-1,623,624,620,-1,620,622,623,-1,623,622,625,-1,623,625,626,-1,626,625,627,-1,626,627,628,-1,628,627,629,-1,628,629,630,-1,630,629,631,-1,630,631,632,-1,632,631,387,-1,632,387,392,-1,633,634,635,-1,633,635,636,-1,636,635,637,-1,636,637,638,-1,638,637,639,-1,638,639,640,-1,640,639,641,-1,640,641,642,-1,642,641,643,-1,642,643,644,-1,644,643,386,-1,644,386,385,-1,645,646,647,-1,648,649,645,-1,645,647,648,-1,648,647,650,-1,648,650,651,-1,651,650,652,-1,651,652,653,-1,653,652,654,-1,653,654,655,-1,655,654,656,-1,655,656,657,-1,657,656,658,-1,657,658,659,-1,660,661,662,-1,660,662,663,-1,663,662,664,-1,663,664,665,-1,665,664,666,-1,665,666,667,-1,667,666,668,-1,667,668,669,-1,669,668,670,-1,669,670,671,-1,671,670,672,-1,671,672,673,-1,674,675,676,-1,676,675,677,-1,678,679,674,-1,674,679,675,-1,680,681,678,-1,678,681,679,-1,681,680,682,-1,681,682,683,-1,683,682,684,-1,683,684,685,-1,685,684,686,-1,685,686,687,-1,687,686,688,-1,687,688,689,-1,689,688,690,-1,689,690,691,-1,691,690,692,-1,691,692,693,-1,693,692,694,-1,693,694,695,-1,695,694,696,-1,695,696,697,-1,697,696,698,-1,697,698,699,-1,699,698,700,-1,699,700,701,-1,701,700,702,-1,701,702,703,-1,703,702,704,-1,703,704,705,-1,705,704,706,-1,705,706,707,-1,707,706,708,-1,707,708,709,-1,709,708,710,-1,709,710,711,-1,712,713,710,-1,710,713,711,-1,713,712,714,-1,713,714,715,-1,715,714,716,-1,715,716,717,-1,717,716,718,-1,717,718,719,-1,719,718,720,-1,719,720,721,-1,722,723,720,-1,720,723,721,-1,723,722,724,-1,723,724,725,-1,725,724,726,-1,725,726,727,-1,727,726,728,-1,728,726,729,-1,728,729,730,-1,731,732,729,-1,729,732,730,-1,733,734,731,-1,731,734,735,-1,731,735,732,-1,736,737,733,-1,733,737,734,-1,737,736,738,-1,737,738,739,-1,739,738,740,-1,739,740,741,-1,742,743,740,-1,740,743,741,-1,743,742,744,-1,743,744,745,-1,745,744,746,-1,745,746,747,-1,747,746,748,-1,747,748,749,-1,749,748,750,-1,749,750,751,-1,751,750,752,-1,751,752,753,-1,753,752,754,-1,753,754,755,-1,755,754,756,-1,755,756,757,-1,757,756,758,-1,757,758,759,-1,759,758,760,-1,759,760,761,-1,762,763,760,-1,760,763,761,-1,764,765,762,-1,762,765,763,-1,765,764,766,-1,765,766,767,-1,767,766,768,-1,767,768,769,-1,769,768,770,-1,769,770,771,-1,771,770,772,-1,771,772,773,-1,773,772,774,-1,773,774,775,-1,775,774,776,-1,775,776,777,-1,777,776,778,-1,777,778,779,-1,779,778,780,-1,779,780,781,-1,781,780,782,-1,781,782,783,-1,783,782,784,-1,783,784,785,-1,785,784,786,-1,785,786,787,-1,787,786,788,-1,787,788,789,-1,789,788,790,-1,789,790,791,-1,791,790,792,-1,791,792,793,-1,793,792,794,-1,793,794,795,-1,795,794,796,-1,795,796,797,-1,798,799,796,-1,796,799,797,-1,800,801,798,-1,798,801,799,-1,800,676,801,-1,801,676,677,-1,802,729,803,-1,803,729,726,-1,680,678,708,-1,800,804,805,-1,746,744,798,-1,798,744,742,-1,805,806,800,-1,800,806,807,-1,800,807,676,-1,676,807,808,-1,724,674,726,-1,726,674,676,-1,726,676,803,-1,803,676,808,-1,742,740,798,-1,798,740,738,-1,798,738,800,-1,800,738,736,-1,800,736,804,-1,804,736,733,-1,804,733,802,-1,802,733,731,-1,802,731,729,-1,674,712,678,-1,678,712,710,-1,678,710,708,-1,768,766,796,-1,796,766,764,-1,796,764,798,-1,798,764,762,-1,762,760,798,-1,798,760,758,-1,798,758,746,-1,746,758,756,-1,746,756,748,-1,724,722,674,-1,674,722,720,-1,674,720,718,-1,706,684,708,-1,708,684,682,-1,708,682,680,-1,718,716,674,-1,674,716,714,-1,674,714,712,-1,754,752,756,-1,756,752,750,-1,756,750,748,-1,792,774,794,-1,794,774,772,-1,794,772,796,-1,796,772,770,-1,796,770,768,-1,792,790,774,-1,774,790,788,-1,774,788,776,-1,704,688,706,-1,706,688,686,-1,706,686,684,-1,704,702,688,-1,688,702,700,-1,688,700,698,-1,692,690,694,-1,694,690,688,-1,694,688,696,-1,696,688,698,-1,784,782,786,-1,786,782,780,-1,786,780,788,-1,788,780,778,-1,788,778,776,-1,803,809,802,-1,802,809,810,-1,809,803,808,-1,809,808,811,-1,811,808,807,-1,811,807,812,-1,812,807,806,-1,812,806,813,-1,805,814,806,-1,806,814,813,-1,804,815,805,-1,805,815,814,-1,810,815,802,-1,802,815,804,-1,816,817,818,-1,818,817,819,-1,817,816,820,-1,817,820,821,-1,821,820,822,-1,821,822,823,-1,823,822,824,-1,823,824,825,-1,825,824,826,-1,825,826,827,-1,827,826,828,-1,827,828,829,-1,829,828,830,-1,829,830,831,-1,831,830,832,-1,831,832,833,-1,833,832,834,-1,833,834,835,-1,835,834,836,-1,835,836,837,-1,838,839,836,-1,836,839,837,-1,840,841,838,-1,838,841,839,-1,841,840,842,-1,841,842,843,-1,843,842,844,-1,843,844,845,-1,846,847,844,-1,844,847,845,-1,848,849,846,-1,846,849,847,-1,849,848,850,-1,849,850,851,-1,851,850,852,-1,851,852,853,-1,853,852,854,-1,853,854,855,-1,855,854,856,-1,855,856,857,-1,857,856,858,-1,857,858,859,-1,859,858,860,-1,859,860,861,-1,861,860,862,-1,861,862,863,-1,863,862,864,-1,863,864,865,-1,865,864,866,-1,865,866,867,-1,867,866,868,-1,867,868,869,-1,869,868,870,-1,869,870,871,-1,871,870,872,-1,871,872,873,-1,873,872,874,-1,873,874,875,-1,875,874,876,-1,875,876,877,-1,877,876,878,-1,877,878,879,-1,879,878,880,-1,879,880,881,-1,881,880,882,-1,881,882,883,-1,884,885,882,-1,882,885,883,-1,885,884,886,-1,885,886,887,-1,887,886,888,-1,887,888,889,-1,889,888,890,-1,889,890,891,-1,891,890,892,-1,891,892,893,-1,893,892,894,-1,893,894,895,-1,895,894,896,-1,895,896,897,-1,897,896,898,-1,897,898,899,-1,899,898,900,-1,899,900,901,-1,901,900,902,-1,901,902,903,-1,904,905,902,-1,902,905,903,-1,905,904,906,-1,905,906,907,-1,907,906,908,-1,907,908,909,-1,909,908,910,-1,909,910,911,-1,911,910,912,-1,911,912,913,-1,913,912,914,-1,913,914,915,-1,915,914,916,-1,915,916,917,-1,917,916,918,-1,917,918,919,-1,919,918,920,-1,919,920,921,-1,921,920,922,-1,921,922,923,-1,923,922,924,-1,923,924,925,-1,925,924,926,-1,925,926,927,-1,927,926,928,-1,927,928,929,-1,929,928,930,-1,929,930,931,-1,931,930,932,-1,931,932,933,-1,934,935,932,-1,932,935,933,-1,936,937,934,-1,934,937,935,-1,938,939,936,-1,936,939,937,-1,939,938,940,-1,939,940,941,-1,941,940,818,-1,941,818,819,-1,910,908,932,-1,840,838,942,-1,838,836,816,-1,816,836,834,-1,816,834,820,-1,816,818,838,-1,838,818,940,-1,838,940,942,-1,942,940,938,-1,942,938,943,-1,944,945,900,-1,900,945,946,-1,900,946,947,-1,908,906,932,-1,932,906,904,-1,932,904,934,-1,934,904,902,-1,934,902,936,-1,936,902,900,-1,900,898,944,-1,944,898,886,-1,944,886,948,-1,938,936,943,-1,943,936,900,-1,943,900,949,-1,949,900,947,-1,950,951,848,-1,848,951,850,-1,850,951,952,-1,850,952,852,-1,926,924,922,-1,848,846,950,-1,950,846,844,-1,950,844,942,-1,942,844,842,-1,942,842,840,-1,852,952,854,-1,854,952,953,-1,854,953,856,-1,932,918,916,-1,832,824,834,-1,834,824,822,-1,834,822,820,-1,832,830,824,-1,824,830,828,-1,824,828,826,-1,954,955,872,-1,918,932,920,-1,920,932,930,-1,920,930,922,-1,922,930,928,-1,922,928,926,-1,916,914,932,-1,932,914,912,-1,932,912,910,-1,894,892,896,-1,896,892,890,-1,896,890,898,-1,898,890,888,-1,898,888,886,-1,872,955,874,-1,886,884,948,-1,948,884,882,-1,948,882,880,-1,955,956,874,-1,874,956,957,-1,874,957,876,-1,876,957,948,-1,876,948,878,-1,878,948,880,-1,856,953,858,-1,858,953,958,-1,858,958,860,-1,860,958,959,-1,860,959,862,-1,862,959,960,-1,862,960,864,-1,960,961,864,-1,864,961,962,-1,864,962,866,-1,866,962,963,-1,866,963,868,-1,868,963,954,-1,868,954,870,-1,870,954,872,-1,946,964,947,-1,947,964,965,-1,964,946,945,-1,964,945,966,-1,966,945,944,-1,966,944,967,-1,967,944,948,-1,967,948,968,-1,968,948,957,-1,968,957,969,-1,969,957,956,-1,969,956,970,-1,970,956,955,-1,970,955,971,-1,971,955,954,-1,971,954,972,-1,972,954,963,-1,972,963,973,-1,973,963,962,-1,973,962,974,-1,974,962,961,-1,974,961,975,-1,975,961,960,-1,975,960,976,-1,976,960,959,-1,976,959,977,-1,977,959,958,-1,977,958,978,-1,978,958,953,-1,978,953,979,-1,979,953,952,-1,979,952,980,-1,980,952,951,-1,980,951,981,-1,981,951,950,-1,981,950,982,-1,942,983,950,-1,950,983,982,-1,943,984,942,-1,942,984,983,-1,984,943,949,-1,984,949,985,-1,985,949,947,-1,985,947,965,-1,986,987,988,-1,988,987,989,-1,987,986,990,-1,987,990,991,-1,991,990,992,-1,991,992,993,-1,993,992,994,-1,993,994,995,-1,996,997,994,-1,994,997,995,-1,998,999,996,-1,996,999,997,-1,999,998,1000,-1,999,1000,1001,-1,1001,1000,1002,-1,1001,1002,1003,-1,1003,1002,1004,-1,1003,1004,1005,-1,1005,1004,1006,-1,1005,1006,1007,-1,1007,1006,1008,-1,1007,1008,1009,-1,1009,1008,1010,-1,1009,1010,1011,-1,1011,1010,1012,-1,1011,1012,1013,-1,1013,1012,1014,-1,1013,1014,1015,-1,1015,1014,1016,-1,1015,1016,1017,-1,1017,1016,1018,-1,1017,1018,1019,-1,1019,1018,1020,-1,1019,1020,1021,-1,1022,1023,1020,-1,1020,1023,1021,-1,1024,1025,1022,-1,1022,1025,1023,-1,1026,1027,1024,-1,1024,1027,1025,-1,1027,1026,1028,-1,1027,1028,1029,-1,1029,1028,1030,-1,1029,1030,1031,-1,1032,1033,1030,-1,1030,1033,1031,-1,1034,1035,1032,-1,1032,1035,1033,-1,1035,1034,1036,-1,1035,1036,1037,-1,1037,1036,1038,-1,1037,1038,1039,-1,1039,1038,1040,-1,1039,1040,1041,-1,1041,1040,1042,-1,1041,1042,1043,-1,1043,1042,1044,-1,1043,1044,1045,-1,1045,1044,1046,-1,1045,1046,1047,-1,1047,1046,1048,-1,1047,1048,1049,-1,1049,1048,1050,-1,1049,1050,1051,-1,1051,1050,1052,-1,1051,1052,1053,-1,1053,1052,1054,-1,1053,1054,1055,-1,1055,1054,1056,-1,1055,1056,1057,-1,1057,1056,1058,-1,1057,1058,1059,-1,1060,1061,1058,-1,1058,1061,1059,-1,1061,1060,1062,-1,1061,1062,1063,-1,1063,1062,1064,-1,1063,1064,1065,-1,1066,1067,1064,-1,1064,1067,1065,-1,1067,1066,1068,-1,1067,1068,1069,-1,1069,1068,1070,-1,1069,1070,1071,-1,1071,1070,1072,-1,1071,1072,1073,-1,1073,1072,1074,-1,1073,1074,1075,-1,1075,1074,1076,-1,1075,1076,1077,-1,1077,1076,1078,-1,1077,1078,1079,-1,1079,1078,1080,-1,1079,1080,1081,-1,1081,1080,1082,-1,1081,1082,1083,-1,1083,1082,1084,-1,1083,1084,1085,-1,1085,1084,1086,-1,1085,1086,1087,-1,1087,1086,1088,-1,1087,1088,1089,-1,1089,1088,1090,-1,1089,1090,1091,-1,1091,1090,1092,-1,1091,1092,1093,-1,1094,1095,1092,-1,1092,1095,1093,-1,1095,1094,1096,-1,1095,1096,1097,-1,1097,1096,1098,-1,1097,1098,1099,-1,1100,1101,1098,-1,1098,1101,1099,-1,1101,1100,1102,-1,1101,1102,1103,-1,1103,1102,1104,-1,1103,1104,1105,-1,1105,1104,1106,-1,1105,1106,1107,-1,1107,1106,1108,-1,1107,1108,1109,-1,1109,1108,1110,-1,1109,1110,1111,-1,1111,1110,1112,-1,1111,1112,1113,-1,1113,1112,1114,-1,1113,1114,1115,-1,1115,1114,1116,-1,1115,1116,1117,-1,1117,1116,1118,-1,1117,1118,1119,-1,1119,1118,1120,-1,1119,1120,1121,-1,1121,1120,1122,-1,1121,1122,1123,-1,1123,1122,1124,-1,1123,1124,1125,-1,1125,1124,1126,-1,1125,1126,1127,-1,1127,1126,1128,-1,1127,1128,1129,-1,1129,1128,1130,-1,1129,1130,1131,-1,1132,1133,1130,-1,1130,1133,1131,-1,1133,1132,1134,-1,1133,1134,1135,-1,1135,1134,1136,-1,1135,1136,1137,-1,1138,1139,1136,-1,1136,1139,1137,-1,1139,1138,1140,-1,1139,1140,1141,-1,1141,1140,1142,-1,1141,1142,1143,-1,1144,1145,1142,-1,1142,1145,1143,-1,1145,1144,1146,-1,1145,1146,1147,-1,1147,1146,1148,-1,1147,1148,1149,-1,1149,1148,1150,-1,1149,1150,1151,-1,1152,1153,1150,-1,1150,1153,1151,-1,1154,1155,1152,-1,1152,1155,1153,-1,1155,1154,1156,-1,1155,1156,1157,-1,1157,1156,1158,-1,1157,1158,1159,-1,1159,1158,1160,-1,1159,1160,1161,-1,1161,1160,1162,-1,1161,1162,1163,-1,1163,1162,1164,-1,1163,1164,1165,-1,1165,1164,1166,-1,1165,1166,1167,-1,1167,1166,1168,-1,1167,1168,1169,-1,1169,1168,1170,-1,1169,1170,1171,-1,1171,1170,1172,-1,1171,1172,1173,-1,1173,1172,1174,-1,1173,1174,1175,-1,1175,1174,1176,-1,1175,1176,1177,-1,1178,1179,1176,-1,1176,1179,1177,-1,1179,1178,1180,-1,1179,1180,1181,-1,1181,1180,1182,-1,1181,1182,1183,-1,1184,1185,1182,-1,1182,1185,1183,-1,1184,988,1185,-1,1185,988,989,-1,1070,1068,1024,-1,1030,1028,1060,-1,1060,1028,1026,-1,994,992,1020,-1,1068,1066,1024,-1,1024,1066,1064,-1,1024,1064,1026,-1,1026,1064,1062,-1,1026,1062,1060,-1,1098,1096,1024,-1,1096,1094,1024,-1,1024,1094,1092,-1,1024,1092,1090,-1,1090,1088,1024,-1,1024,1088,1086,-1,1024,1086,1084,-1,988,1022,986,-1,986,1022,1020,-1,986,1020,990,-1,990,1020,992,-1,1030,1060,1032,-1,1032,1060,1058,-1,1032,1058,1034,-1,1034,1058,1056,-1,1034,1056,1054,-1,1024,1078,1076,-1,1104,1102,1184,-1,1184,1102,1100,-1,1184,1100,988,-1,988,1100,1098,-1,988,1098,1022,-1,1022,1098,1024,-1,1084,1082,1024,-1,1024,1082,1080,-1,1024,1080,1078,-1,1004,1002,1018,-1,1018,1002,1020,-1,996,994,998,-1,998,994,1020,-1,998,1020,1000,-1,1000,1020,1002,-1,1116,1114,1184,-1,1184,1114,1112,-1,1184,1112,1110,-1,1054,1052,1034,-1,1034,1052,1050,-1,1034,1050,1048,-1,1076,1074,1024,-1,1024,1074,1072,-1,1024,1072,1070,-1,1162,1160,1174,-1,1174,1160,1158,-1,1174,1158,1176,-1,1176,1158,1156,-1,1176,1156,1154,-1,1140,1138,1184,-1,1184,1138,1136,-1,1184,1136,1134,-1,1134,1132,1184,-1,1184,1132,1130,-1,1184,1130,1128,-1,1038,1044,1040,-1,1040,1044,1042,-1,1048,1046,1034,-1,1034,1046,1044,-1,1034,1044,1036,-1,1036,1044,1038,-1,1122,1120,1184,-1,1184,1120,1118,-1,1184,1118,1116,-1,1110,1108,1184,-1,1184,1108,1106,-1,1184,1106,1104,-1,1154,1152,1176,-1,1176,1152,1150,-1,1176,1150,1178,-1,1178,1150,1148,-1,1178,1148,1180,-1,1180,1148,1146,-1,1180,1146,1182,-1,1182,1146,1144,-1,1182,1144,1184,-1,1184,1144,1142,-1,1184,1142,1140,-1,1128,1126,1184,-1,1184,1126,1124,-1,1184,1124,1122,-1,1010,1008,1018,-1,1018,1008,1006,-1,1018,1006,1004,-1,1168,1174,1170,-1,1170,1174,1172,-1,1168,1166,1174,-1,1174,1166,1164,-1,1174,1164,1162,-1,1016,1014,1018,-1,1018,1014,1012,-1,1018,1012,1010,-1,1186,1187,1188,-1,1188,1187,1189,-1,1190,1191,1186,-1,1186,1191,1187,-1,1192,1193,1190,-1,1190,1193,1191,-1,1193,1192,1194,-1,1193,1194,1195,-1,1195,1194,1196,-1,1195,1196,1197,-1,1197,1196,1198,-1,1197,1198,1199,-1,1199,1198,1200,-1,1199,1200,1201,-1,1201,1200,1202,-1,1201,1202,1203,-1,1203,1202,1204,-1,1203,1204,1205,-1,1205,1204,1206,-1,1205,1206,1207,-1,1207,1206,1208,-1,1207,1208,1209,-1,1209,1208,1210,-1,1209,1210,1211,-1,1211,1210,1212,-1,1211,1212,1213,-1,1213,1212,1214,-1,1213,1214,1215,-1,1215,1214,1216,-1,1215,1216,1217,-1,1217,1216,1218,-1,1217,1218,1219,-1,1219,1218,1220,-1,1219,1220,1221,-1,1221,1220,1222,-1,1221,1222,1223,-1,1223,1222,1224,-1,1223,1224,1225,-1,1225,1224,1226,-1,1225,1226,1227,-1,1227,1226,1228,-1,1227,1228,1229,-1,1229,1228,1230,-1,1229,1230,1231,-1,1231,1230,1232,-1,1231,1232,1233,-1,1233,1232,1234,-1,1233,1234,1235,-1,1235,1234,1236,-1,1235,1236,1237,-1,1237,1236,1238,-1,1237,1238,1239,-1,1239,1238,1240,-1,1239,1240,1241,-1,1241,1240,1242,-1,1241,1242,1243,-1,1243,1242,1244,-1,1243,1244,1245,-1,1245,1244,1246,-1,1245,1246,1247,-1,1247,1246,1248,-1,1247,1248,1249,-1,1249,1248,1250,-1,1249,1250,1251,-1,1252,1253,1250,-1,1250,1253,1251,-1,1254,1255,1252,-1,1252,1255,1253,-1,1255,1254,1256,-1,1255,1256,1257,-1,1257,1256,1258,-1,1257,1258,1259,-1,1259,1258,1260,-1,1259,1260,1261,-1,1261,1260,1262,-1,1261,1262,1263,-1,1263,1262,1264,-1,1263,1264,1265,-1,1265,1264,1266,-1,1265,1266,1267,-1,1267,1266,1268,-1,1267,1268,1269,-1,1269,1268,1270,-1,1269,1270,1271,-1,1271,1270,1272,-1,1271,1272,1273,-1,1273,1272,1274,-1,1273,1274,1275,-1,1275,1274,1276,-1,1275,1276,1277,-1,1277,1276,1278,-1,1277,1278,1279,-1,1279,1278,1280,-1,1279,1280,1281,-1,1281,1280,1282,-1,1281,1282,1283,-1,1283,1282,1284,-1,1283,1284,1285,-1,1285,1284,1286,-1,1285,1286,1287,-1,1287,1286,1288,-1,1287,1288,1289,-1,1289,1288,1290,-1,1289,1290,1291,-1,1291,1290,1292,-1,1291,1292,1293,-1,1293,1292,1294,-1,1293,1294,1295,-1,1295,1294,1296,-1,1295,1296,1297,-1,1297,1296,1298,-1,1297,1298,1299,-1,1299,1298,1300,-1,1299,1300,1301,-1,1301,1300,1302,-1,1301,1302,1303,-1,1303,1302,1304,-1,1303,1304,1305,-1,1305,1304,1306,-1,1305,1306,1307,-1,1308,1309,1306,-1,1306,1309,1307,-1,1308,1188,1309,-1,1309,1188,1189,-1,1190,1186,1308,-1,1308,1186,1188,-1,1306,1202,1308,-1,1308,1202,1200,-1,1308,1200,1198,-1,1192,1190,1194,-1,1194,1190,1308,-1,1194,1308,1196,-1,1196,1308,1198,-1,1306,1304,1202,-1,1202,1304,1302,-1,1202,1302,1204,-1,1204,1302,1300,-1,1204,1300,1206,-1,1206,1300,1298,-1,1206,1298,1208,-1,1298,1296,1208,-1,1208,1296,1294,-1,1208,1294,1210,-1,1210,1294,1292,-1,1210,1292,1212,-1,1212,1292,1290,-1,1212,1290,1214,-1,1214,1290,1288,-1,1214,1288,1216,-1,1216,1288,1218,-1,1218,1288,1286,-1,1218,1286,1220,-1,1220,1286,1284,-1,1220,1284,1222,-1,1222,1284,1282,-1,1222,1282,1224,-1,1224,1282,1280,-1,1224,1280,1226,-1,1226,1280,1278,-1,1226,1278,1228,-1,1228,1278,1276,-1,1228,1276,1230,-1,1230,1276,1274,-1,1230,1274,1232,-1,1232,1274,1272,-1,1232,1272,1234,-1,1234,1272,1270,-1,1234,1270,1236,-1,1236,1270,1268,-1,1236,1268,1238,-1,1238,1268,1266,-1,1238,1266,1240,-1,1240,1266,1264,-1,1240,1264,1242,-1,1242,1264,1262,-1,1242,1262,1244,-1,1244,1262,1260,-1,1244,1260,1246,-1,1246,1260,1258,-1,1246,1258,1248,-1,1248,1258,1256,-1,1248,1256,1250,-1,1250,1256,1254,-1,1250,1254,1252,-1,1310,1311,1312,-1,1312,1311,1313,-1,1312,1313,1314,-1,1314,1313,1315,-1,1314,1315,1316,-1,1316,1315,1317,-1,1316,1317,1318,-1,1318,1317,1319,-1,1318,1319,1320,-1,1321,1322,1319,-1,1319,1322,1320,-1,1322,1321,1323,-1,1322,1323,1324,-1,1324,1323,1325,-1,1324,1325,1326,-1,1326,1325,1327,-1,1326,1327,1328,-1,1328,1327,1329,-1,1328,1329,1330,-1,1330,1329,1331,-1,1330,1331,1332,-1,1332,1331,1333,-1,1332,1333,1334,-1,1334,1333,1335,-1,1334,1335,1336,-1,1336,1335,1337,-1,1336,1337,1338,-1,1338,1337,1339,-1,1338,1339,1340,-1,1340,1339,1341,-1,1340,1341,1342,-1,1342,1341,1343,-1,1342,1343,1344,-1,1344,1343,1345,-1,1344,1345,1346,-1,1346,1345,1347,-1,1346,1347,1348,-1,1348,1347,1349,-1,1348,1349,1350,-1,1350,1349,1351,-1,1350,1351,1352,-1,1352,1351,1353,-1,1352,1353,1354,-1,1354,1353,1355,-1,1354,1355,1356,-1,1356,1355,1357,-1,1356,1357,1358,-1,1358,1357,1359,-1,1358,1359,1360,-1,1360,1359,1361,-1,1360,1361,1362,-1,1362,1361,1363,-1,1362,1363,1364,-1,1364,1363,1365,-1,1364,1365,1366,-1,1367,1368,1365,-1,1365,1368,1366,-1,1369,1370,1367,-1,1367,1370,1368,-1,1370,1369,1371,-1,1370,1371,1372,-1,1372,1371,1373,-1,1372,1373,1374,-1,1374,1373,1375,-1,1374,1375,1376,-1,1376,1375,1377,-1,1376,1377,1378,-1,1378,1377,1379,-1,1378,1379,1380,-1,1380,1379,1381,-1,1380,1381,1382,-1,1382,1381,1383,-1,1382,1383,1384,-1,1384,1383,1385,-1,1384,1385,1386,-1,1386,1385,1387,-1,1386,1387,1388,-1,1388,1387,1389,-1,1388,1389,1390,-1,1390,1389,1391,-1,1390,1391,1392,-1,1393,1394,1391,-1,1391,1394,1392,-1,1395,1396,1393,-1,1393,1396,1394,-1,1396,1395,1397,-1,1396,1397,1398,-1,1398,1397,1399,-1,1398,1399,1400,-1,1401,1402,1399,-1,1399,1402,1400,-1,1401,1311,1402,-1,1402,1311,1310,-1,1333,1331,1359,-1,1359,1331,1329,-1,1359,1329,1361,-1,1335,1333,1337,-1,1337,1333,1359,-1,1337,1359,1339,-1,1339,1359,1357,-1,1339,1357,1341,-1,1395,1393,1321,-1,1321,1393,1391,-1,1321,1391,1389,-1,1329,1327,1361,-1,1361,1327,1325,-1,1361,1325,1363,-1,1363,1325,1323,-1,1311,1401,1313,-1,1313,1401,1399,-1,1313,1399,1315,-1,1315,1399,1397,-1,1315,1397,1317,-1,1317,1397,1395,-1,1317,1395,1319,-1,1319,1395,1321,-1,1389,1387,1321,-1,1321,1387,1385,-1,1321,1385,1383,-1,1345,1355,1353,-1,1355,1345,1357,-1,1357,1345,1343,-1,1357,1343,1341,-1,1383,1381,1321,-1,1321,1381,1379,-1,1321,1379,1377,-1,1377,1375,1321,-1,1321,1375,1373,-1,1321,1373,1371,-1,1371,1369,1321,-1,1321,1369,1367,-1,1321,1367,1323,-1,1323,1367,1365,-1,1323,1365,1363,-1,1353,1351,1345,-1,1345,1351,1349,-1,1345,1349,1347,-1,814,815,810,-1,810,809,811,-1,811,812,810,-1,810,812,813,-1,810,813,814,-1,983,984,982,-1,982,984,985,-1,985,965,982,-1,982,965,964,-1,982,964,966,-1,980,981,973,-1,973,981,982,-1,973,982,972,-1,980,973,979,-1,979,973,974,-1,979,974,975,-1,966,967,982,-1,982,967,968,-1,982,968,969,-1,975,976,979,-1,979,976,977,-1,979,977,978,-1,969,970,982,-1,982,970,971,-1,982,971,972,-1,
        ]
    }
}
Shape{
    appearance Appearance {
        material  Material 	{
            diffuseColor 0.6470588235294118 0.6196078431372549 0.5882352941176471
            specularColor 0.45098039215686275 0.43529411764705883 0.4117647058823529
            ambientIntensity 0.2
            transparency 0
            shininess 0.5
        }
    }
    geometry IndexedFaceSet {
        ccw TRUE
        solid FALSE
        coord DEF co Coordinate {
            point [
                -1.3425 1.3583 -0.9843, -1.3425 1.3583 0.9449, -1.6575 1.3583 -0.9843, -1.6575 1.3583 0.9449, -1.5787 1.437 -1.378, -1.5787 1.5945 -1.378, -1.4213 1.437 -1.378, -1.4213 1.5945 -1.378, -1.6575 1.6732 -0.9843, -1.6575 1.6732 0.9449, -1.3425 1.6732 -0.9843, -1.3425 1.6732 0.9449, -1.6575 1.6645 1.0557, -1.3425 1.6645 1.0557, -1.6575 1.6385 1.1639, -1.3425 1.6385 1.1639, -1.6575 1.596 1.2666, -1.3425 1.596 1.2666, -1.6575 1.5379 1.3614, -1.3425 1.5379 1.3614, -1.6575 1.4657 1.446, -1.3425 1.4657 1.446, -1.6575 1.3811 1.5182, -1.3425 1.3811 1.5182, -1.6575 1.2863 1.5763, -1.3425 1.2863 1.5763, -1.6575 1.1836 1.6189, -1.3425 1.1836 1.6189, -1.6575 1.0754 1.6448, -1.3425 1.0754 1.6448, -1.6575 0.9646 1.6535, -1.3425 0.9646 1.6535, -1.3425 -1.0039 1.6535, -1.6575 -1.0039 1.6535, -1.5787 -1.3976 1.5748, -1.5787 -1.3976 1.4173, -1.4213 -1.3976 1.5748, -1.4213 -1.3976 1.4173, -1.6575 -1.0039 1.3386, -1.6575 0.9646 1.3386, -1.3425 -1.0039 1.3386, -1.3425 0.9646 1.3386, -1.3425 1.0522 1.3287, -1.6575 1.0522 1.3287, -1.3425 1.1354 1.2996, -1.6575 1.1354 1.2996, -1.3425 1.21 1.2527, -1.6575 1.21 1.2527, -1.3425 1.2724 1.1904, -1.6575 1.2724 1.1904, -1.3425 1.3193 1.1157, -1.6575 1.3193 1.1157, -1.3425 1.3484 1.0325, -1.6575 1.3484 1.0325, -0.3425 1.3583 -0.9843, -0.3425 1.3583 0.9449, -0.6575 1.3583 -0.9843, -0.6575 1.3583 0.9449, -0.5787 1.437 -1.378, -0.5787 1.5945 -1.378, -0.4213 1.437 -1.378, -0.4213 1.5945 -1.378, -0.6575 1.6732 -0.9843, -0.6575 1.6732 0.9449, -0.3425 1.6732 -0.9843, -0.3425 1.6732 0.9449, -0.6575 1.6645 1.0557, -0.3425 1.6645 1.0557, -0.6575 1.6385 1.1639, -0.3425 1.6385 1.1639, -0.6575 1.596 1.2666, -0.3425 1.596 1.2666, -0.6575 1.5379 1.3614, -0.3425 1.5379 1.3614, -0.6575 1.4657 1.446, -0.3425 1.4657 1.446, -0.6575 1.3811 1.5182, -0.3425 1.3811 1.5182, -0.6575 1.2863 1.5763, -0.3425 1.2863 1.5763, -0.6575 1.1836 1.6189, -0.3425 1.1836 1.6189, -0.6575 1.0754 1.6448, -0.3425 1.0754 1.6448, -0.6575 0.9646 1.6535, -0.3425 0.9646 1.6535, -0.3425 -1.0039 1.6535, -0.6575 -1.0039 1.6535, -0.5787 -1.3976 1.5748, -0.5787 -1.3976 1.4173, -0.4213 -1.3976 1.5748, -0.4213 -1.3976 1.4173, -0.6575 -1.0039 1.3386, -0.6575 0.9646 1.3386, -0.3425 -1.0039 1.3386, -0.3425 0.9646 1.3386, -0.3425 1.0522 1.3287, -0.6575 1.0522 1.3287, -0.3425 1.1354 1.2996, -0.6575 1.1354 1.2996, -0.3425 1.21 1.2527, -0.6575 1.21 1.2527, -0.3425 1.2724 1.1904, -0.6575 1.2724 1.1904, -0.3425 1.3193 1.1157, -0.6575 1.3193 1.1157, -0.3425 1.3484 1.0325, -0.6575 1.3484 1.0325, 0.6575 1.3583 -0.9843, 0.6575 1.3583 0.9449, 0.3425 1.3583 -0.9843, 0.3425 1.3583 0.9449, 0.4213 1.437 -1.378, 0.4213 1.5945 -1.378, 0.5787 1.437 -1.378, 0.5787 1.5945 -1.378, 0.3425 1.6732 -0.9843, 0.3425 1.6732 0.9449, 0.6575 1.6732 -0.9843, 0.6575 1.6732 0.9449, 0.3425 1.6645 1.0557, 0.6575 1.6645 1.0557, 0.3425 1.6385 1.1639, 0.6575 1.6385 1.1639, 0.3425 1.596 1.2666, 0.6575 1.596 1.2666, 0.3425 1.5379 1.3614, 0.6575 1.5379 1.3614, 0.3425 1.4657 1.446, 0.6575 1.4657 1.446, 0.3425 1.3811 1.5182, 0.6575 1.3811 1.5182, 0.3425 1.2863 1.5763, 0.6575 1.2863 1.5763, 0.3425 1.1836 1.6189, 0.6575 1.1836 1.6189, 0.3425 1.0754 1.6448, 0.6575 1.0754 1.6448, 0.3425 0.9646 1.6535, 0.6575 0.9646 1.6535, 0.6575 -1.0039 1.6535, 0.3425 -1.0039 1.6535, 0.4213 -1.3976 1.5748, 0.4213 -1.3976 1.4173, 0.5787 -1.3976 1.5748, 0.5787 -1.3976 1.4173, 0.3425 -1.0039 1.3386, 0.3425 0.9646 1.3386, 0.6575 -1.0039 1.3386, 0.6575 0.9646 1.3386, 0.6575 1.0522 1.3287, 0.3425 1.0522 1.3287, 0.6575 1.1354 1.2996, 0.3425 1.1354 1.2996, 0.6575 1.21 1.2527, 0.3425 1.21 1.2527, 0.6575 1.2724 1.1904, 0.3425 1.2724 1.1904, 0.6575 1.3193 1.1157, 0.3425 1.3193 1.1157, 0.6575 1.3484 1.0325, 0.3425 1.3484 1.0325, 1.6575 1.3583 -0.9843, 1.6575 1.3583 0.9449, 1.3425 1.3583 -0.9843, 1.3425 1.3583 0.9449, 1.4213 1.437 -1.378, 1.4213 1.5945 -1.378, 1.5787 1.437 -1.378, 1.5787 1.5945 -1.378, 1.3425 1.6732 -0.9843, 1.3425 1.6732 0.9449, 1.6575 1.6732 -0.9843, 1.6575 1.6732 0.9449, 1.3425 1.6645 1.0557, 1.6575 1.6645 1.0557, 1.3425 1.6385 1.1639, 1.6575 1.6385 1.1639, 1.3425 1.596 1.2666, 1.6575 1.596 1.2666, 1.3425 1.5379 1.3614, 1.6575 1.5379 1.3614, 1.3425 1.4657 1.446, 1.6575 1.4657 1.446, 1.3425 1.3811 1.5182, 1.6575 1.3811 1.5182, 1.3425 1.2863 1.5763, 1.6575 1.2863 1.5763, 1.3425 1.1836 1.6189, 1.6575 1.1836 1.6189, 1.3425 1.0754 1.6448, 1.6575 1.0754 1.6448, 1.3425 0.9646 1.6535, 1.6575 0.9646 1.6535, 1.6575 -1.0039 1.6535, 1.3425 -1.0039 1.6535, 1.4213 -1.3976 1.5748, 1.4213 -1.3976 1.4173, 1.5787 -1.3976 1.5748, 1.5787 -1.3976 1.4173, 1.3425 -1.0039 1.3386, 1.3425 0.9646 1.3386, 1.6575 -1.0039 1.3386, 1.6575 0.9646 1.3386, 1.6575 1.0522 1.3287, 1.3425 1.0522 1.3287, 1.6575 1.1354 1.2996, 1.3425 1.1354 1.2996, 1.6575 1.21 1.2527, 1.3425 1.21 1.2527, 1.6575 1.2724 1.1904, 1.3425 1.2724 1.1904, 1.6575 1.3193 1.1157, 1.3425 1.3193 1.1157, 1.6575 1.3484 1.0325, 1.3425 1.3484 1.0325, 2.6575 1.3583 -0.9843, 2.6575 1.3583 0.9449, 2.3425 1.3583 -0.9843, 2.3425 1.3583 0.9449, 2.4213 1.437 -1.378, 2.4213 1.5945 -1.378, 2.5787 1.437 -1.378, 2.5787 1.5945 -1.378, 2.3425 1.6732 -0.9843, 2.3425 1.6732 0.9449, 2.6575 1.6732 -0.9843, 2.6575 1.6732 0.9449, 2.3425 1.6645 1.0557, 2.6575 1.6645 1.0557, 2.3425 1.6385 1.1639, 2.6575 1.6385 1.1639, 2.3425 1.596 1.2666, 2.6575 1.596 1.2666, 2.3425 1.5379 1.3614, 2.6575 1.5379 1.3614, 2.3425 1.4657 1.446, 2.6575 1.4657 1.446, 2.3425 1.3811 1.5182, 2.6575 1.3811 1.5182, 2.3425 1.2863 1.5763, 2.6575 1.2863 1.5763, 2.3425 1.1836 1.6189, 2.6575 1.1836 1.6189, 2.3425 1.0754 1.6448, 2.6575 1.0754 1.6448, 2.3425 0.9646 1.6535, 2.6575 0.9646 1.6535, 2.6575 -1.0039 1.6535, 2.3425 -1.0039 1.6535, 2.4213 -1.3976 1.5748, 2.4213 -1.3976 1.4173, 2.5787 -1.3976 1.5748, 2.5787 -1.3976 1.4173, 2.3425 -1.0039 1.3386, 2.3425 0.9646 1.3386, 2.6575 -1.0039 1.3386, 2.6575 0.9646 1.3386, 2.6575 1.0522 1.3287, 2.3425 1.0522 1.3287, 2.6575 1.1354 1.2996, 2.3425 1.1354 1.2996, 2.6575 1.21 1.2527, 2.3425 1.21 1.2527, 2.6575 1.2724 1.1904, 2.3425 1.2724 1.1904, 2.6575 1.3193 1.1157, 2.3425 1.3193 1.1157, 2.6575 1.3484 1.0325, 2.3425 1.3484 1.0325, 2.3425 1.3484 1.0325
            ]
        }
        coordIndex [
            0,1,2,-1,2,1,3,-1,4,5,6,-1,6,5,7,-1,8,9,10,-1,10,9,11,-1,11,9,12,-1,11,12,13,-1,13,12,14,-1,13,14,15,-1,15,14,16,-1,15,16,17,-1,17,16,18,-1,17,18,19,-1,19,18,20,-1,19,20,21,-1,21,20,22,-1,21,22,23,-1,23,22,24,-1,23,24,25,-1,25,24,26,-1,25,26,27,-1,27,26,28,-1,27,28,29,-1,29,28,30,-1,29,30,31,-1,32,31,33,-1,33,31,30,-1,34,35,36,-1,36,35,37,-1,38,39,40,-1,40,39,41,-1,41,39,42,-1,42,39,43,-1,42,43,44,-1,44,43,45,-1,44,45,46,-1,46,45,47,-1,46,47,48,-1,48,47,49,-1,48,49,50,-1,50,49,51,-1,50,51,52,-1,52,51,53,-1,52,53,1,-1,1,53,3,-1,32,40,31,-1,31,40,41,-1,31,41,29,-1,29,41,42,-1,29,42,27,-1,27,42,44,-1,52,15,50,-1,50,15,17,-1,50,17,48,-1,0,10,1,-1,1,10,11,-1,1,11,52,-1,52,11,13,-1,52,13,15,-1,17,19,48,-1,48,19,21,-1,48,21,46,-1,46,21,23,-1,46,23,44,-1,44,23,25,-1,44,25,27,-1,38,33,39,-1,39,33,30,-1,39,30,43,-1,51,14,53,-1,53,14,12,-1,53,12,3,-1,3,12,9,-1,3,9,2,-1,2,9,8,-1,30,28,43,-1,43,28,26,-1,43,26,45,-1,45,26,24,-1,45,24,47,-1,24,22,47,-1,47,22,20,-1,47,20,49,-1,49,20,18,-1,49,18,51,-1,51,18,16,-1,51,16,14,-1,10,7,8,-1,8,7,5,-1,0,6,10,-1,10,6,7,-1,4,2,5,-1,5,2,8,-1,2,4,0,-1,0,4,6,-1,40,37,38,-1,38,37,35,-1,32,36,40,-1,40,36,37,-1,34,33,35,-1,35,33,38,-1,33,34,32,-1,32,34,36,-1,54,55,56,-1,56,55,57,-1,58,59,60,-1,60,59,61,-1,62,63,64,-1,64,63,65,-1,65,63,66,-1,65,66,67,-1,67,66,68,-1,67,68,69,-1,69,68,70,-1,69,70,71,-1,71,70,72,-1,71,72,73,-1,73,72,74,-1,73,74,75,-1,75,74,76,-1,75,76,77,-1,77,76,78,-1,77,78,79,-1,79,78,80,-1,79,80,81,-1,81,80,82,-1,81,82,83,-1,83,82,84,-1,83,84,85,-1,86,85,87,-1,87,85,84,-1,88,89,90,-1,90,89,91,-1,92,93,94,-1,94,93,95,-1,95,93,96,-1,96,93,97,-1,96,97,98,-1,98,97,99,-1,98,99,100,-1,100,99,101,-1,100,101,102,-1,102,101,103,-1,102,103,104,-1,104,103,105,-1,104,105,106,-1,106,105,107,-1,106,107,55,-1,55,107,57,-1,86,94,85,-1,85,94,95,-1,85,95,83,-1,83,95,96,-1,83,96,81,-1,81,96,98,-1,106,69,104,-1,104,69,71,-1,104,71,102,-1,54,64,55,-1,55,64,65,-1,55,65,106,-1,106,65,67,-1,106,67,69,-1,71,73,102,-1,102,73,75,-1,102,75,100,-1,100,75,77,-1,100,77,98,-1,98,77,79,-1,98,79,81,-1,92,87,93,-1,93,87,84,-1,93,84,97,-1,105,68,107,-1,107,68,66,-1,107,66,57,-1,57,66,63,-1,57,63,56,-1,56,63,62,-1,84,82,97,-1,97,82,80,-1,97,80,99,-1,99,80,78,-1,99,78,101,-1,78,76,101,-1,101,76,74,-1,101,74,103,-1,103,74,72,-1,103,72,105,-1,105,72,70,-1,105,70,68,-1,64,61,62,-1,62,61,59,-1,54,60,64,-1,64,60,61,-1,58,56,59,-1,59,56,62,-1,56,58,54,-1,54,58,60,-1,94,91,92,-1,92,91,89,-1,86,90,94,-1,94,90,91,-1,88,87,89,-1,89,87,92,-1,87,88,86,-1,86,88,90,-1,108,109,110,-1,110,109,111,-1,112,113,114,-1,114,113,115,-1,116,117,118,-1,118,117,119,-1,119,117,120,-1,119,120,121,-1,121,120,122,-1,121,122,123,-1,123,122,124,-1,123,124,125,-1,125,124,126,-1,125,126,127,-1,127,126,128,-1,127,128,129,-1,129,128,130,-1,129,130,131,-1,131,130,132,-1,131,132,133,-1,133,132,134,-1,133,134,135,-1,135,134,136,-1,135,136,137,-1,137,136,138,-1,137,138,139,-1,140,139,141,-1,141,139,138,-1,142,143,144,-1,144,143,145,-1,146,147,148,-1,148,147,149,-1,149,147,150,-1,150,147,151,-1,150,151,152,-1,152,151,153,-1,152,153,154,-1,154,153,155,-1,154,155,156,-1,156,155,157,-1,156,157,158,-1,158,157,159,-1,158,159,160,-1,160,159,161,-1,160,161,109,-1,109,161,111,-1,140,148,139,-1,139,148,149,-1,139,149,137,-1,137,149,150,-1,137,150,135,-1,135,150,152,-1,160,123,158,-1,158,123,125,-1,158,125,156,-1,108,118,109,-1,109,118,119,-1,109,119,160,-1,160,119,121,-1,160,121,123,-1,125,127,156,-1,156,127,129,-1,156,129,154,-1,154,129,131,-1,154,131,152,-1,152,131,133,-1,152,133,135,-1,146,141,147,-1,147,141,138,-1,147,138,151,-1,159,122,161,-1,161,122,120,-1,161,120,111,-1,111,120,117,-1,111,117,110,-1,110,117,116,-1,138,136,151,-1,151,136,134,-1,151,134,153,-1,153,134,132,-1,153,132,155,-1,132,130,155,-1,155,130,128,-1,155,128,157,-1,157,128,126,-1,157,126,159,-1,159,126,124,-1,159,124,122,-1,118,115,116,-1,116,115,113,-1,108,114,118,-1,118,114,115,-1,112,110,113,-1,113,110,116,-1,110,112,108,-1,108,112,114,-1,148,145,146,-1,146,145,143,-1,140,144,148,-1,148,144,145,-1,142,141,143,-1,143,141,146,-1,141,142,140,-1,140,142,144,-1,162,163,164,-1,164,163,165,-1,166,167,168,-1,168,167,169,-1,170,171,172,-1,172,171,173,-1,173,171,174,-1,173,174,175,-1,175,174,176,-1,175,176,177,-1,177,176,178,-1,177,178,179,-1,179,178,180,-1,179,180,181,-1,181,180,182,-1,181,182,183,-1,183,182,184,-1,183,184,185,-1,185,184,186,-1,185,186,187,-1,187,186,188,-1,187,188,189,-1,189,188,190,-1,189,190,191,-1,191,190,192,-1,191,192,193,-1,194,193,195,-1,195,193,192,-1,196,197,198,-1,198,197,199,-1,200,201,202,-1,202,201,203,-1,203,201,204,-1,204,201,205,-1,204,205,206,-1,206,205,207,-1,206,207,208,-1,208,207,209,-1,208,209,210,-1,210,209,211,-1,210,211,212,-1,212,211,213,-1,212,213,214,-1,214,213,215,-1,214,215,163,-1,163,215,165,-1,194,202,193,-1,193,202,203,-1,193,203,191,-1,191,203,204,-1,191,204,189,-1,189,204,206,-1,214,177,212,-1,212,177,179,-1,212,179,210,-1,162,172,163,-1,163,172,173,-1,163,173,214,-1,214,173,175,-1,214,175,177,-1,179,181,210,-1,210,181,183,-1,210,183,208,-1,208,183,185,-1,208,185,206,-1,206,185,187,-1,206,187,189,-1,200,195,201,-1,201,195,192,-1,201,192,205,-1,213,176,215,-1,215,176,174,-1,215,174,165,-1,165,174,171,-1,165,171,164,-1,164,171,170,-1,192,190,205,-1,205,190,188,-1,205,188,207,-1,207,188,186,-1,207,186,209,-1,186,184,209,-1,209,184,182,-1,209,182,211,-1,211,182,180,-1,211,180,213,-1,213,180,178,-1,213,178,176,-1,172,169,170,-1,170,169,167,-1,162,168,172,-1,172,168,169,-1,166,164,167,-1,167,164,170,-1,164,166,162,-1,162,166,168,-1,202,199,200,-1,200,199,197,-1,194,198,202,-1,202,198,199,-1,196,195,197,-1,197,195,200,-1,195,196,194,-1,194,196,198,-1,216,217,218,-1,218,217,219,-1,220,221,222,-1,222,221,223,-1,224,225,226,-1,226,225,227,-1,227,225,228,-1,227,228,229,-1,229,228,230,-1,229,230,231,-1,231,230,232,-1,231,232,233,-1,233,232,234,-1,233,234,235,-1,235,234,236,-1,235,236,237,-1,237,236,238,-1,237,238,239,-1,239,238,240,-1,239,240,241,-1,241,240,242,-1,241,242,243,-1,243,242,244,-1,243,244,245,-1,245,244,246,-1,245,246,247,-1,248,247,249,-1,249,247,246,-1,250,251,252,-1,252,251,253,-1,254,255,256,-1,256,255,257,-1,257,255,258,-1,258,255,259,-1,258,259,260,-1,260,259,261,-1,260,261,262,-1,262,261,263,-1,262,263,264,-1,264,263,265,-1,264,265,266,-1,266,265,267,-1,266,267,268,-1,268,267,269,-1,268,269,217,-1,217,269,219,-1,248,256,247,-1,247,256,257,-1,247,257,245,-1,245,257,258,-1,245,258,243,-1,243,258,260,-1,268,231,266,-1,266,231,233,-1,266,233,264,-1,216,226,217,-1,217,226,227,-1,217,227,268,-1,268,227,229,-1,268,229,231,-1,233,235,264,-1,264,235,237,-1,264,237,262,-1,262,237,239,-1,262,239,260,-1,260,239,241,-1,260,241,243,-1,254,249,255,-1,255,249,246,-1,255,246,259,-1,267,230,269,-1,269,230,228,-1,269,228,219,-1,219,228,225,-1,219,225,218,-1,218,225,224,-1,246,244,259,-1,259,244,242,-1,259,242,261,-1,261,242,240,-1,261,240,263,-1,240,238,263,-1,263,238,236,-1,263,236,265,-1,265,236,234,-1,265,234,267,-1,267,234,232,-1,267,232,230,-1,226,223,224,-1,224,223,221,-1,216,222,226,-1,226,222,223,-1,220,218,221,-1,221,218,224,-1,218,220,216,-1,216,220,222,-1,256,253,254,-1,254,253,251,-1,248,252,256,-1,256,252,253,-1,250,249,251,-1,251,249,254,-1,249,250,248,-1,248,250,252,-1,
        ]
    }
}