#VRML V2.0 utf8
# 3D model generated by easyeda2kicad.py (https://github.com/uPesy/easyeda2kicad.py)

Shape{
    appearance Appearance {
        material  Material 	{
            diffuseColor 0.6470588235294118 0.6196078431372549 0.5882352941176471
            specularColor 0.45098039215686275 0.43529411764705883 0.4117647058823529
            ambientIntensity 0.2
            transparency 0
            shininess 0.5
        }
    }
    geometry IndexedFaceSet {
        ccw TRUE
        solid FALSE
        coord DEF co Coordinate {
            point [
                -3.8425 1.3583 -0.9843, -3.8425 1.3583 0.9449, -4.1575 1.3583 -0.9843, -4.1575 1.3583 0.9449, -4.0787 1.437 -1.378, -4.0787 1.5945 -1.378, -3.9213 1.437 -1.378, -3.9213 1.5945 -1.378, -4.1575 1.6732 -0.9843, -4.1575 1.6732 0.9449, -3.8425 1.6732 -0.9843, -3.8425 1.6732 0.9449, -4.1575 1.6645 1.0557, -3.8425 1.6645 1.0557, -4.1575 1.6385 1.1639, -3.8425 1.6385 1.1639, -4.1575 1.596 1.2666, -3.8425 1.596 1.2666, -4.1575 1.5379 1.3614, -3.8425 1.5379 1.3614, -4.1575 1.4657 1.446, -3.8425 1.4657 1.446, -4.1575 1.3811 1.5182, -3.8425 1.3811 1.5182, -4.1575 1.2863 1.5763, -3.8425 1.2863 1.5763, -4.1575 1.1836 1.6189, -3.8425 1.1836 1.6189, -4.1575 1.0754 1.6448, -3.8425 1.0754 1.6448, -4.1575 0.9646 1.6535, -3.8425 0.9646 1.6535, -3.8425 -1.0039 1.6535, -4.1575 -1.0039 1.6535, -4.0787 -1.3976 1.5748, -4.0787 -1.3976 1.4173, -3.9213 -1.3976 1.5748, -3.9213 -1.3976 1.4173, -4.1575 -1.0039 1.3386, -4.1575 0.9646 1.3386, -3.8425 -1.0039 1.3386, -3.8425 0.9646 1.3386, -3.8425 1.0522 1.3287, -4.1575 1.0522 1.3287, -3.8425 1.1354 1.2996, -4.1575 1.1354 1.2996, -3.8425 1.21 1.2527, -4.1575 1.21 1.2527, -3.8425 1.2724 1.1904, -4.1575 1.2724 1.1904, -3.8425 1.3193 1.1157, -4.1575 1.3193 1.1157, -3.8425 1.3484 1.0325, -4.1575 1.3484 1.0325, -4.1575 1.3484 1.0325
            ]
        }
        coordIndex [
            0,1,2,-1,2,1,3,-1,4,5,6,-1,6,5,7,-1,8,9,10,-1,10,9,11,-1,11,9,12,-1,11,12,13,-1,13,12,14,-1,13,14,15,-1,15,14,16,-1,15,16,17,-1,17,16,18,-1,17,18,19,-1,19,18,20,-1,19,20,21,-1,21,20,22,-1,21,22,23,-1,23,22,24,-1,23,24,25,-1,25,24,26,-1,25,26,27,-1,27,26,28,-1,27,28,29,-1,29,28,30,-1,29,30,31,-1,32,31,33,-1,33,31,30,-1,34,35,36,-1,36,35,37,-1,38,39,40,-1,40,39,41,-1,41,39,42,-1,42,39,43,-1,42,43,44,-1,44,43,45,-1,44,45,46,-1,46,45,47,-1,46,47,48,-1,48,47,49,-1,48,49,50,-1,50,49,51,-1,50,51,52,-1,52,51,53,-1,52,53,1,-1,1,53,3,-1,32,40,31,-1,31,40,41,-1,31,41,29,-1,29,41,42,-1,29,42,27,-1,27,42,44,-1,52,15,50,-1,50,15,17,-1,50,17,48,-1,0,10,1,-1,1,10,11,-1,1,11,52,-1,52,11,13,-1,52,13,15,-1,17,19,48,-1,48,19,21,-1,48,21,46,-1,46,21,23,-1,46,23,44,-1,44,23,25,-1,44,25,27,-1,38,33,39,-1,39,33,30,-1,39,30,43,-1,51,14,53,-1,53,14,12,-1,53,12,3,-1,3,12,9,-1,3,9,2,-1,2,9,8,-1,30,28,43,-1,43,28,26,-1,43,26,45,-1,45,26,24,-1,45,24,47,-1,24,22,47,-1,47,22,20,-1,47,20,49,-1,49,20,18,-1,49,18,51,-1,51,18,16,-1,51,16,14,-1,10,7,8,-1,8,7,5,-1,0,6,10,-1,10,6,7,-1,4,2,5,-1,5,2,8,-1,2,4,0,-1,0,4,6,-1,40,37,38,-1,38,37,35,-1,32,36,40,-1,40,36,37,-1,34,33,35,-1,35,33,38,-1,33,34,32,-1,32,34,36,-1,
        ]
    }
}
Shape{
    appearance Appearance {
        material  Material 	{
            diffuseColor 0.24705882352941178 0.49411764705882355 0.27450980392156865
            specularColor 0.01568627450980392 0.03529411764705882 0.0196078431372549
            ambientIntensity 0.2
            transparency 0
            shininess 0.5
        }
    }
    geometry IndexedFaceSet {
        ccw TRUE
        solid FALSE
        coord DEF co Coordinate {
            point [
                -4.5 -1.7913 0.7375, -4.5 0.3324 0.7375, -4.5 -1.7913 2.295, -4.5 0.3324 1.1637, -4.5 0.3324 2.295, -4.5 0.3324 1.8597, -4.5 0.7677 1.8597, -4.5 0.7677 1.1637, 4.7953 1.9882 3.1496, 3.5 1.9882 3.1496, 4.7953 -1.9882 3.1496, 2.5 1.9882 3.1496, 1.5 1.9882 3.1496, 0.5 1.9882 3.1496, -4.7953 -1.9882 3.1496, -0.5 1.9882 3.1496, -1.5 1.9882 3.1496, -2.5 1.9882 3.1496, -3.5 1.9882 3.1496, -4.6337 1.9882 3.1496, -4.7953 1.9882 3.1496, -4.315 1.9882 2.3622, -4.315 1.9882 0.0, -4.6337 1.9882 0.0, -4.6378 1.9882 2.3622, -4.874 1.9882 2.3622, -4.874 1.9882 2.9938, 4.874 1.9882 3.0709, 4.874 1.9882 2.9938, 4.874 1.9882 2.3622, 4.6378 1.9882 2.3622, 4.6378 1.9882 0.7874, 4.315 1.9882 0.0, 4.315 1.9882 2.3622, 4.3934 1.9882 2.8379, 3.6066 1.9882 2.8379, 3.5 1.9882 2.9938, 3.6066 1.9882 2.5221, 3.5 1.9882 0.0, 3.685 1.9882 0.0, 4.7953 1.9882 0.0, 4.874 1.9882 0.7874, 4.874 1.9882 0.0787, 4.8635 1.9882 0.0394, 4.851 1.9882 0.0231, 4.8713 1.9882 0.0584, 4.8346 1.9882 0.0105, 4.8157 1.9882 0.0027, 4.851 1.9882 3.1265, 4.8346 1.9882 3.1391, 4.8157 1.9882 3.1469, 4.8635 1.9882 3.1102, 4.8713 1.9882 3.0912, -4.8713 1.9882 3.0912, -4.8635 1.9882 3.1102, -4.851 1.9882 3.1265, -4.8346 1.9882 3.1391, -4.8157 1.9882 3.1469, -4.874 1.9882 0.0787, -4.874 1.9882 0.7874, -4.6378 1.9882 0.7874, -4.6337 1.9882 2.9938, -4.874 1.9882 3.0709, -4.7953 1.9882 0.0, -4.8157 1.9882 0.0027, -4.8713 1.9882 0.0584, -4.8346 1.9882 0.0105, -4.8635 1.9882 0.0394, -4.851 1.9882 0.0231, -3.5 1.9882 0.0, -3.685 1.9882 0.0, -3.685 1.9882 2.3622, -3.5 1.9882 2.9938, -3.6066 1.9882 2.8379, -4.3934 1.9882 2.8379, -4.3934 1.9882 2.5221, -3.6066 1.9882 2.5221, -2.5 1.9882 0.0, -2.685 1.9882 0.0, -2.685 1.9882 2.3622, -3.315 1.9882 2.3622, -3.3934 1.9882 2.5221, -2.6066 1.9882 2.5221, -2.5 1.9882 2.9938, -2.6066 1.9882 2.8379, -3.3934 1.9882 2.8379, -3.315 1.9882 0.0, -1.5 1.9882 0.0, -1.685 1.9882 0.0, -1.685 1.9882 2.3622, -2.315 1.9882 2.3622, -2.3934 1.9882 2.5221, -1.6066 1.9882 2.5221, -1.5 1.9882 2.9938, -1.6066 1.9882 2.8379, -2.3934 1.9882 2.8379, -2.315 1.9882 0.0, -0.5 1.9882 0.0, -0.685 1.9882 0.0, -0.685 1.9882 2.3622, -1.315 1.9882 2.3622, -1.3934 1.9882 2.5221, -0.6066 1.9882 2.5221, -0.5 1.9882 2.9938, -0.6066 1.9882 2.8379, -1.3934 1.9882 2.8379, -1.315 1.9882 0.0, 0.5 1.9882 0.0, 0.315 1.9882 0.0, 0.315 1.9882 2.3622, -0.315 1.9882 2.3622, -0.3934 1.9882 2.5221, 0.3934 1.9882 2.5221, 0.5 1.9882 2.9938, 0.3934 1.9882 2.8379, -0.3934 1.9882 2.8379, -0.315 1.9882 0.0, 1.5 1.9882 0.0, 1.315 1.9882 0.0, 1.315 1.9882 2.3622, 0.685 1.9882 2.3622, 0.6066 1.9882 2.5221, 1.3934 1.9882 2.5221, 1.5 1.9882 2.9938, 1.3934 1.9882 2.8379, 0.6066 1.9882 2.8379, 0.685 1.9882 0.0, 2.5 1.9882 0.0, 2.315 1.9882 0.0, 2.315 1.9882 2.3622, 1.685 1.9882 2.3622, 1.6066 1.9882 2.5221, 2.3934 1.9882 2.5221, 2.5 1.9882 2.9938, 2.3934 1.9882 2.8379, 1.6066 1.9882 2.8379, 1.685 1.9882 0.0, 3.3934 1.9882 2.5221, 3.315 1.9882 2.3622, 2.6066 1.9882 2.5221, 2.685 1.9882 2.3622, 3.315 1.9882 0.0, 3.3934 1.9882 2.8379, 2.6066 1.9882 2.8379, 2.685 1.9882 0.0, 4.3934 1.9882 2.5221, 3.685 1.9882 2.3622, -4.4571 -0.8262 0.0, -4.4489 -0.816 0.0, -4.1112 -0.816 0.0, -3.315 1.2008 0.0, -2.685 1.2008 0.0, 4.7953 -0.816 0.0, -3.685 1.2008 0.0, -2.315 1.2008 0.0, -3.9467 -0.7887 0.0, -3.9477 -0.7881 0.0, -3.8696 -0.4735 0.0, -4.0572 -0.6467 0.0, -4.0096 -0.6529 0.0, -4.0572 -0.7713 0.0, -3.99 -0.6569 0.0, -3.9666 -0.6677 0.0, -3.9501 -0.7877 0.0, -3.9592 -0.7865 0.0, -3.9495 -0.6426 0.0, -3.9505 -0.642 0.0, -3.9519 -0.4938 0.0, -3.9725 -0.7848 0.0, -3.9859 -0.7832 0.0, -3.9717 -0.6648 0.0, -3.9774 -0.6613 0.0, -3.9476 -0.6463 0.0, -3.9477 -0.6455 0.0, -4.0876 -0.7932 0.0, -4.0876 -0.7945 0.0, -4.0871 -0.7957 0.0, -4.0869 -0.7959 0.0, -4.0866 -0.796 0.0, -4.0858 -0.7962 0.0, -3.8915 -0.7937 0.0, -3.9637 -0.8137 0.0, -3.892 -0.7927 0.0, -3.8924 -0.7913 0.0, -3.866 -0.4441 0.0, -4.1112 1.2008 0.0, -3.8645 -0.444 0.0, -3.864 -0.4442 0.0, -1.685 1.2008 0.0, -1.315 1.2008 0.0, -0.685 1.2008 0.0, -3.948 -0.6445 0.0, -3.9487 -0.6434 0.0, -4.0875 -0.795 0.0, -4.0873 -0.7954 0.0, -3.7593 -0.4728 0.0, -3.7703 -0.4648 0.0, -3.6776 -0.4326 0.0, -3.7823 -0.8047 0.0, -3.7696 -0.8016 0.0, -3.6066 -0.816 0.0, -0.315 1.2008 0.0, -4.0572 -0.6269 0.0, -4.0572 -0.4735 0.0, -3.9728 -0.4853 0.0, -3.8708 -0.4472 0.0, -3.8789 -0.4547 0.0, -3.9488 -0.7878 0.0, -3.8908 -0.4731 0.0, -3.8904 -0.4734 0.0, -3.8899 -0.4735 0.0, -3.8885 -0.4736 0.0, -3.8 -0.8058 0.0, -3.7592 -0.7962 0.0, -3.7499 -0.7879 0.0, -3.7408 -0.7748 0.0, -3.9516 -0.6417 0.0, -3.953 -0.6416 0.0, -3.9569 -0.491 0.0, -3.9646 -0.4874 0.0, -3.9463 -0.7949 0.0, -3.9456 -0.7935 0.0, -3.8924 -0.79 0.0, -3.9454 -0.7901 0.0, -3.877 -0.7741 0.0, -3.9452 -0.7909 0.0, -3.8871 -0.7826 0.0, -3.8896 -0.7846 0.0, -3.9459 -0.7895 0.0, -3.8696 -0.7702 0.0, -3.8734 -0.7719 0.0, -3.8917 -0.4693 0.0, -3.8919 -0.4699 0.0, -3.8919 -0.4705 0.0, -3.8918 -0.4713 0.0, -3.8865 -0.4735 0.0, -3.8786 -0.4735 0.0, -3.6773 -0.432 0.0, -3.9474 -0.7968 0.0, -3.9452 -0.7925 0.0, -3.9451 -0.7917 0.0, -3.8921 -0.7886 0.0, -3.8911 -0.7865 0.0, -3.949 -0.6497 0.0, -3.9482 -0.6484 0.0, -3.9478 -0.6472 0.0, -3.891 -0.4729 0.0, -3.8913 -0.4724 0.0, -3.9501 -0.6512 0.0, -4.0843 -0.7963 0.0, -4.0827 -0.7962 0.0, -4.0719 -0.7945 0.0, -4.0697 -0.4469 0.0, -4.0726 -0.4468 0.0, -4.0741 -0.4471 0.0, -4.0754 -0.4476 0.0, 0.315 1.2008 0.0, 0.685 1.2008 0.0, 1.315 1.2008 0.0, -3.8897 -0.4664 0.0, -3.8907 -0.4676 0.0, -3.8913 -0.4686 0.0, -4.0623 -0.7933 0.0, -4.0526 -0.7933 0.0, -4.051 -0.7933 0.0, -3.6761 -0.4312 0.0, -3.6765 -0.4314 0.0, -3.6769 -0.4316 0.0, -4.0733 -0.5049 0.0, -4.0789 -0.4569 0.0, -4.0736 -0.4978 0.0, -4.0787 -0.4581 0.0, -4.0736 -0.487 0.0, -4.0751 -0.4724 0.0, 1.685 1.2008 0.0, -3.8815 -0.4576 0.0, -3.8883 -0.4649 0.0, -4.0067 -0.799 0.0, -3.9872 -0.803 0.0, -3.5244 -0.432 0.0, -3.6718 -0.4366 0.0, -3.6725 -0.4347 0.0, -3.7495 -0.4846 0.0, -3.6833 -0.4827 0.0, -3.7377 -0.5056 0.0, -3.683 -0.4879 0.0, -3.682 -0.4911 0.0, -3.7809 -0.4605 0.0, -3.822 -0.4542 0.0, -3.8469 -0.4513 0.0, -3.8631 -0.7942 0.0, -3.8583 -0.7951 0.0, -3.8671 -0.4446 0.0, -3.936 -0.4762 0.0, -3.9343 -0.4738 0.0, -3.9346 -0.4688 0.0, -3.934 -0.4698 0.0, -3.9337 -0.4708 0.0, -4.073 -0.512 0.0, -4.0736 -0.7713 0.0, -4.079 -0.4537 0.0, -4.08 -0.7788 0.0, -4.0838 -0.7835 0.0, -4.0399 -0.7936 0.0, -4.0289 -0.7951 0.0, -3.9718 -0.8086 0.0, -3.9688 -0.8104 0.0, -3.678 -0.434 0.0, -3.679 -0.4411 0.0, -3.8562 -0.4488 0.0, -3.8621 -0.4452 0.0, -3.8464 -0.7962 0.0, -3.8249 -0.8024 0.0, -3.8125 -0.8048 0.0, -3.732 -0.7518 0.0, -3.7238 -0.6884 0.0, -3.6644 -0.5482 0.0, -3.7212 -0.6099 0.0, -3.6706 -0.5231 0.0, -3.7269 -0.543 0.0, -3.678 -0.4984 0.0, -3.6808 -0.4933 0.0, -3.9338 -0.4725 0.0, -3.9336 -0.4716 0.0, -4.0768 -0.4487 0.0, -4.078 -0.4502 0.0, -4.0786 -0.4514 0.0, -4.0861 -0.7868 0.0, -4.087 -0.7888 0.0, -4.0875 -0.7915 0.0, -3.5365 -0.547 0.0, -3.5433 -0.5754 0.0, -3.5977 -0.816 0.0, -3.5197 -0.496 0.0, -3.518 -0.4939 0.0, -3.5173 -0.493 0.0, -3.517 -0.4924 0.0, -3.5214 -0.4382 0.0, -3.5217 -0.4361 0.0, -3.522 -0.4346 0.0, -3.5222 -0.4337 0.0, -3.5265 -0.4335 0.0, -3.6417 -0.5776 0.0, -3.526 -0.4329 0.0, -3.6599 -0.4933 0.0, -3.6797 -0.4479 0.0, -3.6825 -0.4717 0.0, -3.9361 -0.4676 0.0, -3.9376 -0.4673 0.0, -3.9394 -0.4672 0.0, 2.315 1.2008 0.0, 2.685 1.2008 0.0, 3.315 1.2008 0.0, -3.5297 -0.5204 0.0, -3.5257 -0.5097 0.0, -3.5334 -0.5336 0.0, -3.6684 -0.4502 0.0, -3.525 -0.4321 0.0, -3.5256 -0.4325 0.0, -3.527 -0.4345 0.0, -3.5274 -0.436 0.0, -3.5647 -0.5963 0.0, -3.5313 -0.4587 0.0, -3.8907 -0.7945 0.0, -3.89 -0.7951 0.0, -3.8797 -0.7933 0.0, -3.8679 -0.7933 0.0, -3.935 -0.4682 0.0, -3.9354 -0.4679 0.0, -3.936 -0.4676 0.0, 3.685 1.2008 0.0, -3.5168 -0.4918 0.0, -3.5169 -0.4897 0.0, -3.5177 -0.4764 0.0, -3.5177 -0.4762 0.0, -3.52 -0.4508 0.0, -3.5212 -0.4412 0.0, -3.6748 -0.4314 0.0, -3.6753 -0.4312 0.0, -3.6757 -0.4312 0.0, -3.6732 -0.4333 0.0, -3.6738 -0.4324 0.0, -3.6743 -0.4318 0.0, -4.0334 -0.4547 0.0, -4.0594 -0.4502 0.0, -4.0657 -0.4479 0.0, -3.5221 -0.4996 0.0, -3.9479 -0.4667 0.0, -3.9907 -0.4614 0.0, 4.315 1.2008 0.0, -3.5225 -0.4331 0.0, -3.5228 -0.4327 0.0, -3.5232 -0.4324 0.0, -3.5236 -0.4321 0.0, -3.524 -0.432 0.0, -4.7953 -0.816 0.0, -4.3582 -0.4867 0.0, -4.3563 -0.4875 0.0, -4.2878 -0.6886 0.0, -4.1519 -0.8052 0.0, -4.1434 -0.8052 0.0, -4.1434 -0.6541 0.0, -4.315 1.2008 0.0, -4.1919 -0.8071 0.0, -4.1788 -0.7999 0.0, -4.2621 -0.777 0.0, -4.2506 -0.792 0.0, -4.4322 -0.7951 0.0, -4.2876 -0.5745 0.0, -4.1675 -0.7897 0.0, -4.1609 -0.7809 0.0, -4.1559 -0.7719 0.0, -4.2085 -0.8114 0.0, -4.2165 -0.8114 0.0, -4.233 -0.8056 0.0, -4.2246 -0.8097 0.0, -4.2748 -0.6008 0.0, -4.1468 -0.555 0.0, -4.2727 -0.6908 0.0, -4.144 -0.5849 0.0, -4.2676 -0.7204 0.0, -4.3369 -0.4702 0.0, -4.3348 -0.4679 0.0, -4.2814 -0.5361 0.0, -4.2151 -0.4456 0.0, -4.2301 -0.4503 0.0, -4.3331 -0.4621 0.0, -4.2432 -0.4579 0.0, -4.2526 -0.4676 0.0, -4.2085 -0.4638 0.0, -4.2608 -0.5199 0.0, -4.4406 -0.4706 0.0, -4.397 -0.4743 0.0, -4.3763 -0.4774 0.0, -4.3693 -0.479 0.0, -4.1392 -0.5168 0.0, -4.1457 -0.4915 0.0, -4.4406 -0.7594 0.0, -4.2741 -0.75 0.0, -4.4405 -0.7666 0.0, -4.1732 -0.4765 0.0, -4.1648 -0.4861 0.0, -4.1954 -0.7909 0.0, -4.2355 -0.7827 0.0, -4.2446 -0.7738 0.0, -4.3652 -0.481 0.0, -4.36 -0.4855 0.0, -4.2656 -0.4887 0.0, -4.3338 -0.4661 0.0, -4.3333 -0.4642 0.0, -4.1349 -0.5844 0.0, -4.1554 -0.4719 0.0, -4.1628 -0.4625 0.0, -4.1736 -0.4537 0.0, -4.4568 -0.4695 0.0, -4.4565 -0.4729 0.0, -4.4583 -0.4557 0.0, -4.4554 -0.5063 0.0, -4.438 -0.7827 0.0, -4.1958 -0.4648 0.0, -4.1833 -0.4694 0.0, -4.1574 -0.5008 0.0, -4.1493 -0.5382 0.0, -4.204 -0.7928 0.0, -4.2158 -0.7921 0.0, -4.2259 -0.7887 0.0, -4.3431 -0.4759 0.0, -4.1589 -0.7338 0.0, -4.1541 -0.6541 0.0, -4.1873 -0.4474 0.0, -4.2006 -0.4451 0.0, -4.2311 -0.4711 0.0, -4.2393 -0.4786 0.0, -4.2522 -0.4968 0.0, -4.2239 -0.4668 0.0, -4.2164 -0.4646 0.0, -4.1659 -0.7595 0.0, -4.173 -0.7734 0.0, -4.1799 -0.7817 0.0, -4.3337 -0.4609 0.0, -4.3342 -0.4603 0.0, -4.4554 -0.7611 0.0, -4.4557 -0.7887 0.0, -4.4599 -0.816 0.0, -4.2544 -0.7585 0.0, -4.1874 -0.7874 0.0, -4.4563 -0.4485 0.0, -4.4571 -0.4494 0.0, -4.4579 -0.451 0.0, -4.4583 -0.4525 0.0, -4.4537 -0.4475 0.0, -4.4548 -0.4477 0.0, -4.4556 -0.448 0.0, -4.335 -0.4598 0.0, -4.3364 -0.4593 0.0, -4.3385 -0.459 0.0, -4.3484 -0.4588 0.0, -4.3628 -0.4568 0.0, -4.4001 -0.4529 0.0, -4.4124 -0.4519 0.0, -4.4361 -0.4496 0.0, -4.4492 -0.4485 0.0, -4.4521 -0.4476 0.0, -3.6061 -0.8182 0.0, -4.1112 -1.9882 0.0, -3.5982 -0.8182 0.0, 4.7953 -1.9882 0.0, -4.461 -0.8217 0.0, -4.7953 -1.9882 0.0, -3.6066 -1.9882 2.5221, -3.8228 -1.9882 2.5221, -3.8228 -1.9882 2.295, 2.3934 -1.9882 2.5221, 2.1772 -1.9882 2.5221, 2.1772 -1.9882 2.295, 3.3934 -1.9882 2.5221, 3.1772 -1.9882 2.5221, 3.1772 -1.9882 2.295, -2.6066 -1.9882 2.5221, -2.8228 -1.9882 2.5221, -2.8228 -1.9882 2.295, -4.1772 -1.9882 2.295, -4.1772 -1.9882 2.5221, -4.6969 -1.9882 2.295, -4.3934 -1.9882 2.5221, -0.6066 -1.9882 2.5221, -0.8228 -1.9882 2.5221, -0.8228 -1.9882 2.295, -2.1772 -1.9882 2.295, -2.1772 -1.9882 2.5221, -2.3934 -1.9882 2.5221, -1.1772 -1.9882 2.295, -1.1772 -1.9882 2.5221, -1.3934 -1.9882 2.5221, 0.3934 -1.9882 2.5221, 0.1772 -1.9882 2.5221, 0.1772 -1.9882 2.295, -0.1772 -1.9882 2.295, -0.1772 -1.9882 2.5221, -0.3934 -1.9882 2.5221, 1.3934 -1.9882 2.5221, 1.1772 -1.9882 2.5221, 1.1772 -1.9882 2.295, 0.8228 -1.9882 2.295, 0.8228 -1.9882 2.5221, 0.6066 -1.9882 2.5221, -1.6066 -1.9882 2.5221, -1.8228 -1.9882 2.5221, -1.8228 -1.9882 2.295, 4.0 -1.9882 0.2375, 4.0 -1.9882 0.5407, -3.5 -1.9882 0.5407, -4.0 -1.9882 0.2375, -4.0 -1.9882 0.5407, -4.6969 -1.9882 0.5407, 1.8228 -1.9882 2.295, 1.8228 -1.9882 2.5221, 1.6066 -1.9882 2.5221, 2.8228 -1.9882 2.295, 2.8228 -1.9882 2.5221, 2.6066 -1.9882 2.5221, -4.874 -1.9882 0.0787, -4.8713 -1.9882 0.0584, -4.8635 -1.9882 0.0394, -4.851 -1.9882 0.0231, -4.8346 -1.9882 0.0105, -3.1772 -1.9882 2.295, -3.1772 -1.9882 2.5221, -3.3934 -1.9882 2.5221, 1.3934 -1.9882 2.8379, -4.8157 -1.9882 0.0027, 3.8228 -1.9882 2.295, 3.8228 -1.9882 2.5221, 3.6066 -1.9882 2.5221, -4.3934 -1.9882 2.8379, -3.6066 -1.9882 2.8379, -3.3934 -1.9882 2.8379, -2.6066 -1.9882 2.8379, -4.8157 -1.9882 3.1469, -4.8346 -1.9882 3.1391, -4.851 -1.9882 3.1265, -3.5 -1.9882 0.2375, -4.874 -1.9882 3.0709, -1.6066 -1.9882 2.8379, -2.3934 -1.9882 2.8379, -4.8635 -1.9882 3.1102, -4.8713 -1.9882 3.0912, -0.3934 -1.9882 2.8379, 0.3934 -1.9882 2.8379, -0.6066 -1.9882 2.8379, -1.3934 -1.9882 2.8379, 1.6066 -1.9882 2.8379, 2.3934 -1.9882 2.8379, 4.6969 -1.9882 0.2375, 4.874 -1.9882 0.0787, 4.6969 -1.9882 2.295, 4.874 -1.9882 3.0709, 4.8346 -1.9882 0.0105, 4.851 -1.9882 0.0231, 0.6066 -1.9882 2.8379, 2.6066 -1.9882 2.8379, 3.3934 -1.9882 2.8379, 4.1772 -1.9882 2.5221, 4.1772 -1.9882 2.295, 4.3934 -1.9882 2.5221, 4.3934 -1.9882 2.8379, 4.8713 -1.9882 3.0912, 4.8635 -1.9882 3.1102, 4.851 -1.9882 3.1265, 4.8346 -1.9882 3.1391, 4.8157 -1.9882 0.0027, 4.8635 -1.9882 0.0394, 4.8713 -1.9882 0.0584, 3.6066 -1.9882 2.8379, 4.8157 -1.9882 3.1469, 4.8157 -1.9882 3.1469
            ]
        }
        coordIndex [
            0,1,2,-1,2,1,3,-1,4,2,5,-1,5,2,3,-1,5,3,6,-1,6,3,7,-1,8,9,10,-1,10,9,11,-1,11,12,10,-1,10,12,13,-1,10,13,14,-1,13,15,14,-1,14,15,16,-1,14,16,17,-1,17,18,14,-1,14,18,19,-1,14,19,20,-1,21,22,23,-1,24,25,26,-1,27,28,8,-1,28,29,30,-1,31,32,33,-1,34,35,36,-1,36,35,37,-1,36,37,38,-1,38,37,39,-1,31,33,30,-1,32,31,40,-1,40,31,41,-1,40,41,42,-1,43,44,45,-1,45,44,46,-1,45,46,42,-1,42,46,47,-1,42,47,40,-1,8,28,9,-1,48,8,49,-1,49,8,50,-1,48,51,8,-1,8,51,52,-1,8,52,27,-1,53,54,55,-1,55,56,53,-1,53,56,57,-1,53,57,20,-1,58,59,60,-1,60,24,61,-1,61,24,26,-1,61,26,20,-1,20,26,62,-1,20,62,53,-1,63,64,65,-1,65,64,66,-1,65,66,67,-1,67,66,68,-1,69,70,71,-1,72,73,61,-1,61,73,74,-1,61,74,75,-1,65,58,63,-1,63,58,60,-1,63,60,23,-1,23,60,61,-1,23,61,21,-1,21,61,75,-1,21,75,71,-1,71,75,76,-1,71,76,69,-1,77,78,79,-1,80,81,79,-1,79,81,82,-1,79,82,77,-1,83,84,72,-1,72,84,85,-1,72,85,81,-1,80,86,81,-1,81,86,69,-1,81,69,72,-1,72,69,76,-1,72,76,73,-1,87,88,89,-1,90,91,89,-1,89,91,92,-1,89,92,87,-1,93,94,83,-1,83,94,95,-1,83,95,91,-1,90,96,91,-1,91,96,77,-1,91,77,83,-1,83,77,82,-1,83,82,84,-1,97,98,99,-1,100,101,99,-1,99,101,102,-1,99,102,97,-1,103,104,93,-1,93,104,105,-1,93,105,101,-1,100,106,101,-1,101,106,87,-1,101,87,93,-1,93,87,92,-1,93,92,94,-1,107,108,109,-1,110,111,109,-1,109,111,112,-1,109,112,107,-1,113,114,103,-1,103,114,115,-1,103,115,111,-1,110,116,111,-1,111,116,97,-1,111,97,103,-1,103,97,102,-1,103,102,104,-1,117,118,119,-1,120,121,119,-1,119,121,122,-1,119,122,117,-1,123,124,113,-1,113,124,125,-1,113,125,121,-1,120,126,121,-1,121,126,107,-1,121,107,113,-1,113,107,112,-1,113,112,114,-1,127,128,129,-1,130,131,129,-1,129,131,132,-1,129,132,127,-1,133,134,123,-1,123,134,135,-1,123,135,131,-1,130,136,131,-1,131,136,117,-1,131,117,123,-1,123,117,122,-1,123,122,124,-1,137,138,139,-1,139,138,140,-1,141,138,38,-1,38,138,137,-1,38,137,36,-1,36,137,142,-1,36,142,133,-1,133,142,143,-1,133,143,139,-1,140,144,139,-1,139,144,127,-1,139,127,133,-1,133,127,132,-1,133,132,134,-1,20,19,61,-1,61,19,18,-1,61,18,72,-1,72,18,17,-1,72,17,83,-1,83,17,16,-1,83,16,93,-1,93,16,15,-1,93,15,103,-1,103,15,13,-1,103,13,113,-1,113,13,12,-1,113,12,123,-1,123,12,11,-1,123,11,133,-1,133,11,9,-1,133,9,36,-1,36,9,28,-1,36,28,34,-1,34,28,30,-1,34,30,145,-1,145,30,33,-1,145,33,37,-1,37,33,146,-1,37,146,39,-1,147,148,149,-1,69,86,150,-1,151,152,150,-1,150,152,153,-1,150,153,69,-1,69,153,70,-1,77,96,154,-1,155,156,157,-1,158,159,160,-1,160,159,161,-1,162,163,164,-1,165,166,167,-1,164,168,162,-1,162,168,169,-1,162,169,170,-1,170,169,160,-1,170,160,171,-1,171,160,161,-1,167,172,173,-1,149,174,175,-1,176,177,149,-1,149,177,178,-1,149,178,179,-1,180,181,182,-1,182,181,183,-1,184,185,186,-1,186,185,153,-1,186,153,187,-1,188,88,87,-1,189,190,152,-1,173,191,167,-1,167,191,192,-1,167,192,165,-1,175,193,149,-1,149,193,194,-1,149,194,176,-1,195,196,197,-1,198,199,200,-1,78,77,151,-1,151,77,154,-1,151,154,152,-1,152,154,188,-1,152,188,189,-1,189,188,87,-1,189,87,106,-1,97,116,201,-1,202,203,204,-1,205,206,167,-1,156,207,208,-1,208,209,156,-1,156,209,210,-1,156,210,211,-1,198,200,212,-1,199,213,200,-1,200,213,214,-1,200,214,215,-1,166,216,167,-1,167,216,217,-1,167,217,218,-1,218,217,202,-1,218,202,219,-1,219,202,204,-1,220,221,222,-1,223,224,225,-1,225,224,226,-1,225,226,227,-1,155,157,228,-1,228,157,229,-1,228,229,223,-1,223,229,230,-1,223,230,224,-1,231,232,167,-1,167,232,233,-1,167,233,234,-1,211,235,156,-1,156,235,236,-1,156,236,157,-1,197,196,237,-1,183,181,222,-1,222,181,238,-1,222,238,220,-1,221,239,222,-1,222,239,240,-1,222,240,241,-1,241,240,225,-1,241,225,242,-1,242,225,227,-1,243,244,207,-1,207,244,245,-1,207,245,208,-1,208,245,172,-1,208,172,246,-1,246,172,167,-1,246,167,247,-1,247,167,234,-1,163,162,207,-1,207,162,248,-1,207,248,243,-1,179,249,149,-1,149,249,250,-1,149,250,251,-1,252,253,185,-1,185,253,254,-1,185,254,255,-1,256,108,107,-1,257,258,152,-1,259,260,167,-1,167,260,261,-1,167,261,231,-1,251,262,149,-1,149,262,263,-1,149,263,264,-1,153,265,266,-1,153,266,196,-1,196,266,267,-1,196,267,237,-1,268,269,270,-1,270,269,271,-1,270,271,272,-1,272,271,273,-1,98,97,190,-1,190,97,201,-1,190,201,152,-1,152,201,256,-1,152,256,257,-1,257,256,107,-1,257,107,126,-1,117,136,274,-1,206,275,167,-1,167,275,276,-1,167,276,259,-1,149,277,278,-1,279,280,281,-1,282,283,284,-1,284,283,285,-1,284,285,286,-1,196,287,153,-1,153,287,288,-1,153,288,289,-1,290,291,181,-1,205,167,292,-1,292,167,293,-1,292,293,294,-1,295,184,296,-1,296,184,292,-1,296,292,297,-1,268,298,269,-1,269,298,299,-1,269,299,300,-1,300,299,301,-1,300,301,302,-1,264,303,149,-1,149,303,304,-1,149,304,277,-1,278,305,149,-1,149,305,306,-1,149,306,181,-1,195,197,282,-1,282,197,307,-1,282,307,308,-1,289,309,153,-1,153,309,310,-1,153,310,187,-1,291,311,181,-1,181,311,312,-1,181,312,313,-1,215,314,200,-1,200,314,315,-1,200,315,316,-1,316,315,317,-1,316,317,318,-1,318,317,319,-1,318,319,320,-1,320,319,284,-1,320,284,321,-1,321,284,286,-1,294,322,292,-1,292,322,323,-1,292,323,297,-1,255,324,185,-1,185,324,325,-1,185,325,326,-1,302,327,300,-1,300,327,328,-1,300,328,149,-1,149,328,329,-1,149,329,174,-1,330,152,331,-1,331,152,332,-1,333,334,152,-1,152,334,335,-1,152,335,336,-1,337,338,152,-1,152,338,339,-1,152,339,340,-1,341,342,343,-1,343,342,344,-1,308,345,282,-1,282,345,346,-1,282,346,283,-1,347,348,185,-1,185,348,349,-1,350,128,127,-1,351,352,152,-1,353,354,355,-1,355,354,330,-1,280,279,356,-1,356,279,357,-1,356,357,344,-1,344,357,358,-1,344,358,343,-1,341,359,342,-1,342,359,360,-1,342,360,361,-1,361,360,362,-1,180,363,181,-1,181,363,364,-1,181,364,290,-1,290,364,365,-1,290,365,366,-1,295,367,184,-1,184,367,368,-1,184,368,185,-1,185,368,369,-1,185,369,347,-1,118,117,258,-1,258,117,274,-1,258,274,152,-1,152,274,350,-1,152,350,351,-1,351,350,127,-1,351,127,144,-1,38,39,370,-1,336,371,152,-1,152,371,372,-1,152,372,373,-1,373,374,152,-1,152,374,375,-1,152,375,337,-1,337,375,376,-1,377,378,153,-1,153,378,379,-1,153,379,265,-1,281,380,279,-1,279,380,381,-1,279,381,382,-1,383,384,185,-1,185,384,385,-1,185,385,252,-1,330,354,152,-1,152,354,386,-1,152,386,333,-1,349,387,185,-1,185,387,388,-1,185,388,383,-1,32,40,389,-1,389,40,152,-1,389,152,370,-1,370,152,352,-1,370,352,38,-1,38,352,141,-1,340,390,152,-1,152,390,391,-1,152,391,153,-1,153,391,392,-1,153,392,393,-1,393,394,153,-1,153,394,279,-1,153,279,377,-1,377,279,382,-1,395,63,23,-1,396,397,398,-1,399,400,149,-1,149,400,401,-1,23,22,402,-1,399,403,404,-1,405,406,407,-1,398,397,408,-1,404,409,399,-1,399,409,410,-1,399,410,411,-1,403,399,412,-1,412,399,149,-1,412,149,413,-1,413,149,148,-1,413,148,407,-1,406,414,407,-1,407,414,415,-1,407,415,413,-1,416,417,418,-1,418,417,419,-1,418,419,420,-1,421,422,423,-1,424,425,426,-1,426,425,427,-1,426,427,428,-1,429,416,430,-1,431,432,398,-1,398,432,433,-1,398,433,434,-1,435,436,185,-1,431,398,437,-1,437,398,438,-1,437,438,439,-1,416,440,441,-1,442,443,444,-1,434,445,398,-1,398,445,446,-1,398,446,396,-1,423,422,447,-1,447,422,448,-1,447,448,428,-1,428,448,449,-1,428,449,426,-1,435,185,450,-1,436,451,185,-1,185,451,452,-1,185,452,453,-1,454,455,456,-1,456,455,457,-1,405,407,438,-1,438,407,458,-1,438,458,439,-1,429,459,416,-1,416,459,460,-1,416,460,440,-1,441,461,416,-1,416,461,462,-1,416,462,417,-1,463,464,442,-1,442,464,465,-1,442,465,443,-1,408,397,423,-1,423,397,466,-1,423,466,421,-1,467,420,468,-1,468,420,419,-1,468,419,401,-1,401,419,450,-1,401,450,149,-1,149,450,185,-1,149,185,300,-1,300,185,326,-1,453,469,185,-1,185,469,470,-1,185,470,424,-1,471,430,472,-1,472,430,473,-1,471,474,430,-1,430,474,475,-1,430,475,429,-1,467,476,420,-1,420,476,477,-1,420,477,478,-1,426,479,424,-1,424,479,480,-1,424,480,185,-1,185,480,402,-1,481,482,483,-1,444,484,442,-1,442,484,420,-1,442,420,485,-1,485,420,478,-1,23,402,395,-1,395,402,486,-1,395,486,487,-1,487,488,395,-1,395,488,489,-1,395,489,456,-1,490,491,402,-1,402,491,492,-1,402,492,486,-1,480,493,402,-1,402,493,494,-1,402,494,495,-1,496,497,495,-1,495,497,498,-1,495,498,402,-1,402,498,499,-1,402,499,500,-1,500,501,402,-1,402,501,502,-1,402,502,490,-1,200,503,504,-1,504,503,505,-1,332,152,505,-1,505,152,506,-1,505,506,504,-1,457,481,456,-1,456,481,483,-1,456,483,395,-1,395,483,507,-1,395,507,147,-1,313,212,181,-1,181,212,200,-1,181,200,149,-1,149,200,504,-1,149,504,147,-1,147,504,508,-1,147,508,395,-1,509,510,511,-1,512,513,514,-1,515,516,517,-1,518,519,520,-1,521,522,523,-1,523,522,524,-1,525,526,527,-1,528,529,530,-1,531,532,533,-1,534,535,536,-1,537,538,539,-1,540,541,542,-1,543,544,545,-1,546,547,548,-1,549,550,551,-1,552,553,554,-1,555,556,557,-1,558,559,560,-1,561,562,508,-1,563,564,565,-1,566,567,568,-1,542,555,540,-1,540,555,557,-1,540,557,569,-1,563,565,562,-1,562,565,570,-1,562,570,508,-1,571,572,573,-1,14,574,575,-1,511,566,509,-1,509,566,568,-1,509,568,575,-1,575,568,576,-1,575,576,14,-1,14,576,577,-1,14,577,10,-1,14,578,574,-1,574,578,579,-1,574,579,580,-1,506,581,504,-1,504,581,552,-1,504,552,508,-1,508,552,554,-1,508,554,561,-1,561,554,523,-1,561,523,582,-1,582,523,524,-1,582,524,574,-1,583,10,584,-1,584,10,577,-1,584,577,530,-1,530,577,518,-1,530,518,528,-1,528,518,520,-1,580,585,574,-1,574,585,586,-1,574,586,582,-1,587,588,10,-1,527,537,525,-1,525,537,539,-1,525,539,589,-1,539,587,589,-1,589,587,10,-1,589,10,590,-1,590,10,583,-1,590,583,533,-1,533,583,546,-1,533,546,531,-1,531,546,548,-1,10,591,592,-1,593,594,595,-1,595,594,596,-1,593,597,598,-1,557,591,569,-1,569,591,10,-1,569,10,599,-1,599,10,588,-1,599,588,545,-1,545,588,534,-1,545,534,543,-1,543,534,536,-1,514,558,512,-1,512,558,560,-1,512,560,592,-1,592,560,600,-1,592,600,10,-1,10,600,601,-1,602,603,604,-1,604,603,595,-1,604,595,605,-1,605,595,596,-1,605,596,606,-1,606,607,605,-1,605,607,608,-1,605,608,609,-1,551,581,549,-1,549,581,506,-1,549,506,593,-1,593,506,610,-1,593,610,597,-1,598,611,593,-1,593,611,612,-1,593,612,594,-1,517,571,515,-1,515,571,573,-1,515,573,601,-1,601,573,613,-1,601,613,10,-1,10,613,605,-1,10,605,614,-1,614,605,609,-1,
        ]
    }
}
Shape{
    appearance Appearance {
        material  Material 	{
            diffuseColor 0.6470588235294118 0.6196078431372549 0.5882352941176471
            specularColor 0.45098039215686275 0.43529411764705883 0.4117647058823529
            ambientIntensity 0.2
            transparency 0
            shininess 0.5
        }
    }
    geometry IndexedFaceSet {
        ccw TRUE
        solid FALSE
        coord DEF co Coordinate {
            point [
                -4.874 1.9882 2.9938, -4.874 1.9882 2.3622, -4.874 1.5945 2.3622, -4.874 1.9882 0.7874, -4.874 1.9882 0.0787, -4.874 1.5945 0.7874, -4.874 -1.9882 0.0787, -4.874 -1.9882 3.0709, -4.874 1.9882 3.0709, -4.874 1.9882 3.0709
            ]
        }
        coordIndex [
            0,1,2,-1,3,4,5,-1,5,4,6,-1,5,6,2,-1,2,6,7,-1,2,7,0,-1,0,7,8,-1,
        ]
    }
}
Shape{
    appearance Appearance {
        material  Material 	{
            diffuseColor 0.24705882352941178 0.49411764705882355 0.27450980392156865
            specularColor 0.01568627450980392 0.03529411764705882 0.0196078431372549
            ambientIntensity 0.2
            transparency 0
            shininess 0.5
        }
    }
    geometry IndexedFaceSet {
        ccw TRUE
        solid FALSE
        coord DEF co Coordinate {
            point [
                -4.1772 0.7677 2.295, -4.2362 0.7677 2.295, -4.2362 0.7677 2.1764, 3.8228 0.7677 2.295, 3.7638 0.7677 2.295, 3.7638 0.7677 2.1764, 3.7638 0.7677 1.1637, 3.7638 0.7677 0.7375, 4.0 0.7677 1.1614, 2.8228 0.7677 2.295, 2.7638 0.7677 2.295, 2.7638 0.7677 2.1764, 1.8228 0.7677 2.295, 1.7638 0.7677 2.295, 1.7638 0.7677 2.1764, 0.8228 0.7677 2.295, 0.7638 0.7677 2.295, 0.7638 0.7677 2.1764, 0.7638 0.7677 1.1637, 0.7638 0.7677 0.7375, 1.0 0.7677 1.1614, -0.1772 0.7677 2.295, -0.2362 0.7677 2.295, -0.2362 0.7677 2.1764, -1.1772 0.7677 2.295, -1.2362 0.7677 2.295, -1.2362 0.7677 2.1764, -1.2362 0.7677 1.1637, -1.2362 0.7677 0.7375, -1.0 0.7677 1.1614, -2.1772 0.7677 2.295, -2.2362 0.7677 2.295, -2.2362 0.7677 2.1764, -3.1772 0.7677 2.295, -3.2362 0.7677 2.295, -3.2362 0.7677 2.1764, -2.7102 0.7677 1.6634, -2.6768 0.7677 1.5827, -2.5 0.7677 1.8597, -2.7634 0.7677 1.2594, -2.8327 0.7677 1.2063, -2.7638 0.7677 1.1637, -2.9134 0.7677 1.1728, -2.7638 0.7677 0.7375, -3.2362 0.7677 0.7375, -2.5 0.7677 1.1637, -2.7638 0.7677 2.1764, -3.0 0.7677 1.8307, -2.9134 0.7677 1.8193, -2.6654 0.7677 1.4961, -2.6768 0.7677 1.4095, -2.7102 0.7677 1.3287, -3.0866 0.7677 1.8193, -3.1673 0.7677 1.7859, -3.2362 0.7677 1.8597, -3.2366 0.7677 1.7327, -3.5 0.7677 1.8597, -3.2898 0.7677 1.6634, -3.0 0.7677 1.1614, -3.0866 0.7677 1.1728, -3.2362 0.7677 1.1637, -3.1673 0.7677 1.2063, -3.5 0.7677 1.1637, -3.2366 0.7677 1.2594, -3.2898 0.7677 1.3287, -2.7638 0.7677 1.8597, -2.8327 0.7677 1.7859, -2.7634 0.7677 1.7327, -3.3232 0.7677 1.4095, -3.3346 0.7677 1.4961, -3.3232 0.7677 1.5827, -2.7638 0.7677 2.295, -2.8228 0.7677 2.295, -2.8228 0.7677 2.5221, -3.1772 0.7677 2.5221, -1.7102 0.7677 1.6634, -1.6768 0.7677 1.5827, -1.5 0.7677 1.8597, -1.5 0.7677 1.1637, -1.6654 0.7677 1.4961, -1.6768 0.7677 1.4095, -1.7638 0.7677 1.1637, -1.7102 0.7677 1.3287, -1.7634 0.7677 1.2594, -1.7638 0.7677 1.8597, -1.8327 0.7677 1.7859, -1.7634 0.7677 1.7327, -2.2898 0.7677 1.3287, -2.3232 0.7677 1.4095, -2.3346 0.7677 1.4961, -2.3232 0.7677 1.5827, -2.2898 0.7677 1.6634, -2.2366 0.7677 1.7327, -2.2362 0.7677 1.8597, -2.1673 0.7677 1.7859, -2.0866 0.7677 1.8193, -2.0 0.7677 1.8307, -1.8327 0.7677 1.2063, -1.9134 0.7677 1.1728, -1.7638 0.7677 0.7375, -2.0 0.7677 1.1614, -2.2362 0.7677 0.7375, -2.0866 0.7677 1.1728, -2.2362 0.7677 1.1637, -2.1673 0.7677 1.2063, -2.2366 0.7677 1.2594, -1.7638 0.7677 2.1764, -1.7638 0.7677 2.295, -1.8228 0.7677 2.295, -1.8228 0.7677 2.5221, -2.1772 0.7677 2.5221, -1.9134 0.7677 1.8193, -0.9134 0.7677 1.1728, -0.7638 0.7677 0.7375, -0.7638 0.7677 1.1637, -0.8327 0.7677 1.2063, -0.7634 0.7677 1.2594, -0.7638 0.7677 1.8597, -0.8327 0.7677 1.7859, -0.5 0.7677 1.8597, -0.7634 0.7677 1.7327, -0.7102 0.7677 1.6634, -0.6768 0.7677 1.5827, -0.5 0.7677 1.1637, -0.6654 0.7677 1.4961, -0.6768 0.7677 1.4095, -0.7102 0.7677 1.3287, -1.0866 0.7677 1.1728, -1.1673 0.7677 1.2063, -1.2366 0.7677 1.2594, -1.2898 0.7677 1.3287, -1.3232 0.7677 1.4095, -1.3346 0.7677 1.4961, -1.3232 0.7677 1.5827, -1.2898 0.7677 1.6634, -1.2366 0.7677 1.7327, -1.2362 0.7677 1.8597, -1.1673 0.7677 1.7859, -1.0866 0.7677 1.8193, -1.0 0.7677 1.8307, -0.7638 0.7677 2.1764, -0.7638 0.7677 2.295, -0.8228 0.7677 2.295, -0.8228 0.7677 2.5221, -1.1772 0.7677 2.5221, -0.9134 0.7677 1.8193, 0.2362 0.7677 1.8597, 0.1673 0.7677 1.7859, 0.5 0.7677 1.8597, 0.2366 0.7677 1.7327, 0.2898 0.7677 1.6634, 0.3232 0.7677 1.5827, 0.5 0.7677 1.1637, 0.3346 0.7677 1.4961, 0.3232 0.7677 1.4095, 0.2362 0.7677 1.1637, 0.2898 0.7677 1.3287, 0.2366 0.7677 1.2594, 0.1673 0.7677 1.2063, 0.0866 0.7677 1.1728, 0.2362 0.7677 0.7375, 0.0 0.7677 1.1614, -0.2362 0.7677 0.7375, -0.0866 0.7677 1.1728, -0.2362 0.7677 1.1637, -0.1673 0.7677 1.2063, -0.2366 0.7677 1.2594, -0.2898 0.7677 1.3287, -0.3232 0.7677 1.4095, -0.3346 0.7677 1.4961, -0.3232 0.7677 1.5827, -0.2898 0.7677 1.6634, -0.2366 0.7677 1.7327, -0.2362 0.7677 1.8597, -0.1673 0.7677 1.7859, -0.0866 0.7677 1.8193, 0.0 0.7677 1.8307, 0.2362 0.7677 2.1764, 0.2362 0.7677 2.295, 0.1772 0.7677 2.295, 0.1772 0.7677 2.5221, -0.1772 0.7677 2.5221, 0.0866 0.7677 1.8193, 1.0866 0.7677 1.1728, 1.2362 0.7677 0.7375, 1.2362 0.7677 1.1637, 1.1673 0.7677 1.2063, 1.2366 0.7677 1.2594, 1.2898 0.7677 1.6634, 1.3232 0.7677 1.5827, 1.5 0.7677 1.8597, 1.5 0.7677 1.1637, 0.9134 0.7677 1.8193, 1.0 0.7677 1.8307, 1.3346 0.7677 1.4961, 1.3232 0.7677 1.4095, 1.2898 0.7677 1.3287, 0.9134 0.7677 1.1728, 0.8327 0.7677 1.2063, 0.7634 0.7677 1.2594, 0.7102 0.7677 1.3287, 1.2362 0.7677 1.8597, 1.1673 0.7677 1.7859, 1.2366 0.7677 1.7327, 0.8327 0.7677 1.7859, 0.7638 0.7677 1.8597, 0.7634 0.7677 1.7327, 0.7102 0.7677 1.6634, 0.6768 0.7677 1.4095, 0.6654 0.7677 1.4961, 0.6768 0.7677 1.5827, 1.2362 0.7677 2.1764, 1.2362 0.7677 2.295, 1.1772 0.7677 2.295, 1.1772 0.7677 2.5221, 0.8228 0.7677 2.5221, 1.0866 0.7677 1.8193, 2.2898 0.7677 1.6634, 2.3232 0.7677 1.5827, 2.5 0.7677 1.8597, 2.5 0.7677 1.1637, 1.9134 0.7677 1.8193, 2.0 0.7677 1.8307, 2.3346 0.7677 1.4961, 2.3232 0.7677 1.4095, 2.2362 0.7677 1.1637, 2.2898 0.7677 1.3287, 2.2366 0.7677 1.2594, 1.8327 0.7677 1.7859, 1.7638 0.7677 1.8597, 1.7634 0.7677 1.7327, 1.7102 0.7677 1.6634, 2.2362 0.7677 1.8597, 2.1673 0.7677 1.7859, 2.2366 0.7677 1.7327, 2.1673 0.7677 1.2063, 2.0866 0.7677 1.1728, 2.2362 0.7677 0.7375, 2.0 0.7677 1.1614, 1.7638 0.7677 0.7375, 1.9134 0.7677 1.1728, 1.7638 0.7677 1.1637, 1.8327 0.7677 1.2063, 1.7634 0.7677 1.2594, 1.7102 0.7677 1.3287, 1.6768 0.7677 1.4095, 1.6654 0.7677 1.4961, 1.6768 0.7677 1.5827, 2.2362 0.7677 2.1764, 2.2362 0.7677 2.295, 2.1772 0.7677 2.295, 2.1772 0.7677 2.5221, 1.8228 0.7677 2.5221, 2.0866 0.7677 1.8193, 2.9134 0.7677 1.8193, 3.0 0.7677 1.8307, 3.2362 0.7677 1.8597, 3.1673 0.7677 1.7859, 3.5 0.7677 1.8597, 3.2366 0.7677 1.7327, 3.2898 0.7677 1.6634, 3.3232 0.7677 1.5827, 3.5 0.7677 1.1637, 3.3346 0.7677 1.4961, 3.3232 0.7677 1.4095, 3.2362 0.7677 1.1637, 3.2898 0.7677 1.3287, 3.2366 0.7677 1.2594, 2.8327 0.7677 1.7859, 2.7638 0.7677 1.8597, 2.7634 0.7677 1.7327, 2.7102 0.7677 1.6634, 3.1673 0.7677 1.2063, 3.0866 0.7677 1.1728, 3.2362 0.7677 0.7375, 3.0 0.7677 1.1614, 2.7638 0.7677 0.7375, 2.9134 0.7677 1.1728, 2.7638 0.7677 1.1637, 2.8327 0.7677 1.2063, 2.7634 0.7677 1.2594, 2.7102 0.7677 1.3287, 2.6768 0.7677 1.4095, 2.6654 0.7677 1.4961, 2.6768 0.7677 1.5827, 3.2362 0.7677 2.1764, 3.2362 0.7677 2.295, 3.1772 0.7677 2.295, 3.1772 0.7677 2.5221, 2.8228 0.7677 2.5221, 3.0866 0.7677 1.8193, 4.0866 0.7677 1.1728, 4.2362 0.7677 0.7375, 4.2362 0.7677 1.1637, 4.1673 0.7677 1.2063, 4.2366 0.7677 1.2594, 3.9134 0.7677 1.8193, 4.0 0.7677 1.8307, 4.2362 0.7677 1.8597, 4.1673 0.7677 1.7859, 4.5 0.7677 1.8597, 4.2366 0.7677 1.7327, 4.2898 0.7677 1.6634, 4.3232 0.7677 1.5827, 4.5 0.7677 1.1637, 4.3346 0.7677 1.4961, 4.3232 0.7677 1.4095, 4.2898 0.7677 1.3287, 3.8327 0.7677 1.7859, 3.7638 0.7677 1.8597, 3.7634 0.7677 1.7327, 3.7102 0.7677 1.6634, 3.7102 0.7677 1.3287, 3.6768 0.7677 1.4095, 3.6654 0.7677 1.4961, 3.6768 0.7677 1.5827, 3.9134 0.7677 1.1728, 3.8327 0.7677 1.2063, 3.7634 0.7677 1.2594, 4.2362 0.7677 2.1764, 4.2362 0.7677 2.295, 4.1772 0.7677 2.295, 4.1772 0.7677 2.5221, 3.8228 0.7677 2.5221, 4.0866 0.7677 1.8193, -4.2898 0.7677 1.3287, -4.3232 0.7677 1.4095, -4.4173 0.7677 1.1637, -3.6768 0.7677 1.4095, -3.7102 0.7677 1.3287, -3.7634 0.7677 1.2594, -3.7638 0.7677 1.1637, -3.8327 0.7677 1.2063, -3.7638 0.7677 0.7375, -3.9134 0.7677 1.1728, -4.2362 0.7677 0.7375, -4.4173 0.7677 1.8597, -4.2366 0.7677 1.7327, -4.2362 0.7677 1.8597, -4.1673 0.7677 1.7859, -4.0866 0.7677 1.8193, -4.0 0.7677 1.8307, -3.7638 0.7677 1.8597, -3.8327 0.7677 1.7859, -3.7634 0.7677 1.7327, -3.7102 0.7677 1.6634, -3.6768 0.7677 1.5827, -3.6654 0.7677 1.4961, -4.0 0.7677 1.1614, -4.0866 0.7677 1.1728, -4.2362 0.7677 1.1637, -4.1673 0.7677 1.2063, -4.2366 0.7677 1.2594, -4.3346 0.7677 1.4961, -4.3232 0.7677 1.5827, -4.2898 0.7677 1.6634, -4.5 0.7677 1.1637, -4.5 0.7677 1.8597, -3.7638 0.7677 2.1764, -3.7638 0.7677 2.295, -3.8228 0.7677 2.295, -3.8228 0.7677 2.5221, -4.1772 0.7677 2.5221, -3.9134 0.7677 1.8193, -3.7638 0.3324 2.295, -3.2362 0.3324 2.295, -3.1772 -1.9882 2.295, -3.8228 -1.9882 2.295, -4.0 0.374 0.7375, -3.7638 0.374 0.7375, -4.2362 0.3324 0.7375, -4.5 0.3324 0.7375, -4.5 -1.7913 0.7375, -4.0 -1.7913 0.7375, -4.5 -1.7913 2.295, -4.5 0.3324 2.295, -4.2362 0.3324 2.295, -4.6969 -1.9882 2.295, -4.1772 -1.9882 2.295, -4.1772 -1.9882 2.5221, -4.3934 -1.9882 2.5221, -3.8228 -1.9882 2.5221, -3.6066 -1.9882 2.5221, -3.6066 1.9882 2.5221, -4.3934 1.9882 2.5221, -4.3934 1.9882 2.8379, -4.3934 -1.9882 2.8379, -3.6066 1.9882 2.8379, -3.6066 -1.9882 2.8379, -4.315 1.2008 0.0, -4.315 1.2008 2.3622, -4.1112 1.2008 0.0, -3.685 1.2008 2.3622, -3.685 1.2008 0.0, -4.315 1.9882 2.3622, -3.685 1.9882 2.3622, -4.315 1.9882 0.0, -3.685 1.9882 0.0, -3.9134 0.6102 1.8193, -3.8327 0.6102 1.7859, -3.7634 0.6102 1.7327, -3.7102 0.6102 1.6634, -3.6768 0.6102 1.5827, -3.6654 0.6102 1.4961, -3.6768 0.6102 1.4095, -3.7102 0.6102 1.3287, -3.7634 0.6102 1.2594, -3.8327 0.6102 1.2063, -3.9134 0.6102 1.1728, -4.0 0.6102 1.1614, -4.0866 0.6102 1.1728, -4.1673 0.6102 1.2063, -4.2366 0.6102 1.2594, -4.2898 0.6102 1.3287, -4.3232 0.6102 1.4095, -4.3346 0.6102 1.4961, -4.3232 0.6102 1.5827, -4.2898 0.6102 1.6634, -4.2366 0.6102 1.7327, -4.1673 0.6102 1.7859, -4.0866 0.6102 1.8193, -4.0 0.6102 1.8307, -4.0 0.6102 1.4961, -3.7638 0.3324 0.7375, -3.7638 0.3324 1.1637, -3.2362 0.3324 1.1637, -3.2362 0.3324 0.7375, -3.5 0.3324 0.7375, -4.2362 0.3324 1.1637, -4.5 0.3324 1.1637, -4.2362 0.3324 1.8597, -4.5 0.3324 1.8597, -3.7638 0.3324 1.8597, -3.2362 0.3324 1.8597, -3.5 0.374 0.7375, -4.0 -1.9882 0.5407, -4.0 -1.9882 0.2375, -4.0 0.374 0.2375, -3.5 0.374 0.2375, -3.5 -1.9882 0.2375, -2.7638 0.3324 2.295, -2.2362 0.3324 2.295, -2.1772 -1.9882 2.295, -2.8228 -1.9882 2.295, 4.0 0.374 0.7375, 4.2362 0.374 0.7375, -3.5 -1.7913 0.7375, 3.2362 0.3324 0.7375, 2.7638 0.3324 0.7375, 3.7638 0.3324 0.7375, 4.0 -1.7913 0.7375, 2.2362 0.3324 0.7375, 1.2362 0.3324 0.7375, 0.7638 0.3324 0.7375, 0.2362 0.3324 0.7375, 1.7638 0.3324 0.7375, -0.7638 0.3324 0.7375, -1.2362 0.3324 0.7375, -1.7638 0.3324 0.7375, -0.2362 0.3324 0.7375, -2.7638 0.3324 0.7375, -2.2362 0.3324 0.7375, -3.5 -1.9882 0.5407, -3.1772 -1.9882 2.5221, -3.3934 -1.9882 2.5221, -2.8228 -1.9882 2.5221, -2.6066 -1.9882 2.5221, -2.6066 1.9882 2.5221, -3.3934 1.9882 2.5221, -3.3934 1.9882 2.8379, -3.3934 -1.9882 2.8379, -2.6066 1.9882 2.8379, -2.6066 -1.9882 2.8379, -3.315 1.2008 0.0, -3.315 1.2008 2.3622, -2.685 1.2008 0.0, -2.685 1.2008 2.3622, -3.315 1.9882 2.3622, -2.685 1.9882 2.3622, -3.315 1.9882 0.0, -2.685 1.9882 0.0, -2.9134 0.6102 1.8193, -2.8327 0.6102 1.7859, -2.7634 0.6102 1.7327, -2.7102 0.6102 1.6634, -2.6768 0.6102 1.5827, -2.6654 0.6102 1.4961, -2.6768 0.6102 1.4095, -2.7102 0.6102 1.3287, -2.7634 0.6102 1.2594, -2.8327 0.6102 1.2063, -2.9134 0.6102 1.1728, -3.0 0.6102 1.1614, -3.0866 0.6102 1.1728, -3.1673 0.6102 1.2063, -3.2366 0.6102 1.2594, -3.2898 0.6102 1.3287, -3.3232 0.6102 1.4095, -3.3346 0.6102 1.4961, -3.3232 0.6102 1.5827, -3.2898 0.6102 1.6634, -3.2366 0.6102 1.7327, -3.1673 0.6102 1.7859, -3.0866 0.6102 1.8193, -3.0 0.6102 1.8307, -3.0 0.6102 1.4961, -2.7638 0.3324 1.1637, -2.2362 0.3324 1.1637, -2.7638 0.3324 1.8597, -2.2362 0.3324 1.8597, 4.874 1.9882 2.9938, 4.874 1.9882 3.0709, 4.874 -1.9882 3.0709, 4.874 1.9882 0.0787, 4.874 1.9882 0.7874, 4.874 1.5945 0.7874, 4.874 1.9882 2.3622, 4.874 1.5945 2.3622, 4.874 -1.9882 0.0787, 4.5 -1.7913 2.295, 4.5 0.3324 2.295, 4.5 -1.7913 0.2375, 4.5 0.3324 1.8597, 4.5 0.374 0.7375, 4.5 0.374 0.2375, 4.5 0.3324 0.7375, 4.5 0.3324 1.1637, -1.7638 0.3324 2.295, -1.2362 0.3324 2.295, -1.1772 -1.9882 2.295, -1.8228 -1.9882 2.295, -2.1772 -1.9882 2.5221, -2.3934 -1.9882 2.5221, -1.8228 -1.9882 2.5221, -1.6066 -1.9882 2.5221, -1.6066 1.9882 2.5221, -2.3934 1.9882 2.5221, -2.3934 1.9882 2.8379, -2.3934 -1.9882 2.8379, -1.6066 1.9882 2.8379, -1.6066 -1.9882 2.8379, -2.315 1.2008 0.0, -2.315 1.2008 2.3622, -1.685 1.2008 0.0, -1.685 1.2008 2.3622, -2.315 1.9882 2.3622, -1.685 1.9882 2.3622, -2.315 1.9882 0.0, -1.685 1.9882 0.0, -1.9134 0.6102 1.8193, -1.8327 0.6102 1.7859, -1.7634 0.6102 1.7327, -1.7102 0.6102 1.6634, -1.6768 0.6102 1.5827, -1.6654 0.6102 1.4961, -1.6768 0.6102 1.4095, -1.7102 0.6102 1.3287, -1.7634 0.6102 1.2594, -1.8327 0.6102 1.2063, -1.9134 0.6102 1.1728, -2.0 0.6102 1.1614, -2.0866 0.6102 1.1728, -2.1673 0.6102 1.2063, -2.2366 0.6102 1.2594, -2.2898 0.6102 1.3287, -2.3232 0.6102 1.4095, -2.3346 0.6102 1.4961, -2.3232 0.6102 1.5827, -2.2898 0.6102 1.6634, -2.2366 0.6102 1.7327, -2.1673 0.6102 1.7859, -2.0866 0.6102 1.8193, -2.0 0.6102 1.8307, -2.0 0.6102 1.4961, -1.7638 0.3324 1.1637, -1.2362 0.3324 1.1637, -1.7638 0.3324 1.8597, -1.2362 0.3324 1.8597, -0.7638 0.3324 2.295, -0.2362 0.3324 2.295, -0.1772 -1.9882 2.295, -0.8228 -1.9882 2.295, -1.1772 -1.9882 2.5221, -1.3934 -1.9882 2.5221, -0.8228 -1.9882 2.5221, -0.6066 -1.9882 2.5221, -0.6066 1.9882 2.5221, -1.3934 1.9882 2.5221, -1.3934 1.9882 2.8379, -1.3934 -1.9882 2.8379, -0.6066 1.9882 2.8379, -0.6066 -1.9882 2.8379, -1.315 1.2008 0.0, -1.315 1.2008 2.3622, -0.685 1.2008 0.0, -0.685 1.2008 2.3622, -1.315 1.9882 2.3622, -0.685 1.9882 2.3622, -1.315 1.9882 0.0, -0.685 1.9882 0.0, -0.9134 0.6102 1.8193, -0.8327 0.6102 1.7859, -0.7634 0.6102 1.7327, -0.7102 0.6102 1.6634, -0.6768 0.6102 1.5827, -0.6654 0.6102 1.4961, -0.6768 0.6102 1.4095, -0.7102 0.6102 1.3287, -0.7634 0.6102 1.2594, -0.8327 0.6102 1.2063, -0.9134 0.6102 1.1728, -1.0 0.6102 1.1614, -1.0866 0.6102 1.1728, -1.1673 0.6102 1.2063, -1.2366 0.6102 1.2594, -1.2898 0.6102 1.3287, -1.3232 0.6102 1.4095, -1.3346 0.6102 1.4961, -1.3232 0.6102 1.5827, -1.2898 0.6102 1.6634, -1.2366 0.6102 1.7327, -1.1673 0.6102 1.7859, -1.0866 0.6102 1.8193, -1.0 0.6102 1.8307, -1.0 0.6102 1.4961, -0.7638 0.3324 1.1637, -0.2362 0.3324 1.1637, -0.7638 0.3324 1.8597, -0.2362 0.3324 1.8597, 0.2362 0.3324 2.295, 0.7638 0.3324 2.295, 0.8228 -1.9882 2.295, 0.1772 -1.9882 2.295, -0.1772 -1.9882 2.5221, -0.3934 -1.9882 2.5221, 0.1772 -1.9882 2.5221, 0.3934 -1.9882 2.5221, 0.3934 1.9882 2.5221, -0.3934 1.9882 2.5221, -0.3934 1.9882 2.8379, -0.3934 -1.9882 2.8379, 0.3934 1.9882 2.8379, 0.3934 -1.9882 2.8379, -0.315 1.2008 0.0, -0.315 1.2008 2.3622, 0.315 1.2008 0.0, 0.315 1.2008 2.3622, -0.315 1.9882 2.3622, 0.315 1.9882 2.3622, -0.315 1.9882 0.0, 0.315 1.9882 0.0, 0.0866 0.6102 1.8193, 0.1673 0.6102 1.7859, 0.2366 0.6102 1.7327, 0.2898 0.6102 1.6634, 0.3232 0.6102 1.5827, 0.3346 0.6102 1.4961, 0.3232 0.6102 1.4095, 0.2898 0.6102 1.3287, 0.2366 0.6102 1.2594, 0.1673 0.6102 1.2063, 0.0866 0.6102 1.1728, 0.0 0.6102 1.1614, -0.0866 0.6102 1.1728, -0.1673 0.6102 1.2063, -0.2366 0.6102 1.2594, -0.2898 0.6102 1.3287, -0.3232 0.6102 1.4095, -0.3346 0.6102 1.4961, -0.3232 0.6102 1.5827, -0.2898 0.6102 1.6634, -0.2366 0.6102 1.7327, -0.1673 0.6102 1.7859, -0.0866 0.6102 1.8193, 0.0 0.6102 1.8307, 0.0 0.6102 1.4961, 0.2362 0.3324 1.1637, 0.7638 0.3324 1.1637, 0.2362 0.3324 1.8597, 0.7638 0.3324 1.8597, 1.2362 0.3324 2.295, 1.7638 0.3324 2.295, 1.8228 -1.9882 2.295, 1.1772 -1.9882 2.295, 0.8228 -1.9882 2.5221, 0.6066 -1.9882 2.5221, 1.1772 -1.9882 2.5221, 1.3934 -1.9882 2.5221, 1.3934 1.9882 2.5221, 0.6066 1.9882 2.5221, 0.6066 1.9882 2.8379, 0.6066 -1.9882 2.8379, 1.3934 1.9882 2.8379, 1.3934 -1.9882 2.8379, 0.685 1.2008 0.0, 0.685 1.2008 2.3622, 1.315 1.2008 0.0, 1.315 1.2008 2.3622, 0.685 1.9882 2.3622, 1.315 1.9882 2.3622, 0.685 1.9882 0.0, 1.315 1.9882 0.0, 1.0866 0.6102 1.8193, 1.1673 0.6102 1.7859, 1.2366 0.6102 1.7327, 1.2898 0.6102 1.6634, 1.3232 0.6102 1.5827, 1.3346 0.6102 1.4961, 1.3232 0.6102 1.4095, 1.2898 0.6102 1.3287, 1.2366 0.6102 1.2594, 1.1673 0.6102 1.2063, 1.0866 0.6102 1.1728, 1.0 0.6102 1.1614, 0.9134 0.6102 1.1728, 0.8327 0.6102 1.2063, 0.7634 0.6102 1.2594, 0.7102 0.6102 1.3287, 0.6768 0.6102 1.4095, 0.6654 0.6102 1.4961, 0.6768 0.6102 1.5827, 0.7102 0.6102 1.6634, 0.7634 0.6102 1.7327, 0.8327 0.6102 1.7859, 0.9134 0.6102 1.8193, 1.0 0.6102 1.8307, 1.0 0.6102 1.4961, 1.2362 0.3324 1.1637, 1.7638 0.3324 1.1637, 1.2362 0.3324 1.8597, 1.7638 0.3324 1.8597, 2.2362 0.3324 2.295, 2.7638 0.3324 2.295, 2.8228 -1.9882 2.295, 2.1772 -1.9882 2.295, 1.8228 -1.9882 2.5221, 1.6066 -1.9882 2.5221, 2.1772 -1.9882 2.5221, 2.3934 -1.9882 2.5221, 2.3934 1.9882 2.5221, 1.6066 1.9882 2.5221, 1.6066 1.9882 2.8379, 1.6066 -1.9882 2.8379, 2.3934 1.9882 2.8379, 2.3934 -1.9882 2.8379, 1.685 1.2008 0.0, 1.685 1.2008 2.3622, 2.315 1.2008 0.0, 2.315 1.2008 2.3622, 1.685 1.9882 2.3622, 2.315 1.9882 2.3622, 1.685 1.9882 0.0, 2.315 1.9882 0.0, 2.0866 0.6102 1.8193, 2.1673 0.6102 1.7859, 2.2366 0.6102 1.7327, 2.2898 0.6102 1.6634, 2.3232 0.6102 1.5827, 2.3346 0.6102 1.4961, 2.3232 0.6102 1.4095, 2.2898 0.6102 1.3287, 2.2366 0.6102 1.2594, 2.1673 0.6102 1.2063, 2.0866 0.6102 1.1728, 2.0 0.6102 1.1614, 1.9134 0.6102 1.1728, 1.8327 0.6102 1.2063, 1.7634 0.6102 1.2594, 1.7102 0.6102 1.3287, 1.6768 0.6102 1.4095, 1.6654 0.6102 1.4961, 1.6768 0.6102 1.5827, 1.7102 0.6102 1.6634, 1.7634 0.6102 1.7327, 1.8327 0.6102 1.7859, 1.9134 0.6102 1.8193, 2.0 0.6102 1.8307, 2.0 0.6102 1.4961, 2.2362 0.3324 1.1637, 2.7638 0.3324 1.1637, 2.2362 0.3324 1.8597, 2.7638 0.3324 1.8597, 3.2362 0.3324 2.295, 3.7638 0.3324 2.295, 3.8228 -1.9882 2.295, 3.1772 -1.9882 2.295, 2.8228 -1.9882 2.5221, 2.6066 -1.9882 2.5221, 3.1772 -1.9882 2.5221, 3.3934 -1.9882 2.5221, 3.3934 1.9882 2.5221, 2.6066 1.9882 2.5221, 2.6066 1.9882 2.8379, 2.6066 -1.9882 2.8379, 3.3934 1.9882 2.8379, 3.3934 -1.9882 2.8379, 2.685 1.2008 0.0, 2.685 1.2008 2.3622, 3.315 1.2008 0.0, 3.315 1.2008 2.3622, 2.685 1.9882 2.3622, 3.315 1.9882 2.3622, 2.685 1.9882 0.0, 3.315 1.9882 0.0, 3.0866 0.6102 1.8193, 3.1673 0.6102 1.7859, 3.2366 0.6102 1.7327, 3.2898 0.6102 1.6634, 3.3232 0.6102 1.5827, 3.3346 0.6102 1.4961, 3.3232 0.6102 1.4095, 3.2898 0.6102 1.3287, 3.2366 0.6102 1.2594, 3.1673 0.6102 1.2063, 3.0866 0.6102 1.1728, 3.0 0.6102 1.1614, 2.9134 0.6102 1.1728, 2.8327 0.6102 1.2063, 2.7634 0.6102 1.2594, 2.7102 0.6102 1.3287, 2.6768 0.6102 1.4095, 2.6654 0.6102 1.4961, 2.6768 0.6102 1.5827, 2.7102 0.6102 1.6634, 2.7634 0.6102 1.7327, 2.8327 0.6102 1.7859, 2.9134 0.6102 1.8193, 3.0 0.6102 1.8307, 3.0 0.6102 1.4961, 3.2362 0.3324 1.1637, 3.7638 0.3324 1.1637, 3.2362 0.3324 1.8597, 3.7638 0.3324 1.8597, 4.6969 -1.9882 2.295, 4.1772 -1.9882 2.295, 4.2362 0.3324 2.295, 3.8228 -1.9882 2.5221, 3.6066 -1.9882 2.5221, 4.1772 -1.9882 2.5221, 4.3934 -1.9882 2.5221, 4.3934 1.9882 2.5221, 3.6066 1.9882 2.5221, 3.6066 1.9882 2.8379, 3.6066 -1.9882 2.8379, 4.3934 1.9882 2.8379, 4.3934 -1.9882 2.8379, 3.685 1.2008 0.0, 3.685 1.2008 2.3622, 4.315 1.2008 0.0, 4.315 1.2008 2.3622, 3.685 1.9882 2.3622, 4.315 1.9882 2.3622, 3.685 1.9882 0.0, 4.315 1.9882 0.0, 4.0866 0.6102 1.8193, 4.1673 0.6102 1.7859, 4.2366 0.6102 1.7327, 4.2898 0.6102 1.6634, 4.3232 0.6102 1.5827, 4.3346 0.6102 1.4961, 4.3232 0.6102 1.4095, 4.2898 0.6102 1.3287, 4.2366 0.6102 1.2594, 4.1673 0.6102 1.2063, 4.0866 0.6102 1.1728, 4.0 0.6102 1.1614, 3.9134 0.6102 1.1728, 3.8327 0.6102 1.2063, 3.7634 0.6102 1.2594, 3.7102 0.6102 1.3287, 3.6768 0.6102 1.4095, 3.6654 0.6102 1.4961, 3.6768 0.6102 1.5827, 3.7102 0.6102 1.6634, 3.7634 0.6102 1.7327, 3.8327 0.6102 1.7859, 3.9134 0.6102 1.8193, 4.0 0.6102 1.8307, 4.0 0.6102 1.4961, 4.2362 0.3324 0.7375, 4.2362 0.3324 1.1637, 4.2362 0.3324 1.8597, 4.0 0.374 0.2375, 4.0 -1.9882 0.2375, 4.6969 -1.9882 0.2375, 4.0 -1.9882 0.5407, -4.6969 -1.9882 0.5407, -4.6378 1.5945 0.7874, -4.6378 1.9882 0.7874, -4.874 1.5945 0.7874, -4.874 1.9882 0.7874, -4.6378 1.9882 2.3622, -4.6378 1.5945 2.3622, -4.874 1.9882 2.3622, -4.874 1.5945 2.3622, 4.6378 1.5945 0.7874, 4.6378 1.5945 2.3622, 4.6378 1.9882 2.3622, 4.6378 1.9882 0.7874, 4.7953 -0.816 0.0, 4.7953 1.9882 0.0, 4.8157 1.9882 0.0027, 4.8157 -1.9882 0.0027, 4.7953 -1.9882 0.0, 4.8346 1.9882 0.0105, 4.8346 -1.9882 0.0105, 4.851 1.9882 0.0231, 4.851 -1.9882 0.0231, 4.8635 1.9882 0.0394, 4.8635 -1.9882 0.0394, 4.8713 1.9882 0.0584, 4.8713 -1.9882 0.0584, 4.7953 1.9882 3.1496, 4.7953 -1.9882 3.1496, 4.8157 -1.9882 3.1469, 4.8157 1.9882 3.1469, 4.8346 -1.9882 3.1391, 4.8346 1.9882 3.1391, 4.851 -1.9882 3.1265, 4.851 1.9882 3.1265, 4.8635 -1.9882 3.1102, 4.8635 1.9882 3.1102, 4.8713 -1.9882 3.0912, 4.8713 1.9882 3.0912, -4.7953 -0.816 0.0, -4.7953 -1.9882 0.0, -4.8157 -1.9882 0.0027, -4.8157 1.9882 0.0027, -4.7953 1.9882 0.0, -4.8346 -1.9882 0.0105, -4.8346 1.9882 0.0105, -4.851 -1.9882 0.0231, -4.851 1.9882 0.0231, -4.8635 -1.9882 0.0394, -4.8635 1.9882 0.0394, -4.8713 -1.9882 0.0584, -4.8713 1.9882 0.0584, -4.874 -1.9882 0.0787, -4.874 1.9882 0.0787, -4.7953 -1.9882 3.1496, -4.7953 1.9882 3.1496, -4.8157 1.9882 3.1469, -4.8157 -1.9882 3.1469, -4.8346 1.9882 3.1391, -4.8346 -1.9882 3.1391, -4.851 1.9882 3.1265, -4.851 -1.9882 3.1265, -4.8635 1.9882 3.1102, -4.8635 -1.9882 3.1102, -4.8713 1.9882 3.0912, -4.8713 -1.9882 3.0912, -4.874 1.9882 3.0709, -4.874 -1.9882 3.0709, -3.6599 -0.4933 0.0039, -3.6599 -0.4933 0.0, -3.6417 -0.5776 0.0039, -3.6417 -0.5776 0.0, -3.6684 -0.4502 0.0039, -3.6684 -0.4502 0.0, -3.6718 -0.4366 0.0039, -3.6718 -0.4366 0.0, -3.6725 -0.4347 0.0039, -3.6725 -0.4347 0.0, -3.6732 -0.4333 0.0039, -3.6732 -0.4333 0.0, -3.6738 -0.4324 0.0039, -3.6738 -0.4324 0.0, -3.6743 -0.4318 0.0039, -3.6743 -0.4318 0.0, -3.6748 -0.4314 0.0039, -3.6748 -0.4314 0.0, -3.6753 -0.4312 0.0039, -3.6753 -0.4312 0.0, -3.6757 -0.4312 0.0039, -3.6757 -0.4312 0.0, -3.6761 -0.4312 0.0039, -3.6761 -0.4312 0.0, -3.6765 -0.4314 0.0039, -3.6765 -0.4314 0.0, -3.6769 -0.4316 0.0039, -3.6769 -0.4316 0.0, -3.6773 -0.432 0.0039, -3.6773 -0.432 0.0, -3.6776 -0.4326 0.0039, -3.6776 -0.4326 0.0, -3.678 -0.434 0.0039, -3.678 -0.434 0.0, -3.679 -0.4411 0.0039, -3.679 -0.4411 0.0, -3.6797 -0.4479 0.0039, -3.6797 -0.4479 0.0, -3.6825 -0.4717 0.0039, -3.6825 -0.4717 0.0, -3.6833 -0.4827 0.0039, -3.6833 -0.4827 0.0, -3.683 -0.4879 0.0039, -3.683 -0.4879 0.0, -3.682 -0.4911 0.0039, -3.682 -0.4911 0.0, -3.6808 -0.4933 0.0039, -3.6808 -0.4933 0.0, -3.678 -0.4984 0.0039, -3.678 -0.4984 0.0, -3.6706 -0.5231 0.0039, -3.6706 -0.5231 0.0, -3.6644 -0.5482 0.0039, -3.6644 -0.5482 0.0, -3.6066 -0.816 0.0, -3.6061 -0.8182 0.0039, -3.6061 -0.8182 0.0, -3.5982 -0.8182 0.0039, -3.5982 -0.8182 0.0, -3.5433 -0.5754 0.0039, -3.5433 -0.5754 0.0, -3.5977 -0.816 0.0, -3.5365 -0.547 0.0039, -3.5365 -0.547 0.0, -3.5334 -0.5336 0.0039, -3.5334 -0.5336 0.0, -3.5297 -0.5204 0.0039, -3.5297 -0.5204 0.0, -3.5257 -0.5097 0.0039, -3.5257 -0.5097 0.0, -3.5221 -0.4996 0.0039, -3.5221 -0.4996 0.0, -3.5197 -0.496 0.0039, -3.5197 -0.496 0.0, -3.518 -0.4939 0.0039, -3.518 -0.4939 0.0, -3.5173 -0.493 0.0039, -3.5173 -0.493 0.0, -3.517 -0.4924 0.0039, -3.517 -0.4924 0.0, -3.5168 -0.4918 0.0039, -3.5168 -0.4918 0.0, -3.5169 -0.4897 0.0039, -3.5169 -0.4897 0.0, -3.5177 -0.4764 0.0039, -3.5177 -0.4764 0.0, -3.5177 -0.4762 0.0039, -3.5177 -0.4762 0.0, -3.52 -0.4508 0.0039, -3.52 -0.4508 0.0, -3.5212 -0.4412 0.0039, -3.5212 -0.4412 0.0, -3.5214 -0.4382 0.0039, -3.5214 -0.4382 0.0, -3.5217 -0.4361 0.0039, -3.5217 -0.4361 0.0, -3.522 -0.4346 0.0039, -3.522 -0.4346 0.0, -3.5222 -0.4337 0.0039, -3.5222 -0.4337 0.0, -3.5225 -0.4331 0.0039, -3.5225 -0.4331 0.0, -3.5228 -0.4327 0.0039, -3.5228 -0.4327 0.0, -3.5232 -0.4324 0.0039, -3.5232 -0.4324 0.0, -3.5236 -0.4321 0.0039, -3.5236 -0.4321 0.0, -3.524 -0.432 0.0039, -3.524 -0.432 0.0, -3.5244 -0.432 0.0039, -3.5244 -0.432 0.0, -3.525 -0.4321 0.0039, -3.525 -0.4321 0.0, -3.5256 -0.4325 0.0039, -3.5256 -0.4325 0.0, -3.526 -0.4329 0.0039, -3.526 -0.4329 0.0, -3.5265 -0.4335 0.0039, -3.5265 -0.4335 0.0, -3.527 -0.4345 0.0039, -3.527 -0.4345 0.0, -3.5274 -0.436 0.0039, -3.5274 -0.436 0.0, -3.5313 -0.4587 0.0039, -3.5313 -0.4587 0.0, -3.5647 -0.5963 0.0039, -3.5647 -0.5963 0.0, -3.6021 -0.7639 0.0039, -3.639 -0.5974 0.0039, -3.5659 -0.6048 0.0039, -3.5812 -0.6195 0.0039, -3.5953 -0.6099 0.0039, -3.6001 -0.6073 0.0039, -3.6167 -0.6021 0.0039, -3.639 -0.5974 0.0, -3.6021 -0.7639 0.0, -3.6167 -0.6021 0.0, -3.6001 -0.6073 0.0, -3.5953 -0.6099 0.0, -3.5812 -0.6195 0.0, -3.5659 -0.6048 0.0, -3.8871 -0.7826 0.0039, -3.8871 -0.7826 0.0, -3.877 -0.7741 0.0039, -3.877 -0.7741 0.0, -3.8896 -0.7846 0.0039, -3.8896 -0.7846 0.0, -3.8911 -0.7865 0.0039, -3.8911 -0.7865 0.0, -3.8921 -0.7886 0.0039, -3.8921 -0.7886 0.0, -3.8924 -0.79 0.0039, -3.8924 -0.79 0.0, -3.8924 -0.7913 0.0039, -3.8924 -0.7913 0.0, -3.892 -0.7927 0.0039, -3.892 -0.7927 0.0, -3.8915 -0.7937 0.0039, -3.8915 -0.7937 0.0, -3.8907 -0.7945 0.0039, -3.8907 -0.7945 0.0, -3.89 -0.7951 0.0039, -3.89 -0.7951 0.0, -3.8797 -0.7933 0.0039, -3.8797 -0.7933 0.0, -3.8679 -0.7933 0.0039, -3.8679 -0.7933 0.0, -3.8631 -0.7942 0.0039, -3.8631 -0.7942 0.0, -3.8583 -0.7951 0.0039, -3.8583 -0.7951 0.0, -3.8464 -0.7962 0.0039, -3.8464 -0.7962 0.0, -3.8249 -0.8024 0.0039, -3.8249 -0.8024 0.0, -3.8125 -0.8048 0.0039, -3.8125 -0.8048 0.0, -3.8 -0.8058 0.0039, -3.8 -0.8058 0.0, -3.7823 -0.8047 0.0039, -3.7823 -0.8047 0.0, -3.7696 -0.8016 0.0039, -3.7696 -0.8016 0.0, -3.7592 -0.7962 0.0039, -3.7592 -0.7962 0.0, -3.7499 -0.7879 0.0039, -3.7499 -0.7879 0.0, -3.7408 -0.7748 0.0039, -3.7408 -0.7748 0.0, -3.732 -0.7518 0.0039, -3.732 -0.7518 0.0, -3.7238 -0.6884 0.0039, -3.7238 -0.6884 0.0, -3.7212 -0.6099 0.0039, -3.7212 -0.6099 0.0, -3.7269 -0.543 0.0039, -3.7269 -0.543 0.0, -3.7377 -0.5056 0.0039, -3.7377 -0.5056 0.0, -3.7495 -0.4846 0.0039, -3.7495 -0.4846 0.0, -3.7593 -0.4728 0.0039, -3.7593 -0.4728 0.0, -3.7703 -0.4648 0.0039, -3.7703 -0.4648 0.0, -3.7809 -0.4605 0.0039, -3.7809 -0.4605 0.0, -3.822 -0.4542 0.0039, -3.822 -0.4542 0.0, -3.8469 -0.4513 0.0039, -3.8469 -0.4513 0.0, -3.8562 -0.4488 0.0039, -3.8562 -0.4488 0.0, -3.8621 -0.4452 0.0039, -3.8621 -0.4452 0.0, -3.864 -0.4442 0.0039, -3.864 -0.4442 0.0, -3.8645 -0.444 0.0039, -3.8645 -0.444 0.0, -3.866 -0.4441 0.0039, -3.866 -0.4441 0.0, -3.8671 -0.4446 0.0039, -3.8671 -0.4446 0.0, -3.8708 -0.4472 0.0039, -3.8708 -0.4472 0.0, -3.8789 -0.4547 0.0039, -3.8789 -0.4547 0.0, -3.8815 -0.4576 0.0039, -3.8815 -0.4576 0.0, -3.8883 -0.4649 0.0039, -3.8883 -0.4649 0.0, -3.8897 -0.4664 0.0039, -3.8897 -0.4664 0.0, -3.8907 -0.4676 0.0039, -3.8907 -0.4676 0.0, -3.8913 -0.4686 0.0039, -3.8913 -0.4686 0.0, -3.8917 -0.4693 0.0039, -3.8917 -0.4693 0.0, -3.8919 -0.4699 0.0039, -3.8919 -0.4699 0.0, -3.8919 -0.4705 0.0039, -3.8919 -0.4705 0.0, -3.8918 -0.4713 0.0039, -3.8918 -0.4713 0.0, -3.8913 -0.4724 0.0039, -3.8913 -0.4724 0.0, -3.891 -0.4729 0.0039, -3.891 -0.4729 0.0, -3.8908 -0.4731 0.0039, -3.8908 -0.4731 0.0, -3.8904 -0.4734 0.0039, -3.8904 -0.4734 0.0, -3.8899 -0.4735 0.0039, -3.8899 -0.4735 0.0, -3.8885 -0.4736 0.0039, -3.8885 -0.4736 0.0, -3.8865 -0.4735 0.0039, -3.8865 -0.4735 0.0, -3.8786 -0.4735 0.0039, -3.8786 -0.4735 0.0, -3.8786 -0.4735 0.0
            ]
        }
        coordIndex [
            0,1,2,-1,3,4,5,-1,6,7,8,-1,9,10,11,-1,12,13,14,-1,15,16,17,-1,18,19,20,-1,21,22,23,-1,24,25,26,-1,27,28,29,-1,30,31,32,-1,33,34,35,-1,36,37,38,-1,39,40,41,-1,41,40,42,-1,41,42,43,-1,43,42,44,-1,38,37,45,-1,46,47,48,-1,37,49,45,-1,45,49,50,-1,45,50,41,-1,41,50,51,-1,41,51,39,-1,52,35,53,-1,53,35,54,-1,53,54,55,-1,55,54,56,-1,55,56,57,-1,42,58,44,-1,44,58,59,-1,44,59,60,-1,60,59,61,-1,60,61,62,-1,62,61,63,-1,62,63,64,-1,46,48,65,-1,65,48,66,-1,65,66,38,-1,38,66,67,-1,38,67,36,-1,64,68,62,-1,62,68,69,-1,62,69,56,-1,56,69,70,-1,56,70,57,-1,46,71,72,-1,72,73,74,-1,74,33,72,-1,72,33,35,-1,72,35,46,-1,46,35,52,-1,46,52,47,-1,75,76,77,-1,77,76,78,-1,76,79,78,-1,78,79,80,-1,78,80,81,-1,81,80,82,-1,81,82,83,-1,84,85,77,-1,77,85,86,-1,77,86,75,-1,87,88,45,-1,45,88,89,-1,45,89,38,-1,38,89,90,-1,90,91,38,-1,38,91,92,-1,38,92,93,-1,93,92,94,-1,93,94,32,-1,32,94,95,-1,32,95,96,-1,83,97,81,-1,81,97,98,-1,81,98,99,-1,99,98,100,-1,99,100,101,-1,101,100,102,-1,101,102,103,-1,103,102,104,-1,103,104,45,-1,45,104,105,-1,45,105,87,-1,106,107,108,-1,108,109,110,-1,110,30,108,-1,108,30,32,-1,108,32,106,-1,106,32,96,-1,106,96,84,-1,84,96,111,-1,84,111,85,-1,29,28,112,-1,28,113,112,-1,112,113,114,-1,112,114,115,-1,115,114,116,-1,117,118,119,-1,119,118,120,-1,120,121,119,-1,119,121,122,-1,119,122,123,-1,122,124,123,-1,123,124,125,-1,123,125,114,-1,114,125,126,-1,114,126,116,-1,29,127,27,-1,27,127,128,-1,27,128,78,-1,78,128,129,-1,78,129,130,-1,130,131,78,-1,78,131,132,-1,78,132,77,-1,77,132,133,-1,133,134,77,-1,77,134,135,-1,77,135,136,-1,136,135,137,-1,136,137,26,-1,26,137,138,-1,26,138,139,-1,140,141,142,-1,142,143,144,-1,144,24,142,-1,142,24,26,-1,142,26,140,-1,140,26,139,-1,140,139,117,-1,117,139,145,-1,117,145,118,-1,146,147,148,-1,148,147,149,-1,149,150,148,-1,148,150,151,-1,148,151,152,-1,151,153,152,-1,152,153,154,-1,152,154,155,-1,155,154,156,-1,155,156,157,-1,157,158,155,-1,155,158,159,-1,155,159,160,-1,160,159,161,-1,160,161,162,-1,162,161,163,-1,162,163,164,-1,164,163,165,-1,164,165,123,-1,123,165,166,-1,123,166,167,-1,167,168,123,-1,123,168,169,-1,123,169,119,-1,119,169,170,-1,170,171,119,-1,119,171,172,-1,119,172,173,-1,173,172,174,-1,173,174,23,-1,23,174,175,-1,23,175,176,-1,177,178,179,-1,179,180,181,-1,181,21,179,-1,179,21,23,-1,179,23,177,-1,177,23,176,-1,177,176,146,-1,146,176,182,-1,146,182,147,-1,20,19,183,-1,19,184,183,-1,183,184,185,-1,183,185,186,-1,186,185,187,-1,188,189,190,-1,190,189,191,-1,17,192,193,-1,189,194,191,-1,191,194,195,-1,191,195,185,-1,185,195,196,-1,185,196,187,-1,20,197,18,-1,18,197,198,-1,18,198,152,-1,152,198,199,-1,152,199,200,-1,201,202,190,-1,190,202,203,-1,190,203,188,-1,192,17,204,-1,204,17,205,-1,204,205,206,-1,206,205,148,-1,206,148,207,-1,200,208,152,-1,152,208,209,-1,152,209,148,-1,148,209,210,-1,148,210,207,-1,211,212,213,-1,213,214,215,-1,215,15,213,-1,213,15,17,-1,213,17,211,-1,211,17,193,-1,211,193,201,-1,201,193,216,-1,201,216,202,-1,217,218,219,-1,219,218,220,-1,14,221,222,-1,218,223,220,-1,220,223,224,-1,220,224,225,-1,225,224,226,-1,225,226,227,-1,221,14,228,-1,228,14,229,-1,228,229,230,-1,230,229,190,-1,230,190,231,-1,232,233,219,-1,219,233,234,-1,219,234,217,-1,227,235,225,-1,225,235,236,-1,225,236,237,-1,237,236,238,-1,237,238,239,-1,239,238,240,-1,239,240,241,-1,241,240,242,-1,241,242,191,-1,191,242,243,-1,191,243,244,-1,244,245,191,-1,191,245,246,-1,191,246,190,-1,190,246,247,-1,190,247,231,-1,248,249,250,-1,250,251,252,-1,252,12,250,-1,250,12,14,-1,250,14,248,-1,248,14,222,-1,248,222,232,-1,232,222,253,-1,232,253,233,-1,11,254,255,-1,256,257,258,-1,258,257,259,-1,259,260,258,-1,258,260,261,-1,258,261,262,-1,261,263,262,-1,262,263,264,-1,262,264,265,-1,265,264,266,-1,265,266,267,-1,254,11,268,-1,268,11,269,-1,268,269,270,-1,270,269,219,-1,270,219,271,-1,267,272,265,-1,265,272,273,-1,265,273,274,-1,274,273,275,-1,274,275,276,-1,276,275,277,-1,276,277,278,-1,278,277,279,-1,278,279,220,-1,220,279,280,-1,220,280,281,-1,281,282,220,-1,220,282,283,-1,220,283,219,-1,219,283,284,-1,219,284,271,-1,285,286,287,-1,287,288,289,-1,289,9,287,-1,287,9,11,-1,287,11,285,-1,285,11,255,-1,285,255,256,-1,256,255,290,-1,256,290,257,-1,8,7,291,-1,7,292,291,-1,291,292,293,-1,291,293,294,-1,294,293,295,-1,5,296,297,-1,298,299,300,-1,300,299,301,-1,301,302,300,-1,300,302,303,-1,300,303,304,-1,303,305,304,-1,304,305,306,-1,304,306,293,-1,293,306,307,-1,293,307,295,-1,296,5,308,-1,308,5,309,-1,308,309,310,-1,310,309,258,-1,310,258,311,-1,312,313,262,-1,262,313,314,-1,262,314,258,-1,258,314,315,-1,258,315,311,-1,8,316,6,-1,6,316,317,-1,6,317,262,-1,262,317,318,-1,262,318,312,-1,319,320,321,-1,321,322,323,-1,323,3,321,-1,321,3,5,-1,321,5,319,-1,319,5,297,-1,319,297,298,-1,298,297,324,-1,298,324,299,-1,325,326,327,-1,328,329,62,-1,62,329,330,-1,62,330,331,-1,331,330,332,-1,331,332,333,-1,333,332,334,-1,333,334,335,-1,336,337,338,-1,338,337,339,-1,338,339,2,-1,2,339,340,-1,2,340,341,-1,342,343,56,-1,56,343,344,-1,344,345,56,-1,56,345,346,-1,56,346,62,-1,62,346,347,-1,62,347,328,-1,334,348,335,-1,335,348,349,-1,335,349,350,-1,350,349,351,-1,350,351,327,-1,327,351,352,-1,327,352,325,-1,353,354,336,-1,336,354,355,-1,336,355,337,-1,326,353,327,-1,327,353,336,-1,327,336,356,-1,356,336,357,-1,358,359,360,-1,360,361,362,-1,362,0,360,-1,360,0,2,-1,360,2,358,-1,358,2,341,-1,358,341,342,-1,342,341,363,-1,342,363,343,-1,360,359,364,-1,34,33,365,-1,365,33,366,-1,365,366,364,-1,364,366,367,-1,364,367,360,-1,368,369,333,-1,370,371,372,-1,333,335,368,-1,368,335,370,-1,368,370,373,-1,373,370,372,-1,374,375,376,-1,377,374,378,-1,378,374,376,-1,378,376,0,-1,0,376,1,-1,0,362,378,-1,378,362,379,-1,380,379,362,-1,381,382,361,-1,361,382,383,-1,361,383,362,-1,362,383,384,-1,362,384,380,-1,384,385,380,-1,380,385,386,-1,385,387,386,-1,386,387,388,-1,387,383,388,-1,388,383,382,-1,361,360,381,-1,381,360,367,-1,389,390,391,-1,391,390,392,-1,391,392,393,-1,390,394,392,-1,392,394,395,-1,394,390,396,-1,396,390,389,-1,392,395,393,-1,393,395,397,-1,341,398,363,-1,363,398,399,-1,363,399,343,-1,343,399,400,-1,343,400,344,-1,344,400,401,-1,344,401,345,-1,345,401,402,-1,345,402,346,-1,346,402,403,-1,346,403,347,-1,347,403,404,-1,347,404,328,-1,328,404,405,-1,328,405,329,-1,329,405,406,-1,329,406,330,-1,330,406,407,-1,330,407,332,-1,332,407,408,-1,332,408,334,-1,334,408,409,-1,334,409,348,-1,348,409,410,-1,348,410,349,-1,349,410,411,-1,349,411,351,-1,351,411,412,-1,351,412,352,-1,352,412,413,-1,352,413,325,-1,325,413,414,-1,325,414,326,-1,326,414,415,-1,326,415,353,-1,353,415,416,-1,353,416,354,-1,354,416,417,-1,354,417,355,-1,355,417,418,-1,355,418,337,-1,337,418,419,-1,337,419,339,-1,339,419,420,-1,339,420,340,-1,340,420,421,-1,340,421,341,-1,341,421,398,-1,411,410,422,-1,422,410,409,-1,422,409,408,-1,414,413,422,-1,422,413,412,-1,422,412,411,-1,417,416,422,-1,422,416,415,-1,422,415,414,-1,420,419,422,-1,422,419,418,-1,422,418,417,-1,399,398,422,-1,422,398,421,-1,422,421,420,-1,402,401,422,-1,422,401,400,-1,422,400,399,-1,405,404,422,-1,422,404,403,-1,422,403,402,-1,408,407,422,-1,422,407,406,-1,422,406,405,-1,423,424,369,-1,369,424,331,-1,369,331,333,-1,425,60,424,-1,424,60,62,-1,424,62,331,-1,426,425,427,-1,427,425,424,-1,427,424,423,-1,428,370,350,-1,350,370,335,-1,356,429,327,-1,327,429,428,-1,327,428,350,-1,370,428,371,-1,371,428,429,-1,338,430,336,-1,336,430,431,-1,336,431,357,-1,1,376,2,-1,2,376,430,-1,2,430,338,-1,430,376,431,-1,431,376,375,-1,342,432,358,-1,358,432,364,-1,358,364,359,-1,432,342,433,-1,433,342,56,-1,433,56,54,-1,365,364,433,-1,433,364,432,-1,427,423,434,-1,434,423,369,-1,435,436,373,-1,373,436,437,-1,373,437,368,-1,438,437,439,-1,439,437,436,-1,368,437,369,-1,369,437,438,-1,369,438,434,-1,72,71,440,-1,31,30,441,-1,441,30,442,-1,441,442,440,-1,440,442,443,-1,440,443,72,-1,444,445,292,-1,426,427,446,-1,274,276,447,-1,447,276,448,-1,292,7,444,-1,444,7,449,-1,444,449,450,-1,450,449,447,-1,450,447,446,-1,446,447,448,-1,446,448,451,-1,452,184,19,-1,453,454,446,-1,19,453,452,-1,452,453,446,-1,452,446,455,-1,455,446,451,-1,455,451,239,-1,239,451,237,-1,456,113,28,-1,457,458,446,-1,28,457,456,-1,456,457,446,-1,456,446,459,-1,459,446,454,-1,459,454,162,-1,162,454,160,-1,460,43,44,-1,44,426,460,-1,460,426,446,-1,460,446,461,-1,461,446,458,-1,461,458,101,-1,101,458,99,-1,427,434,438,-1,427,438,446,-1,446,438,439,-1,446,439,462,-1,33,74,366,-1,366,74,463,-1,464,463,74,-1,465,466,73,-1,73,466,467,-1,73,467,74,-1,74,467,468,-1,74,468,464,-1,468,469,464,-1,464,469,470,-1,469,471,470,-1,470,471,472,-1,471,467,472,-1,472,467,466,-1,73,72,465,-1,465,72,443,-1,473,474,475,-1,475,474,476,-1,474,477,476,-1,476,477,478,-1,477,474,479,-1,479,474,473,-1,476,478,475,-1,475,478,480,-1,47,481,48,-1,48,481,482,-1,48,482,66,-1,66,482,483,-1,66,483,67,-1,67,483,484,-1,67,484,36,-1,36,484,485,-1,36,485,37,-1,37,485,486,-1,37,486,49,-1,49,486,487,-1,49,487,50,-1,50,487,488,-1,50,488,51,-1,51,488,489,-1,51,489,39,-1,39,489,490,-1,39,490,40,-1,40,490,491,-1,40,491,42,-1,42,491,492,-1,42,492,58,-1,58,492,493,-1,58,493,59,-1,59,493,494,-1,59,494,61,-1,61,494,495,-1,61,495,63,-1,63,495,496,-1,63,496,64,-1,64,496,497,-1,64,497,68,-1,68,497,498,-1,68,498,69,-1,69,498,499,-1,69,499,70,-1,70,499,500,-1,70,500,57,-1,57,500,501,-1,57,501,55,-1,55,501,502,-1,55,502,53,-1,53,502,503,-1,53,503,52,-1,52,503,504,-1,52,504,47,-1,47,504,481,-1,494,493,505,-1,505,493,492,-1,505,492,491,-1,497,496,505,-1,505,496,495,-1,505,495,494,-1,500,499,505,-1,505,499,498,-1,505,498,497,-1,503,502,505,-1,505,502,501,-1,505,501,500,-1,482,481,505,-1,505,481,504,-1,505,504,503,-1,485,484,505,-1,505,484,483,-1,505,483,482,-1,488,487,505,-1,505,487,486,-1,505,486,485,-1,491,490,505,-1,505,490,489,-1,505,489,488,-1,460,506,43,-1,43,506,41,-1,507,103,506,-1,506,103,45,-1,506,45,41,-1,461,507,460,-1,460,507,506,-1,425,426,60,-1,60,426,44,-1,34,365,35,-1,35,365,433,-1,35,433,54,-1,65,508,46,-1,46,508,440,-1,46,440,71,-1,508,65,509,-1,509,65,38,-1,509,38,93,-1,441,440,509,-1,509,440,508,-1,510,511,512,-1,513,514,515,-1,516,510,517,-1,517,510,512,-1,517,512,515,-1,515,512,518,-1,515,518,513,-1,519,520,521,-1,521,520,522,-1,523,524,525,-1,525,524,521,-1,525,521,526,-1,526,521,522,-1,526,522,304,-1,304,522,300,-1,108,107,527,-1,25,24,528,-1,528,24,529,-1,528,529,527,-1,527,529,530,-1,527,530,108,-1,30,110,442,-1,442,110,531,-1,532,531,110,-1,533,534,109,-1,109,534,535,-1,109,535,110,-1,110,535,536,-1,110,536,532,-1,536,537,532,-1,532,537,538,-1,537,539,538,-1,538,539,540,-1,539,535,540,-1,540,535,534,-1,109,108,533,-1,533,108,530,-1,541,542,543,-1,543,542,544,-1,542,545,544,-1,544,545,546,-1,545,542,547,-1,547,542,541,-1,544,546,543,-1,543,546,548,-1,96,549,111,-1,111,549,550,-1,111,550,85,-1,85,550,551,-1,85,551,86,-1,86,551,552,-1,86,552,75,-1,75,552,553,-1,75,553,76,-1,76,553,554,-1,76,554,79,-1,79,554,555,-1,79,555,80,-1,80,555,556,-1,80,556,82,-1,82,556,557,-1,82,557,83,-1,83,557,558,-1,83,558,97,-1,97,558,559,-1,97,559,98,-1,98,559,560,-1,98,560,100,-1,100,560,561,-1,100,561,102,-1,102,561,562,-1,102,562,104,-1,104,562,563,-1,104,563,105,-1,105,563,564,-1,105,564,87,-1,87,564,565,-1,87,565,88,-1,88,565,566,-1,88,566,89,-1,89,566,567,-1,89,567,90,-1,90,567,568,-1,90,568,91,-1,91,568,569,-1,91,569,92,-1,92,569,570,-1,92,570,94,-1,94,570,571,-1,94,571,95,-1,95,571,572,-1,95,572,96,-1,96,572,549,-1,562,561,573,-1,573,561,560,-1,573,560,559,-1,565,564,573,-1,573,564,563,-1,573,563,562,-1,568,567,573,-1,573,567,566,-1,573,566,565,-1,571,570,573,-1,573,570,569,-1,573,569,568,-1,550,549,573,-1,573,549,572,-1,573,572,571,-1,553,552,573,-1,573,552,551,-1,573,551,550,-1,556,555,573,-1,573,555,554,-1,573,554,553,-1,559,558,573,-1,573,558,557,-1,573,557,556,-1,458,574,99,-1,99,574,81,-1,575,27,574,-1,574,27,78,-1,574,78,81,-1,457,575,458,-1,458,575,574,-1,507,461,103,-1,103,461,101,-1,31,441,32,-1,32,441,509,-1,32,509,93,-1,84,576,106,-1,106,576,527,-1,106,527,107,-1,576,84,577,-1,577,84,77,-1,577,77,136,-1,528,527,577,-1,577,527,576,-1,142,141,578,-1,22,21,579,-1,579,21,580,-1,579,580,578,-1,578,580,581,-1,578,581,142,-1,24,144,529,-1,529,144,582,-1,583,582,144,-1,584,585,143,-1,143,585,586,-1,143,586,144,-1,144,586,587,-1,144,587,583,-1,587,588,583,-1,583,588,589,-1,588,590,589,-1,589,590,591,-1,590,586,591,-1,591,586,585,-1,143,142,584,-1,584,142,581,-1,592,593,594,-1,594,593,595,-1,593,596,595,-1,595,596,597,-1,596,593,598,-1,598,593,592,-1,595,597,594,-1,594,597,599,-1,139,600,145,-1,145,600,601,-1,145,601,118,-1,118,601,602,-1,118,602,120,-1,120,602,603,-1,120,603,121,-1,121,603,604,-1,121,604,122,-1,122,604,605,-1,122,605,124,-1,124,605,606,-1,124,606,125,-1,125,606,607,-1,125,607,126,-1,126,607,608,-1,126,608,116,-1,116,608,609,-1,116,609,115,-1,115,609,610,-1,115,610,112,-1,112,610,611,-1,112,611,29,-1,29,611,612,-1,29,612,127,-1,127,612,613,-1,127,613,128,-1,128,613,614,-1,128,614,129,-1,129,614,615,-1,129,615,130,-1,130,615,616,-1,130,616,131,-1,131,616,617,-1,131,617,132,-1,132,617,618,-1,132,618,133,-1,133,618,619,-1,133,619,134,-1,134,619,620,-1,134,620,135,-1,135,620,621,-1,135,621,137,-1,137,621,622,-1,137,622,138,-1,138,622,623,-1,138,623,139,-1,139,623,600,-1,613,612,624,-1,624,612,611,-1,624,611,610,-1,616,615,624,-1,624,615,614,-1,624,614,613,-1,619,618,624,-1,624,618,617,-1,624,617,616,-1,622,621,624,-1,624,621,620,-1,624,620,619,-1,601,600,624,-1,624,600,623,-1,624,623,622,-1,604,603,624,-1,624,603,602,-1,624,602,601,-1,607,606,624,-1,624,606,605,-1,624,605,604,-1,610,609,624,-1,624,609,608,-1,624,608,607,-1,456,625,113,-1,113,625,114,-1,626,164,625,-1,625,164,123,-1,625,123,114,-1,459,626,456,-1,456,626,625,-1,575,457,27,-1,27,457,28,-1,25,528,26,-1,26,528,577,-1,26,577,136,-1,117,627,140,-1,140,627,578,-1,140,578,141,-1,627,117,628,-1,628,117,119,-1,628,119,173,-1,579,578,628,-1,628,578,627,-1,179,178,629,-1,16,15,630,-1,630,15,631,-1,630,631,629,-1,629,631,632,-1,629,632,179,-1,21,181,580,-1,580,181,633,-1,634,633,181,-1,635,636,180,-1,180,636,637,-1,180,637,181,-1,181,637,638,-1,181,638,634,-1,638,639,634,-1,634,639,640,-1,639,641,640,-1,640,641,642,-1,641,637,642,-1,642,637,636,-1,180,179,635,-1,635,179,632,-1,643,644,645,-1,645,644,646,-1,644,647,646,-1,646,647,648,-1,647,644,649,-1,649,644,643,-1,646,648,645,-1,645,648,650,-1,176,651,182,-1,182,651,652,-1,182,652,147,-1,147,652,653,-1,147,653,149,-1,149,653,654,-1,149,654,150,-1,150,654,655,-1,150,655,151,-1,151,655,656,-1,151,656,153,-1,153,656,657,-1,153,657,154,-1,154,657,658,-1,154,658,156,-1,156,658,659,-1,156,659,157,-1,157,659,660,-1,157,660,158,-1,158,660,661,-1,158,661,159,-1,159,661,662,-1,159,662,161,-1,161,662,663,-1,161,663,163,-1,163,663,664,-1,163,664,165,-1,165,664,665,-1,165,665,166,-1,166,665,666,-1,166,666,167,-1,167,666,667,-1,167,667,168,-1,168,667,668,-1,168,668,169,-1,169,668,669,-1,169,669,170,-1,170,669,670,-1,170,670,171,-1,171,670,671,-1,171,671,172,-1,172,671,672,-1,172,672,174,-1,174,672,673,-1,174,673,175,-1,175,673,674,-1,175,674,176,-1,176,674,651,-1,664,663,675,-1,675,663,662,-1,675,662,661,-1,667,666,675,-1,675,666,665,-1,675,665,664,-1,670,669,675,-1,675,669,668,-1,675,668,667,-1,673,672,675,-1,675,672,671,-1,675,671,670,-1,652,651,675,-1,675,651,674,-1,675,674,673,-1,655,654,675,-1,675,654,653,-1,675,653,652,-1,658,657,675,-1,675,657,656,-1,675,656,655,-1,661,660,675,-1,675,660,659,-1,675,659,658,-1,454,676,160,-1,160,676,155,-1,677,18,676,-1,676,18,152,-1,676,152,155,-1,453,677,454,-1,454,677,676,-1,626,459,164,-1,164,459,162,-1,22,579,23,-1,23,579,628,-1,23,628,173,-1,146,678,177,-1,177,678,629,-1,177,629,178,-1,678,146,679,-1,679,146,148,-1,679,148,205,-1,630,629,679,-1,679,629,678,-1,213,212,680,-1,13,12,681,-1,681,12,682,-1,681,682,680,-1,680,682,683,-1,680,683,213,-1,15,215,631,-1,631,215,684,-1,685,684,215,-1,686,687,214,-1,214,687,688,-1,214,688,215,-1,215,688,689,-1,215,689,685,-1,689,690,685,-1,685,690,691,-1,690,692,691,-1,691,692,693,-1,692,688,693,-1,693,688,687,-1,214,213,686,-1,686,213,683,-1,694,695,696,-1,696,695,697,-1,695,698,697,-1,697,698,699,-1,698,695,700,-1,700,695,694,-1,697,699,696,-1,696,699,701,-1,193,702,216,-1,216,702,703,-1,216,703,202,-1,202,703,704,-1,202,704,203,-1,203,704,705,-1,203,705,188,-1,188,705,706,-1,188,706,189,-1,189,706,707,-1,189,707,194,-1,194,707,708,-1,194,708,195,-1,195,708,709,-1,195,709,196,-1,196,709,710,-1,196,710,187,-1,187,710,711,-1,187,711,186,-1,186,711,712,-1,186,712,183,-1,183,712,713,-1,183,713,20,-1,20,713,714,-1,20,714,197,-1,197,714,715,-1,197,715,198,-1,198,715,716,-1,198,716,199,-1,199,716,717,-1,199,717,200,-1,200,717,718,-1,200,718,208,-1,208,718,719,-1,208,719,209,-1,209,719,720,-1,209,720,210,-1,210,720,721,-1,210,721,207,-1,207,721,722,-1,207,722,206,-1,206,722,723,-1,206,723,204,-1,204,723,724,-1,204,724,192,-1,192,724,725,-1,192,725,193,-1,193,725,702,-1,715,714,726,-1,726,714,713,-1,726,713,712,-1,718,717,726,-1,726,717,716,-1,726,716,715,-1,721,720,726,-1,726,720,719,-1,726,719,718,-1,724,723,726,-1,726,723,722,-1,726,722,721,-1,703,702,726,-1,726,702,725,-1,726,725,724,-1,706,705,726,-1,726,705,704,-1,726,704,703,-1,709,708,726,-1,726,708,707,-1,726,707,706,-1,712,711,726,-1,726,711,710,-1,726,710,709,-1,452,727,184,-1,184,727,185,-1,728,241,727,-1,727,241,191,-1,727,191,185,-1,455,728,452,-1,452,728,727,-1,677,453,18,-1,18,453,19,-1,16,630,17,-1,17,630,679,-1,17,679,205,-1,201,729,211,-1,211,729,680,-1,211,680,212,-1,729,201,730,-1,730,201,190,-1,730,190,229,-1,681,680,730,-1,730,680,729,-1,250,249,731,-1,10,9,732,-1,732,9,733,-1,732,733,731,-1,731,733,734,-1,731,734,250,-1,12,252,682,-1,682,252,735,-1,736,735,252,-1,737,738,251,-1,251,738,739,-1,251,739,252,-1,252,739,740,-1,252,740,736,-1,740,741,736,-1,736,741,742,-1,741,743,742,-1,742,743,744,-1,743,739,744,-1,744,739,738,-1,251,250,737,-1,737,250,734,-1,745,746,747,-1,747,746,748,-1,746,749,748,-1,748,749,750,-1,749,746,751,-1,751,746,745,-1,748,750,747,-1,747,750,752,-1,222,753,253,-1,253,753,754,-1,253,754,233,-1,233,754,755,-1,233,755,234,-1,234,755,756,-1,234,756,217,-1,217,756,757,-1,217,757,218,-1,218,757,758,-1,218,758,223,-1,223,758,759,-1,223,759,224,-1,224,759,760,-1,224,760,226,-1,226,760,761,-1,226,761,227,-1,227,761,762,-1,227,762,235,-1,235,762,763,-1,235,763,236,-1,236,763,764,-1,236,764,238,-1,238,764,765,-1,238,765,240,-1,240,765,766,-1,240,766,242,-1,242,766,767,-1,242,767,243,-1,243,767,768,-1,243,768,244,-1,244,768,769,-1,244,769,245,-1,245,769,770,-1,245,770,246,-1,246,770,771,-1,246,771,247,-1,247,771,772,-1,247,772,231,-1,231,772,773,-1,231,773,230,-1,230,773,774,-1,230,774,228,-1,228,774,775,-1,228,775,221,-1,221,775,776,-1,221,776,222,-1,222,776,753,-1,766,765,777,-1,777,765,764,-1,777,764,763,-1,769,768,777,-1,777,768,767,-1,777,767,766,-1,772,771,777,-1,777,771,770,-1,777,770,769,-1,775,774,777,-1,777,774,773,-1,777,773,772,-1,754,753,777,-1,777,753,776,-1,777,776,775,-1,757,756,777,-1,777,756,755,-1,777,755,754,-1,760,759,777,-1,777,759,758,-1,777,758,757,-1,763,762,777,-1,777,762,761,-1,777,761,760,-1,451,778,237,-1,237,778,225,-1,779,278,778,-1,778,278,220,-1,778,220,225,-1,448,779,451,-1,451,779,778,-1,728,455,241,-1,241,455,239,-1,13,681,14,-1,14,681,730,-1,14,730,229,-1,232,780,248,-1,248,780,731,-1,248,731,249,-1,780,232,781,-1,781,232,219,-1,781,219,269,-1,732,731,781,-1,781,731,780,-1,287,286,782,-1,4,3,783,-1,783,3,784,-1,783,784,782,-1,782,784,785,-1,782,785,287,-1,9,289,733,-1,733,289,786,-1,787,786,289,-1,788,789,288,-1,288,789,790,-1,288,790,289,-1,289,790,791,-1,289,791,787,-1,791,792,787,-1,787,792,793,-1,792,794,793,-1,793,794,795,-1,794,790,795,-1,795,790,789,-1,288,287,788,-1,788,287,785,-1,796,797,798,-1,798,797,799,-1,797,800,799,-1,799,800,801,-1,800,797,802,-1,802,797,796,-1,799,801,798,-1,798,801,803,-1,255,804,290,-1,290,804,805,-1,290,805,257,-1,257,805,806,-1,257,806,259,-1,259,806,807,-1,259,807,260,-1,260,807,808,-1,260,808,261,-1,261,808,809,-1,261,809,263,-1,263,809,810,-1,263,810,264,-1,264,810,811,-1,264,811,266,-1,266,811,812,-1,266,812,267,-1,267,812,813,-1,267,813,272,-1,272,813,814,-1,272,814,273,-1,273,814,815,-1,273,815,275,-1,275,815,816,-1,275,816,277,-1,277,816,817,-1,277,817,279,-1,279,817,818,-1,279,818,280,-1,280,818,819,-1,280,819,281,-1,281,819,820,-1,281,820,282,-1,282,820,821,-1,282,821,283,-1,283,821,822,-1,283,822,284,-1,284,822,823,-1,284,823,271,-1,271,823,824,-1,271,824,270,-1,270,824,825,-1,270,825,268,-1,268,825,826,-1,268,826,254,-1,254,826,827,-1,254,827,255,-1,255,827,804,-1,817,816,828,-1,828,816,815,-1,828,815,814,-1,820,819,828,-1,828,819,818,-1,828,818,817,-1,823,822,828,-1,828,822,821,-1,828,821,820,-1,826,825,828,-1,828,825,824,-1,828,824,823,-1,805,804,828,-1,828,804,827,-1,828,827,826,-1,808,807,828,-1,828,807,806,-1,828,806,805,-1,811,810,828,-1,828,810,809,-1,828,809,808,-1,814,813,828,-1,828,813,812,-1,828,812,811,-1,447,829,274,-1,274,829,265,-1,830,6,829,-1,829,6,262,-1,829,262,265,-1,449,830,447,-1,447,830,829,-1,779,448,278,-1,278,448,276,-1,10,732,11,-1,11,732,781,-1,11,781,269,-1,256,831,285,-1,285,831,782,-1,285,782,286,-1,831,256,832,-1,832,256,258,-1,832,258,309,-1,783,782,832,-1,832,782,831,-1,519,833,834,-1,321,320,835,-1,321,835,834,-1,834,835,520,-1,834,520,519,-1,3,323,784,-1,784,323,836,-1,837,836,323,-1,838,839,322,-1,322,839,840,-1,322,840,323,-1,323,840,841,-1,323,841,837,-1,841,842,837,-1,837,842,843,-1,842,844,843,-1,843,844,845,-1,844,840,845,-1,845,840,839,-1,322,321,838,-1,838,321,834,-1,846,847,848,-1,848,847,849,-1,847,850,849,-1,849,850,851,-1,850,847,852,-1,852,847,846,-1,849,851,848,-1,848,851,853,-1,297,854,324,-1,324,854,855,-1,324,855,299,-1,299,855,856,-1,299,856,301,-1,301,856,857,-1,301,857,302,-1,302,857,858,-1,302,858,303,-1,303,858,859,-1,303,859,305,-1,305,859,860,-1,305,860,306,-1,306,860,861,-1,306,861,307,-1,307,861,862,-1,307,862,295,-1,295,862,863,-1,295,863,294,-1,294,863,864,-1,294,864,291,-1,291,864,865,-1,291,865,8,-1,8,865,866,-1,8,866,316,-1,316,866,867,-1,316,867,317,-1,317,867,868,-1,317,868,318,-1,318,868,869,-1,318,869,312,-1,312,869,870,-1,312,870,313,-1,313,870,871,-1,313,871,314,-1,314,871,872,-1,314,872,315,-1,315,872,873,-1,315,873,311,-1,311,873,874,-1,311,874,310,-1,310,874,875,-1,310,875,308,-1,308,875,876,-1,308,876,296,-1,296,876,877,-1,296,877,297,-1,297,877,854,-1,867,866,878,-1,878,866,865,-1,878,865,864,-1,870,869,878,-1,878,869,868,-1,878,868,867,-1,873,872,878,-1,878,872,871,-1,878,871,870,-1,876,875,878,-1,878,875,874,-1,878,874,873,-1,855,854,878,-1,878,854,877,-1,878,877,876,-1,858,857,878,-1,878,857,856,-1,878,856,855,-1,861,860,878,-1,878,860,859,-1,878,859,858,-1,864,863,878,-1,878,863,862,-1,878,862,861,-1,879,880,445,-1,445,880,293,-1,445,293,292,-1,880,526,293,-1,293,526,304,-1,525,526,879,-1,879,526,880,-1,830,449,6,-1,6,449,7,-1,4,783,5,-1,5,783,832,-1,5,832,309,-1,298,881,319,-1,319,881,835,-1,319,835,320,-1,522,881,300,-1,300,881,298,-1,835,881,520,-1,520,881,522,-1,525,879,523,-1,523,879,445,-1,524,882,521,-1,521,882,883,-1,521,883,884,-1,885,883,450,-1,450,883,882,-1,450,882,444,-1,444,882,445,-1,445,882,524,-1,445,524,523,-1,446,462,450,-1,450,462,885,-1,833,519,884,-1,884,519,521,-1,372,886,373,-1,373,886,435,-1,374,377,372,-1,372,377,886,-1,887,888,889,-1,889,888,890,-1,891,892,893,-1,893,892,894,-1,892,887,894,-1,894,887,889,-1,892,891,887,-1,887,891,888,-1,895,896,515,-1,515,896,517,-1,896,897,517,-1,517,897,516,-1,898,895,514,-1,514,895,515,-1,898,897,895,-1,895,897,896,-1,899,900,901,-1,902,903,899,-1,899,901,902,-1,902,901,904,-1,902,904,905,-1,905,904,906,-1,905,906,907,-1,907,906,908,-1,907,908,909,-1,909,908,910,-1,909,910,911,-1,911,910,513,-1,911,513,518,-1,912,913,914,-1,912,914,915,-1,915,914,916,-1,915,916,917,-1,917,916,918,-1,917,918,919,-1,919,918,920,-1,919,920,921,-1,921,920,922,-1,921,922,923,-1,923,922,512,-1,923,512,511,-1,924,925,926,-1,927,928,924,-1,924,926,927,-1,927,926,929,-1,927,929,930,-1,930,929,931,-1,930,931,932,-1,932,931,933,-1,932,933,934,-1,934,933,935,-1,934,935,936,-1,936,935,937,-1,936,937,938,-1,939,940,941,-1,939,941,942,-1,942,941,943,-1,942,943,944,-1,944,943,945,-1,944,945,946,-1,946,945,947,-1,946,947,948,-1,948,947,949,-1,948,949,950,-1,950,949,951,-1,950,951,952,-1,953,954,955,-1,955,954,956,-1,957,958,953,-1,953,958,954,-1,959,960,957,-1,957,960,958,-1,960,959,961,-1,960,961,962,-1,962,961,963,-1,962,963,964,-1,964,963,965,-1,964,965,966,-1,966,965,967,-1,966,967,968,-1,968,967,969,-1,968,969,970,-1,970,969,971,-1,970,971,972,-1,972,971,973,-1,972,973,974,-1,974,973,975,-1,974,975,976,-1,976,975,977,-1,976,977,978,-1,978,977,979,-1,978,979,980,-1,980,979,981,-1,980,981,982,-1,982,981,983,-1,982,983,984,-1,984,983,985,-1,984,985,986,-1,986,985,987,-1,986,987,988,-1,988,987,989,-1,988,989,990,-1,991,992,989,-1,989,992,990,-1,992,991,993,-1,992,993,994,-1,994,993,995,-1,994,995,996,-1,996,995,997,-1,996,997,998,-1,998,997,999,-1,998,999,1000,-1,1001,1002,999,-1,999,1002,1000,-1,1002,1001,1003,-1,1002,1003,1004,-1,1004,1003,1005,-1,1004,1005,1006,-1,1006,1005,1007,-1,1007,1005,1008,-1,1007,1008,1009,-1,1010,1011,1008,-1,1008,1011,1009,-1,1012,1013,1010,-1,1010,1013,1014,-1,1010,1014,1011,-1,1015,1016,1012,-1,1012,1016,1013,-1,1016,1015,1017,-1,1016,1017,1018,-1,1018,1017,1019,-1,1018,1019,1020,-1,1021,1022,1019,-1,1019,1022,1020,-1,1022,1021,1023,-1,1022,1023,1024,-1,1024,1023,1025,-1,1024,1025,1026,-1,1026,1025,1027,-1,1026,1027,1028,-1,1028,1027,1029,-1,1028,1029,1030,-1,1030,1029,1031,-1,1030,1031,1032,-1,1032,1031,1033,-1,1032,1033,1034,-1,1034,1033,1035,-1,1034,1035,1036,-1,1036,1035,1037,-1,1036,1037,1038,-1,1038,1037,1039,-1,1038,1039,1040,-1,1041,1042,1039,-1,1039,1042,1040,-1,1043,1044,1041,-1,1041,1044,1042,-1,1044,1043,1045,-1,1044,1045,1046,-1,1046,1045,1047,-1,1046,1047,1048,-1,1048,1047,1049,-1,1048,1049,1050,-1,1050,1049,1051,-1,1050,1051,1052,-1,1052,1051,1053,-1,1052,1053,1054,-1,1054,1053,1055,-1,1054,1055,1056,-1,1056,1055,1057,-1,1056,1057,1058,-1,1058,1057,1059,-1,1058,1059,1060,-1,1060,1059,1061,-1,1060,1061,1062,-1,1062,1061,1063,-1,1062,1063,1064,-1,1064,1063,1065,-1,1064,1065,1066,-1,1066,1065,1067,-1,1066,1067,1068,-1,1068,1067,1069,-1,1068,1069,1070,-1,1070,1069,1071,-1,1070,1071,1072,-1,1072,1071,1073,-1,1072,1073,1074,-1,1074,1073,1075,-1,1074,1075,1076,-1,1077,1078,1075,-1,1075,1078,1076,-1,1079,1080,1077,-1,1077,1080,1078,-1,1079,955,1080,-1,1080,955,956,-1,1081,1008,1082,-1,1082,1008,1005,-1,959,957,987,-1,1079,1083,1084,-1,1025,1023,1077,-1,1077,1023,1021,-1,1084,1085,1079,-1,1079,1085,1086,-1,1079,1086,955,-1,955,1086,1087,-1,1003,953,1005,-1,1005,953,955,-1,1005,955,1082,-1,1082,955,1087,-1,1021,1019,1077,-1,1077,1019,1017,-1,1077,1017,1079,-1,1079,1017,1015,-1,1079,1015,1083,-1,1083,1015,1012,-1,1083,1012,1081,-1,1081,1012,1010,-1,1081,1010,1008,-1,953,991,957,-1,957,991,989,-1,957,989,987,-1,1047,1045,1075,-1,1075,1045,1043,-1,1075,1043,1077,-1,1077,1043,1041,-1,1041,1039,1077,-1,1077,1039,1037,-1,1077,1037,1025,-1,1025,1037,1035,-1,1025,1035,1027,-1,1003,1001,953,-1,953,1001,999,-1,953,999,997,-1,985,963,987,-1,987,963,961,-1,987,961,959,-1,997,995,953,-1,953,995,993,-1,953,993,991,-1,1033,1031,1035,-1,1035,1031,1029,-1,1035,1029,1027,-1,1071,1053,1073,-1,1073,1053,1051,-1,1073,1051,1075,-1,1075,1051,1049,-1,1075,1049,1047,-1,1071,1069,1053,-1,1053,1069,1067,-1,1053,1067,1055,-1,983,967,985,-1,985,967,965,-1,985,965,963,-1,983,981,967,-1,967,981,979,-1,967,979,977,-1,971,969,973,-1,973,969,967,-1,973,967,975,-1,975,967,977,-1,1063,1061,1065,-1,1065,1061,1059,-1,1065,1059,1067,-1,1067,1059,1057,-1,1067,1057,1055,-1,1082,1088,1081,-1,1081,1088,1089,-1,1088,1082,1087,-1,1088,1087,1090,-1,1090,1087,1086,-1,1090,1086,1091,-1,1091,1086,1085,-1,1091,1085,1092,-1,1084,1093,1085,-1,1085,1093,1092,-1,1083,1094,1084,-1,1084,1094,1093,-1,1089,1094,1081,-1,1081,1094,1083,-1,1095,1096,1097,-1,1097,1096,1098,-1,1096,1095,1099,-1,1096,1099,1100,-1,1100,1099,1101,-1,1100,1101,1102,-1,1102,1101,1103,-1,1102,1103,1104,-1,1104,1103,1105,-1,1104,1105,1106,-1,1106,1105,1107,-1,1106,1107,1108,-1,1108,1107,1109,-1,1108,1109,1110,-1,1110,1109,1111,-1,1110,1111,1112,-1,1112,1111,1113,-1,1112,1113,1114,-1,1114,1113,1115,-1,1114,1115,1116,-1,1117,1118,1115,-1,1115,1118,1116,-1,1119,1120,1117,-1,1117,1120,1118,-1,1120,1119,1121,-1,1120,1121,1122,-1,1122,1121,1123,-1,1122,1123,1124,-1,1125,1126,1123,-1,1123,1126,1124,-1,1127,1128,1125,-1,1125,1128,1126,-1,1128,1127,1129,-1,1128,1129,1130,-1,1130,1129,1131,-1,1130,1131,1132,-1,1132,1131,1133,-1,1132,1133,1134,-1,1134,1133,1135,-1,1134,1135,1136,-1,1136,1135,1137,-1,1136,1137,1138,-1,1138,1137,1139,-1,1138,1139,1140,-1,1140,1139,1141,-1,1140,1141,1142,-1,1142,1141,1143,-1,1142,1143,1144,-1,1144,1143,1145,-1,1144,1145,1146,-1,1146,1145,1147,-1,1146,1147,1148,-1,1148,1147,1149,-1,1148,1149,1150,-1,1150,1149,1151,-1,1150,1151,1152,-1,1152,1151,1153,-1,1152,1153,1154,-1,1154,1153,1155,-1,1154,1155,1156,-1,1156,1155,1157,-1,1156,1157,1158,-1,1158,1157,1159,-1,1158,1159,1160,-1,1160,1159,1161,-1,1160,1161,1162,-1,1163,1164,1161,-1,1161,1164,1162,-1,1164,1163,1165,-1,1164,1165,1166,-1,1166,1165,1167,-1,1166,1167,1168,-1,1168,1167,1169,-1,1168,1169,1170,-1,1170,1169,1171,-1,1170,1171,1172,-1,1172,1171,1173,-1,1172,1173,1174,-1,1174,1173,1175,-1,1174,1175,1176,-1,1176,1175,1177,-1,1176,1177,1178,-1,1178,1177,1179,-1,1178,1179,1180,-1,1180,1179,1181,-1,1180,1181,1182,-1,1183,1184,1181,-1,1181,1184,1182,-1,1184,1183,1185,-1,1184,1185,1186,-1,1186,1185,1187,-1,1186,1187,1188,-1,1188,1187,1189,-1,1188,1189,1190,-1,1190,1189,1191,-1,1190,1191,1192,-1,1192,1191,1193,-1,1192,1193,1194,-1,1194,1193,1195,-1,1194,1195,1196,-1,1196,1195,1197,-1,1196,1197,1198,-1,1198,1197,1199,-1,1198,1199,1200,-1,1200,1199,1201,-1,1200,1201,1202,-1,1202,1201,1203,-1,1202,1203,1204,-1,1204,1203,1205,-1,1204,1205,1206,-1,1206,1205,1207,-1,1206,1207,1208,-1,1208,1207,1209,-1,1208,1209,1210,-1,1210,1209,1211,-1,1210,1211,1212,-1,1213,1214,1211,-1,1211,1214,1212,-1,
        ]
    }
}
Shape{
    appearance Appearance {
        material  Material 	{
            diffuseColor 0.6470588235294118 0.6196078431372549 0.5882352941176471
            specularColor 0.45098039215686275 0.43529411764705883 0.4117647058823529
            ambientIntensity 0.2
            transparency 0
            shininess 0.5
        }
    }
    geometry IndexedFaceSet {
        ccw TRUE
        solid FALSE
        coord DEF co Coordinate {
            point [
                -3.8696 -0.4735 0.0039, -3.8696 -0.4735 0.0, -3.8786 -0.4735 0.0039, -3.8786 -0.4735 0.0, -3.8786 -0.4735 0.0
            ]
        }
        coordIndex [
            0,1,2,-1,2,1,3,-1,
        ]
    }
}
Shape{
    appearance Appearance {
        material  Material 	{
            diffuseColor 0.24705882352941178 0.49411764705882355 0.27450980392156865
            specularColor 0.01568627450980392 0.03529411764705882 0.0196078431372549
            ambientIntensity 0.2
            transparency 0
            shininess 0.5
        }
    }
    geometry IndexedFaceSet {
        ccw TRUE
        solid FALSE
        coord DEF co Coordinate {
            point [
                -3.8696 -0.7702 0.0039, -3.8696 -0.7702 0.0, -3.8696 -0.4735 0.0039, -3.8696 -0.4735 0.0, -3.8734 -0.7719 0.0039, -3.8734 -0.7719 0.0, -3.877 -0.7741 0.0039, -3.877 -0.7741 0.0, -3.8913 -0.4686 0.0039, -3.8907 -0.4676 0.0039, -3.8865 -0.4735 0.0039, -3.8679 -0.7933 0.0039, -3.8797 -0.7933 0.0039, -3.8537 -0.7741 0.0039, -3.89 -0.7951 0.0039, -3.8871 -0.7826 0.0039, -3.8907 -0.7945 0.0039, -3.8896 -0.7846 0.0039, -3.8537 -0.4745 0.0039, -3.7812 -0.4829 0.0039, -3.7938 -0.4797 0.0039, -3.8789 -0.4547 0.0039, -3.8113 -0.4774 0.0039, -3.8362 -0.4745 0.0039, -3.8897 -0.4664 0.0039, -3.8883 -0.4649 0.0039, -3.8786 -0.4735 0.0039, -3.8815 -0.4576 0.0039, -3.8708 -0.4472 0.0039, -3.8562 -0.4488 0.0039, -3.772 -0.4869 0.0039, -3.845 -0.4742 0.0039, -3.843 -0.7786 0.0039, -3.8189 -0.7842 0.0039, -3.8249 -0.8024 0.0039, -3.8125 -0.8048 0.0039, -3.7943 -0.786 0.0039, -3.8 -0.8058 0.0039, -3.8904 -0.4734 0.0039, -3.8908 -0.4731 0.0039, -3.891 -0.4729 0.0039, -3.8464 -0.7962 0.0039, -3.8583 -0.7951 0.0039, -3.8631 -0.7942 0.0039, -3.7823 -0.8047 0.0039, -3.7793 -0.7831 0.0039, -3.7696 -0.8016 0.0039, -3.8918 -0.4713 0.0039, -3.8919 -0.4705 0.0039, -3.8915 -0.7937 0.0039, -3.8921 -0.7886 0.0039, -3.8911 -0.7865 0.0039, -3.892 -0.7927 0.0039, -3.8924 -0.7913 0.0039, -3.8924 -0.79 0.0039, -3.7384 -0.5763 0.0039, -3.7474 -0.526 0.0039, -3.7377 -0.5056 0.0039, -3.8913 -0.4724 0.0039, -3.8885 -0.4736 0.0039, -3.8899 -0.4735 0.0039, -3.8919 -0.4699 0.0039, -3.8917 -0.4693 0.0039, -3.866 -0.4441 0.0039, -3.8645 -0.444 0.0039, -3.8671 -0.4446 0.0039, -3.864 -0.4442 0.0039, -3.8621 -0.4452 0.0039, -3.7495 -0.4846 0.0039, -3.8469 -0.4513 0.0039, -3.822 -0.4542 0.0039, -3.7809 -0.4605 0.0039, -3.7586 -0.5008 0.0039, -3.7652 -0.4924 0.0039, -3.7593 -0.4728 0.0039, -3.7703 -0.4648 0.0039, -3.7592 -0.7962 0.0039, -3.7684 -0.7789 0.0039, -3.7499 -0.7879 0.0039, -3.7617 -0.774 0.0039, -3.7408 -0.7748 0.0039, -3.7549 -0.7658 0.0039, -3.732 -0.7518 0.0039, -3.7486 -0.7537 0.0039, -3.7437 -0.7367 0.0039, -3.7238 -0.6884 0.0039, -3.737 -0.6597 0.0039, -3.7212 -0.6099 0.0039, -3.7269 -0.543 0.0039, -3.8113 -0.4774 0.0, -3.8362 -0.4745 0.0, -3.7938 -0.4797 0.0, -3.7812 -0.4829 0.0, -3.772 -0.4869 0.0, -3.7652 -0.4924 0.0, -3.7586 -0.5008 0.0, -3.7474 -0.526 0.0, -3.7384 -0.5763 0.0, -3.737 -0.6597 0.0, -3.7437 -0.7367 0.0, -3.7486 -0.7537 0.0, -3.7549 -0.7658 0.0, -3.7617 -0.774 0.0, -3.7684 -0.7789 0.0, -3.7793 -0.7831 0.0, -3.7943 -0.786 0.0, -3.8189 -0.7842 0.0, -3.843 -0.7786 0.0, -3.8537 -0.7741 0.0, -3.8537 -0.4745 0.0, -3.845 -0.4742 0.0, -4.0096 -0.6529 0.0039, -4.0096 -0.6529 0.0, -4.0572 -0.6467 0.0039, -4.0572 -0.6467 0.0, -3.99 -0.6569 0.0039, -3.99 -0.6569 0.0, -3.9774 -0.6613 0.0039, -3.9774 -0.6613 0.0, -3.9717 -0.6648 0.0039, -3.9717 -0.6648 0.0, -3.9666 -0.6677 0.0039, -3.9666 -0.6677 0.0, -3.9501 -0.6512 0.0039, -3.9501 -0.6512 0.0, -3.949 -0.6497 0.0039, -3.949 -0.6497 0.0, -3.9482 -0.6484 0.0039, -3.9482 -0.6484 0.0, -3.9478 -0.6472 0.0039, -3.9478 -0.6472 0.0, -3.9476 -0.6463 0.0039, -3.9476 -0.6463 0.0, -3.9477 -0.6455 0.0039, -3.9477 -0.6455 0.0, -3.948 -0.6445 0.0039, -3.948 -0.6445 0.0, -3.9487 -0.6434 0.0039, -3.9487 -0.6434 0.0, -3.9495 -0.6426 0.0039, -3.9495 -0.6426 0.0, -3.9505 -0.642 0.0039, -3.9505 -0.642 0.0, -3.9516 -0.6417 0.0039, -3.9516 -0.6417 0.0, -3.953 -0.6416 0.0039, -3.953 -0.6416 0.0, -4.0572 -0.6269 0.0039, -4.0572 -0.6269 0.0, -4.0572 -0.4735 0.0039, -4.0572 -0.4735 0.0, -3.9728 -0.4853 0.0039, -3.9728 -0.4853 0.0, -3.9646 -0.4874 0.0039, -3.9646 -0.4874 0.0, -3.9569 -0.491 0.0039, -3.9569 -0.491 0.0, -3.9519 -0.4938 0.0039, -3.9519 -0.4938 0.0, -3.936 -0.4762 0.0039, -3.936 -0.4762 0.0, -3.9343 -0.4738 0.0039, -3.9343 -0.4738 0.0, -3.9338 -0.4725 0.0039, -3.9338 -0.4725 0.0, -3.9336 -0.4716 0.0039, -3.9336 -0.4716 0.0, -3.9337 -0.4708 0.0039, -3.9337 -0.4708 0.0, -3.934 -0.4698 0.0039, -3.934 -0.4698 0.0, -3.9346 -0.4688 0.0039, -3.9346 -0.4688 0.0, -3.935 -0.4682 0.0039, -3.935 -0.4682 0.0, -3.9354 -0.4679 0.0039, -3.9354 -0.4679 0.0, -3.936 -0.4676 0.0039, -3.936 -0.4676 0.0, -3.9361 -0.4676 0.0039, -3.9361 -0.4676 0.0, -3.9376 -0.4673 0.0039, -3.9376 -0.4673 0.0, -3.9394 -0.4672 0.0039, -3.9394 -0.4672 0.0, -3.9479 -0.4667 0.0039, -3.9479 -0.4667 0.0, -3.9907 -0.4614 0.0039, -3.9907 -0.4614 0.0, -4.0334 -0.4547 0.0039, -4.0334 -0.4547 0.0, -4.0594 -0.4502 0.0039, -4.0594 -0.4502 0.0, -4.0657 -0.4479 0.0039, -4.0657 -0.4479 0.0, -4.0697 -0.4469 0.0039, -4.0697 -0.4469 0.0, -4.0726 -0.4468 0.0039, -4.0726 -0.4468 0.0, -4.0741 -0.4471 0.0039, -4.0741 -0.4471 0.0, -4.0754 -0.4476 0.0039, -4.0754 -0.4476 0.0, -4.0768 -0.4487 0.0039, -4.0768 -0.4487 0.0, -4.078 -0.4502 0.0039, -4.078 -0.4502 0.0, -4.0786 -0.4514 0.0039, -4.0786 -0.4514 0.0, -4.079 -0.4537 0.0039, -4.079 -0.4537 0.0, -4.0789 -0.4569 0.0039, -4.0789 -0.4569 0.0, -4.0787 -0.4581 0.0039, -4.0787 -0.4581 0.0, -4.0751 -0.4724 0.0039, -4.0751 -0.4724 0.0, -4.0736 -0.487 0.0039, -4.0736 -0.487 0.0, -4.0736 -0.4978 0.0039, -4.0736 -0.4978 0.0, -4.0733 -0.5049 0.0039, -4.0733 -0.5049 0.0, -4.073 -0.512 0.0039, -4.073 -0.512 0.0, -4.0736 -0.7713 0.0039, -4.0736 -0.7713 0.0, -4.08 -0.7788 0.0039, -4.08 -0.7788 0.0, -4.0838 -0.7835 0.0039, -4.0838 -0.7835 0.0, -4.0861 -0.7868 0.0039, -4.0861 -0.7868 0.0, -4.087 -0.7888 0.0039, -4.087 -0.7888 0.0, -4.0875 -0.7915 0.0039, -4.0875 -0.7915 0.0, -4.0876 -0.7932 0.0039, -4.0876 -0.7932 0.0, -4.0876 -0.7945 0.0039, -4.0876 -0.7945 0.0, -4.0875 -0.795 0.0039, -4.0875 -0.795 0.0, -4.0873 -0.7954 0.0039, -4.0873 -0.7954 0.0, -4.0871 -0.7957 0.0039, -4.0871 -0.7957 0.0, -4.0869 -0.7959 0.0039, -4.0869 -0.7959 0.0, -4.0866 -0.796 0.0039, -4.0866 -0.796 0.0, -4.0858 -0.7962 0.0039, -4.0858 -0.7962 0.0, -4.0843 -0.7963 0.0039, -4.0843 -0.7963 0.0, -4.0827 -0.7962 0.0039, -4.0827 -0.7962 0.0, -4.0719 -0.7945 0.0039, -4.0719 -0.7945 0.0, -4.0623 -0.7933 0.0039, -4.0623 -0.7933 0.0, -4.0526 -0.7933 0.0039, -4.0526 -0.7933 0.0, -4.051 -0.7933 0.0039, -4.051 -0.7933 0.0, -4.0399 -0.7936 0.0039, -4.0399 -0.7936 0.0, -4.0289 -0.7951 0.0039, -4.0289 -0.7951 0.0, -4.0067 -0.799 0.0039, -4.0067 -0.799 0.0, -3.9872 -0.803 0.0039, -3.9872 -0.803 0.0, -3.9718 -0.8086 0.0039, -3.9718 -0.8086 0.0, -3.9688 -0.8104 0.0039, -3.9688 -0.8104 0.0, -3.9637 -0.8137 0.0039, -3.9637 -0.8137 0.0, -3.9474 -0.7968 0.0039, -3.9474 -0.7968 0.0, -3.9463 -0.7949 0.0039, -3.9463 -0.7949 0.0, -3.9456 -0.7935 0.0039, -3.9456 -0.7935 0.0, -3.9452 -0.7925 0.0039, -3.9452 -0.7925 0.0, -3.9451 -0.7917 0.0039, -3.9451 -0.7917 0.0, -3.9452 -0.7909 0.0039, -3.9452 -0.7909 0.0, -3.9454 -0.7901 0.0039, -3.9454 -0.7901 0.0, -3.9459 -0.7895 0.0039, -3.9459 -0.7895 0.0, -3.9467 -0.7887 0.0039, -3.9467 -0.7887 0.0, -3.9477 -0.7881 0.0039, -3.9477 -0.7881 0.0, -3.9488 -0.7878 0.0039, -3.9488 -0.7878 0.0, -3.9501 -0.7877 0.0039, -3.9501 -0.7877 0.0, -3.9592 -0.7865 0.0039, -3.9592 -0.7865 0.0, -3.9725 -0.7848 0.0039, -3.9725 -0.7848 0.0, -3.9859 -0.7832 0.0039, -3.9859 -0.7832 0.0, -4.0572 -0.7713 0.0039, -4.0572 -0.7713 0.0, -4.1434 -0.8052 0.0039, -4.1434 -0.8052 0.0, -4.1519 -0.8052 0.0039, -4.1519 -0.8052 0.0, -4.1434 -0.6541 0.0039, -4.1434 -0.6541 0.0, -4.1541 -0.6541 0.0039, -4.1541 -0.6541 0.0, -4.1589 -0.7338 0.0039, -4.1589 -0.7338 0.0, -4.1659 -0.7595 0.0039, -4.1659 -0.7595 0.0, -4.173 -0.7734 0.0039, -4.173 -0.7734 0.0, -4.1799 -0.7817 0.0039, -4.1799 -0.7817 0.0, -4.1874 -0.7874 0.0039, -4.1874 -0.7874 0.0, -4.1954 -0.7909 0.0039, -4.1954 -0.7909 0.0, -4.204 -0.7928 0.0039, -4.204 -0.7928 0.0, -4.2158 -0.7921 0.0039, -4.2158 -0.7921 0.0, -4.2259 -0.7887 0.0039, -4.2259 -0.7887 0.0, -4.2355 -0.7827 0.0039, -4.2355 -0.7827 0.0, -4.2446 -0.7738 0.0039, -4.2446 -0.7738 0.0, -4.2544 -0.7585 0.0039, -4.2544 -0.7585 0.0, -4.2676 -0.7204 0.0039, -4.2676 -0.7204 0.0, -4.2727 -0.6908 0.0039, -4.2727 -0.6908 0.0, -4.2748 -0.6008 0.0039, -4.2748 -0.6008 0.0, -4.2608 -0.5199 0.0039, -4.2608 -0.5199 0.0, -4.2522 -0.4968 0.0039, -4.2522 -0.4968 0.0, -4.2393 -0.4786 0.0039, -4.2393 -0.4786 0.0, -4.2311 -0.4711 0.0039, -4.2311 -0.4711 0.0, -4.2239 -0.4668 0.0039, -4.2239 -0.4668 0.0, -4.2164 -0.4646 0.0039, -4.2164 -0.4646 0.0, -4.2085 -0.4638 0.0039, -4.2085 -0.4638 0.0, -4.1958 -0.4648 0.0039, -4.1958 -0.4648 0.0, -4.1833 -0.4694 0.0039, -4.1833 -0.4694 0.0, -4.1732 -0.4765 0.0039, -4.1732 -0.4765 0.0, -4.1648 -0.4861 0.0039, -4.1648 -0.4861 0.0, -4.1574 -0.5008 0.0039, -4.1574 -0.5008 0.0, -4.1493 -0.5382 0.0039, -4.1493 -0.5382 0.0, -4.1468 -0.555 0.0039, -4.1468 -0.555 0.0, -4.144 -0.5849 0.0039, -4.144 -0.5849 0.0, -4.144 -0.5849 0.0
            ]
        }
        coordIndex [
            0,1,2,-1,2,1,3,-1,1,0,4,-1,1,4,5,-1,5,4,6,-1,5,6,7,-1,8,9,10,-1,11,12,13,-1,12,14,15,-1,15,14,16,-1,15,16,17,-1,15,6,12,-1,12,6,4,-1,12,4,13,-1,13,4,0,-1,13,0,18,-1,19,20,21,-1,21,20,22,-1,21,22,23,-1,9,24,10,-1,10,24,25,-1,10,25,26,-1,26,25,27,-1,26,27,2,-1,2,27,21,-1,21,28,19,-1,19,28,29,-1,19,29,30,-1,0,2,18,-1,18,2,21,-1,18,21,31,-1,31,21,23,-1,32,33,34,-1,34,33,35,-1,35,33,36,-1,35,36,37,-1,38,39,40,-1,34,41,32,-1,32,41,42,-1,32,42,13,-1,13,42,43,-1,13,43,11,-1,37,36,44,-1,44,36,45,-1,44,45,46,-1,10,47,48,-1,49,50,16,-1,16,50,51,-1,16,51,17,-1,49,52,50,-1,50,52,53,-1,50,53,54,-1,55,56,57,-1,47,10,58,-1,58,10,59,-1,58,59,40,-1,40,59,60,-1,40,60,38,-1,48,61,10,-1,10,61,62,-1,10,62,8,-1,63,64,65,-1,65,64,66,-1,65,66,28,-1,28,66,67,-1,28,67,29,-1,57,56,68,-1,29,69,30,-1,30,69,70,-1,30,70,71,-1,56,72,68,-1,68,72,73,-1,68,73,74,-1,74,73,30,-1,74,30,75,-1,75,30,71,-1,46,45,76,-1,76,45,77,-1,76,77,78,-1,78,77,79,-1,78,79,80,-1,80,79,81,-1,80,81,82,-1,81,83,82,-1,82,83,84,-1,82,84,85,-1,85,84,86,-1,85,86,87,-1,87,86,55,-1,87,55,88,-1,88,55,57,-1,22,89,23,-1,23,89,90,-1,89,22,20,-1,89,20,91,-1,91,20,19,-1,91,19,92,-1,92,19,30,-1,92,30,93,-1,93,30,73,-1,93,73,94,-1,94,73,72,-1,94,72,95,-1,95,72,56,-1,95,56,96,-1,96,56,55,-1,96,55,97,-1,97,55,86,-1,97,86,98,-1,98,86,84,-1,98,84,99,-1,99,84,83,-1,99,83,100,-1,100,83,81,-1,100,81,101,-1,101,81,79,-1,101,79,102,-1,102,79,77,-1,102,77,103,-1,103,77,45,-1,103,45,104,-1,104,45,36,-1,104,36,105,-1,105,36,33,-1,105,33,106,-1,106,33,32,-1,106,32,107,-1,13,108,32,-1,32,108,107,-1,18,109,13,-1,13,109,108,-1,109,18,31,-1,109,31,110,-1,110,31,23,-1,110,23,90,-1,111,112,113,-1,113,112,114,-1,112,111,115,-1,112,115,116,-1,116,115,117,-1,116,117,118,-1,118,117,119,-1,118,119,120,-1,121,122,119,-1,119,122,120,-1,123,124,121,-1,121,124,122,-1,124,123,125,-1,124,125,126,-1,126,125,127,-1,126,127,128,-1,128,127,129,-1,128,129,130,-1,130,129,131,-1,130,131,132,-1,132,131,133,-1,132,133,134,-1,134,133,135,-1,134,135,136,-1,136,135,137,-1,136,137,138,-1,138,137,139,-1,138,139,140,-1,140,139,141,-1,140,141,142,-1,142,141,143,-1,142,143,144,-1,144,143,145,-1,144,145,146,-1,147,148,145,-1,145,148,146,-1,149,150,147,-1,147,150,148,-1,151,152,149,-1,149,152,150,-1,152,151,153,-1,152,153,154,-1,154,153,155,-1,154,155,156,-1,157,158,155,-1,155,158,156,-1,159,160,157,-1,157,160,158,-1,160,159,161,-1,160,161,162,-1,162,161,163,-1,162,163,164,-1,164,163,165,-1,164,165,166,-1,166,165,167,-1,166,167,168,-1,168,167,169,-1,168,169,170,-1,170,169,171,-1,170,171,172,-1,172,171,173,-1,172,173,174,-1,174,173,175,-1,174,175,176,-1,176,175,177,-1,176,177,178,-1,178,177,179,-1,178,179,180,-1,180,179,181,-1,180,181,182,-1,182,181,183,-1,182,183,184,-1,185,186,183,-1,183,186,184,-1,186,185,187,-1,186,187,188,-1,188,187,189,-1,188,189,190,-1,191,192,189,-1,189,192,190,-1,192,191,193,-1,192,193,194,-1,194,193,195,-1,194,195,196,-1,196,195,197,-1,196,197,198,-1,198,197,199,-1,198,199,200,-1,200,199,201,-1,200,201,202,-1,202,201,203,-1,202,203,204,-1,204,203,205,-1,204,205,206,-1,206,205,207,-1,206,207,208,-1,208,207,209,-1,208,209,210,-1,210,209,211,-1,210,211,212,-1,212,211,213,-1,212,213,214,-1,214,213,215,-1,214,215,216,-1,216,215,217,-1,216,217,218,-1,219,220,217,-1,217,220,218,-1,220,219,221,-1,220,221,222,-1,222,221,223,-1,222,223,224,-1,225,226,223,-1,223,226,224,-1,226,225,227,-1,226,227,228,-1,228,227,229,-1,228,229,230,-1,230,229,231,-1,230,231,232,-1,232,231,233,-1,232,233,234,-1,234,233,235,-1,234,235,236,-1,236,235,237,-1,236,237,238,-1,238,237,239,-1,238,239,240,-1,240,239,241,-1,240,241,242,-1,242,241,243,-1,242,243,244,-1,244,243,245,-1,244,245,246,-1,246,245,247,-1,246,247,248,-1,248,247,249,-1,248,249,250,-1,250,249,251,-1,250,251,252,-1,252,251,253,-1,252,253,254,-1,254,253,255,-1,254,255,256,-1,257,258,255,-1,255,258,256,-1,258,257,259,-1,258,259,260,-1,260,259,261,-1,260,261,262,-1,263,264,261,-1,261,264,262,-1,264,263,265,-1,264,265,266,-1,266,265,267,-1,266,267,268,-1,269,270,267,-1,267,270,268,-1,270,269,271,-1,270,271,272,-1,272,271,273,-1,272,273,274,-1,274,273,275,-1,274,275,276,-1,277,278,275,-1,275,278,276,-1,279,280,277,-1,277,280,278,-1,280,279,281,-1,280,281,282,-1,282,281,283,-1,282,283,284,-1,284,283,285,-1,284,285,286,-1,286,285,287,-1,286,287,288,-1,288,287,289,-1,288,289,290,-1,290,289,291,-1,290,291,292,-1,292,291,293,-1,292,293,294,-1,294,293,295,-1,294,295,296,-1,296,295,297,-1,296,297,298,-1,298,297,299,-1,298,299,300,-1,300,299,301,-1,300,301,302,-1,303,304,301,-1,301,304,302,-1,304,303,305,-1,304,305,306,-1,306,305,307,-1,306,307,308,-1,309,310,307,-1,307,310,308,-1,309,113,310,-1,310,113,114,-1,195,193,149,-1,155,153,185,-1,185,153,151,-1,119,117,145,-1,193,191,149,-1,149,191,189,-1,149,189,151,-1,151,189,187,-1,151,187,185,-1,223,221,149,-1,221,219,149,-1,149,219,217,-1,149,217,215,-1,215,213,149,-1,149,213,211,-1,149,211,209,-1,113,147,111,-1,111,147,145,-1,111,145,115,-1,115,145,117,-1,155,185,157,-1,157,185,183,-1,157,183,159,-1,159,183,181,-1,159,181,179,-1,149,203,201,-1,229,227,309,-1,309,227,225,-1,309,225,113,-1,113,225,223,-1,113,223,147,-1,147,223,149,-1,209,207,149,-1,149,207,205,-1,149,205,203,-1,129,127,143,-1,143,127,145,-1,121,119,123,-1,123,119,145,-1,123,145,125,-1,125,145,127,-1,241,239,309,-1,309,239,237,-1,309,237,235,-1,179,177,159,-1,159,177,175,-1,159,175,173,-1,201,199,149,-1,149,199,197,-1,149,197,195,-1,287,285,299,-1,299,285,283,-1,299,283,301,-1,301,283,281,-1,301,281,279,-1,265,263,309,-1,309,263,261,-1,309,261,259,-1,259,257,309,-1,309,257,255,-1,309,255,253,-1,163,169,165,-1,165,169,167,-1,173,171,159,-1,159,171,169,-1,159,169,161,-1,161,169,163,-1,247,245,309,-1,309,245,243,-1,309,243,241,-1,235,233,309,-1,309,233,231,-1,309,231,229,-1,279,277,301,-1,301,277,275,-1,301,275,303,-1,303,275,273,-1,303,273,305,-1,305,273,271,-1,305,271,307,-1,307,271,269,-1,307,269,309,-1,309,269,267,-1,309,267,265,-1,253,251,309,-1,309,251,249,-1,309,249,247,-1,135,133,143,-1,143,133,131,-1,143,131,129,-1,293,299,295,-1,295,299,297,-1,293,291,299,-1,299,291,289,-1,299,289,287,-1,141,139,143,-1,143,139,137,-1,143,137,135,-1,311,312,313,-1,313,312,314,-1,315,316,311,-1,311,316,312,-1,317,318,315,-1,315,318,316,-1,318,317,319,-1,318,319,320,-1,320,319,321,-1,320,321,322,-1,322,321,323,-1,322,323,324,-1,324,323,325,-1,324,325,326,-1,326,325,327,-1,326,327,328,-1,328,327,329,-1,328,329,330,-1,330,329,331,-1,330,331,332,-1,332,331,333,-1,332,333,334,-1,334,333,335,-1,334,335,336,-1,336,335,337,-1,336,337,338,-1,338,337,339,-1,338,339,340,-1,340,339,341,-1,340,341,342,-1,342,341,343,-1,342,343,344,-1,344,343,345,-1,344,345,346,-1,346,345,347,-1,346,347,348,-1,348,347,349,-1,348,349,350,-1,350,349,351,-1,350,351,352,-1,352,351,353,-1,352,353,354,-1,354,353,355,-1,354,355,356,-1,356,355,357,-1,356,357,358,-1,358,357,359,-1,358,359,360,-1,360,359,361,-1,360,361,362,-1,362,361,363,-1,362,363,364,-1,364,363,365,-1,364,365,366,-1,366,365,367,-1,366,367,368,-1,368,367,369,-1,368,369,370,-1,370,369,371,-1,370,371,372,-1,372,371,373,-1,372,373,374,-1,374,373,375,-1,374,375,376,-1,377,378,375,-1,375,378,376,-1,
        ]
    }
}
Shape{
    appearance Appearance {
        material  Material 	{
            diffuseColor 0.6470588235294118 0.6196078431372549 0.5882352941176471
            specularColor 0.45098039215686275 0.43529411764705883 0.4117647058823529
            ambientIntensity 0.2
            transparency 0
            shininess 0.5
        }
    }
    geometry IndexedFaceSet {
        ccw TRUE
        solid FALSE
        coord DEF co Coordinate {
            point [
                -4.1349 -0.5844 0.0039, -4.1349 -0.5844 0.0, -4.144 -0.5849 0.0039, -4.144 -0.5849 0.0, -4.144 -0.5849 0.0
            ]
        }
        coordIndex [
            0,1,2,-1,2,1,3,-1,
        ]
    }
}
Shape{
    appearance Appearance {
        material  Material 	{
            diffuseColor 0.24705882352941178 0.49411764705882355 0.27450980392156865
            specularColor 0.01568627450980392 0.03529411764705882 0.0196078431372549
            ambientIntensity 0.2
            transparency 0
            shininess 0.5
        }
    }
    geometry IndexedFaceSet {
        ccw TRUE
        solid FALSE
        coord DEF co Coordinate {
            point [
                -4.1349 -0.5844 0.0, -4.1349 -0.5844 0.0039, -4.1392 -0.5168 0.0039, -4.1392 -0.5168 0.0, -4.1457 -0.4915 0.0039, -4.1457 -0.4915 0.0, -4.1554 -0.4719 0.0039, -4.1554 -0.4719 0.0, -4.1628 -0.4625 0.0039, -4.1628 -0.4625 0.0, -4.1736 -0.4537 0.0039, -4.1736 -0.4537 0.0, -4.1873 -0.4474 0.0039, -4.1873 -0.4474 0.0, -4.2006 -0.4451 0.0039, -4.2006 -0.4451 0.0, -4.2151 -0.4456 0.0039, -4.2151 -0.4456 0.0, -4.2301 -0.4503 0.0039, -4.2301 -0.4503 0.0, -4.2432 -0.4579 0.0039, -4.2432 -0.4579 0.0, -4.2526 -0.4676 0.0039, -4.2526 -0.4676 0.0, -4.2656 -0.4887 0.0039, -4.2656 -0.4887 0.0, -4.2814 -0.5361 0.0039, -4.2814 -0.5361 0.0, -4.2876 -0.5745 0.0039, -4.2876 -0.5745 0.0, -4.2878 -0.6886 0.0039, -4.2878 -0.6886 0.0, -4.2741 -0.75 0.0039, -4.2741 -0.75 0.0, -4.2621 -0.777 0.0039, -4.2621 -0.777 0.0, -4.2506 -0.792 0.0039, -4.2506 -0.792 0.0, -4.233 -0.8056 0.0039, -4.233 -0.8056 0.0, -4.2246 -0.8097 0.0039, -4.2246 -0.8097 0.0, -4.2165 -0.8114 0.0039, -4.2165 -0.8114 0.0, -4.2085 -0.8114 0.0039, -4.2085 -0.8114 0.0, -4.1919 -0.8071 0.0039, -4.1919 -0.8071 0.0, -4.1788 -0.7999 0.0039, -4.1788 -0.7999 0.0, -4.1675 -0.7897 0.0039, -4.1675 -0.7897 0.0, -4.1609 -0.7809 0.0039, -4.1609 -0.7809 0.0, -4.1559 -0.7719 0.0039, -4.1559 -0.7719 0.0, -4.1519 -0.8052 0.0039, -4.1519 -0.8052 0.0, -4.1434 -0.6541 0.0039, -4.1434 -0.8052 0.0039, -4.1874 -0.7874 0.0039, -4.1799 -0.7817 0.0039, -4.173 -0.7734 0.0039, -4.1541 -0.6541 0.0039, -4.1589 -0.7338 0.0039, -4.1659 -0.7595 0.0039, -4.1954 -0.7909 0.0039, -4.204 -0.7928 0.0039, -4.2158 -0.7921 0.0039, -4.2259 -0.7887 0.0039, -4.2355 -0.7827 0.0039, -4.2446 -0.7738 0.0039, -4.2544 -0.7585 0.0039, -4.2676 -0.7204 0.0039, -4.2727 -0.6908 0.0039, -4.2748 -0.6008 0.0039, -4.2608 -0.5199 0.0039, -4.2522 -0.4968 0.0039, -4.2393 -0.4786 0.0039, -4.2311 -0.4711 0.0039, -4.2239 -0.4668 0.0039, -4.2164 -0.4646 0.0039, -4.2085 -0.4638 0.0039, -4.1958 -0.4648 0.0039, -4.1833 -0.4694 0.0039, -4.1732 -0.4765 0.0039, -4.1648 -0.4861 0.0039, -4.1574 -0.5008 0.0039, -4.1493 -0.5382 0.0039, -4.1468 -0.555 0.0039, -4.144 -0.5849 0.0039, -4.4571 -0.8262 0.0, -4.4571 -0.8262 0.0039, -4.4489 -0.816 0.0, -4.4322 -0.7951 0.0039, -4.4322 -0.7951 0.0, -4.438 -0.7827 0.0039, -4.438 -0.7827 0.0, -4.4405 -0.7666 0.0039, -4.4405 -0.7666 0.0, -4.4406 -0.7594 0.0039, -4.4406 -0.7594 0.0, -4.4406 -0.4706 0.0039, -4.4406 -0.4706 0.0, -4.397 -0.4743 0.0039, -4.397 -0.4743 0.0, -4.3763 -0.4774 0.0039, -4.3763 -0.4774 0.0, -4.3693 -0.479 0.0039, -4.3693 -0.479 0.0, -4.3652 -0.481 0.0039, -4.3652 -0.481 0.0, -4.36 -0.4855 0.0039, -4.36 -0.4855 0.0, -4.3582 -0.4867 0.0039, -4.3582 -0.4867 0.0, -4.3563 -0.4875 0.0039, -4.3563 -0.4875 0.0, -4.3431 -0.4759 0.0039, -4.3431 -0.4759 0.0, -4.3369 -0.4702 0.0039, -4.3369 -0.4702 0.0, -4.3348 -0.4679 0.0039, -4.3348 -0.4679 0.0, -4.3338 -0.4661 0.0039, -4.3338 -0.4661 0.0, -4.3333 -0.4642 0.0039, -4.3333 -0.4642 0.0, -4.3331 -0.4621 0.0039, -4.3331 -0.4621 0.0, -4.3337 -0.4609 0.0039, -4.3337 -0.4609 0.0, -4.3342 -0.4603 0.0039, -4.3342 -0.4603 0.0, -4.335 -0.4598 0.0039, -4.335 -0.4598 0.0, -4.3364 -0.4593 0.0039, -4.3364 -0.4593 0.0, -4.3385 -0.459 0.0039, -4.3385 -0.459 0.0, -4.3484 -0.4588 0.0039, -4.3484 -0.4588 0.0, -4.3628 -0.4568 0.0039, -4.3628 -0.4568 0.0, -4.4001 -0.4529 0.0039, -4.4001 -0.4529 0.0, -4.4124 -0.4519 0.0039, -4.4124 -0.4519 0.0, -4.4124 -0.4519 0.0
            ]
        }
        coordIndex [
            0,1,2,-1,0,2,3,-1,3,2,4,-1,3,4,5,-1,5,4,6,-1,5,6,7,-1,7,6,8,-1,7,8,9,-1,9,8,10,-1,9,10,11,-1,11,10,12,-1,11,12,13,-1,13,12,14,-1,13,14,15,-1,15,14,16,-1,15,16,17,-1,17,16,18,-1,17,18,19,-1,19,18,20,-1,19,20,21,-1,21,20,22,-1,21,22,23,-1,23,22,24,-1,23,24,25,-1,25,24,26,-1,25,26,27,-1,27,26,28,-1,27,28,29,-1,29,28,30,-1,29,30,31,-1,31,30,32,-1,31,32,33,-1,33,32,34,-1,33,34,35,-1,35,34,36,-1,35,36,37,-1,37,36,38,-1,37,38,39,-1,39,38,40,-1,39,40,41,-1,41,40,42,-1,41,42,43,-1,43,42,44,-1,43,44,45,-1,45,44,46,-1,45,46,47,-1,47,46,48,-1,47,48,49,-1,49,48,50,-1,49,50,51,-1,51,50,52,-1,51,52,53,-1,54,55,52,-1,52,55,53,-1,54,56,55,-1,55,56,57,-1,58,59,54,-1,54,59,56,-1,52,60,54,-1,54,60,61,-1,54,61,62,-1,63,58,64,-1,64,58,54,-1,64,54,65,-1,65,54,62,-1,52,50,60,-1,60,50,48,-1,60,48,66,-1,66,48,46,-1,66,46,67,-1,67,46,44,-1,67,44,68,-1,44,42,68,-1,68,42,40,-1,68,40,69,-1,69,40,38,-1,69,38,70,-1,70,38,36,-1,70,36,71,-1,71,36,34,-1,71,34,72,-1,72,34,73,-1,73,34,32,-1,73,32,74,-1,74,32,30,-1,74,30,75,-1,75,30,28,-1,75,28,76,-1,76,28,26,-1,76,26,77,-1,77,26,24,-1,77,24,78,-1,78,24,22,-1,78,22,79,-1,79,22,20,-1,79,20,80,-1,80,20,18,-1,80,18,81,-1,81,18,16,-1,81,16,82,-1,82,16,14,-1,82,14,83,-1,83,14,12,-1,83,12,84,-1,84,12,10,-1,84,10,85,-1,85,10,8,-1,85,8,86,-1,86,8,6,-1,86,6,87,-1,87,6,4,-1,87,4,88,-1,88,4,2,-1,88,2,89,-1,89,2,1,-1,89,1,90,-1,91,92,93,-1,93,92,94,-1,93,94,95,-1,95,94,96,-1,95,96,97,-1,97,96,98,-1,97,98,99,-1,99,98,100,-1,99,100,101,-1,102,103,100,-1,100,103,101,-1,103,102,104,-1,103,104,105,-1,105,104,106,-1,105,106,107,-1,107,106,108,-1,107,108,109,-1,109,108,110,-1,109,110,111,-1,111,110,112,-1,111,112,113,-1,113,112,114,-1,113,114,115,-1,115,114,116,-1,115,116,117,-1,117,116,118,-1,117,118,119,-1,119,118,120,-1,119,120,121,-1,121,120,122,-1,121,122,123,-1,123,122,124,-1,123,124,125,-1,125,124,126,-1,125,126,127,-1,127,126,128,-1,127,128,129,-1,129,128,130,-1,129,130,131,-1,131,130,132,-1,131,132,133,-1,133,132,134,-1,133,134,135,-1,135,134,136,-1,135,136,137,-1,137,136,138,-1,137,138,139,-1,139,138,140,-1,139,140,141,-1,141,140,142,-1,141,142,143,-1,143,142,144,-1,143,144,145,-1,145,144,146,-1,145,146,147,-1,
        ]
    }
}
Shape{
    appearance Appearance {
        material  Material 	{
            diffuseColor 0.6470588235294118 0.6196078431372549 0.5882352941176471
            specularColor 0.45098039215686275 0.43529411764705883 0.4117647058823529
            ambientIntensity 0.2
            transparency 0
            shininess 0.5
        }
    }
    geometry IndexedFaceSet {
        ccw TRUE
        solid FALSE
        coord DEF co Coordinate {
            point [
                -4.4361 -0.4496 0.0039, -4.4361 -0.4496 0.0, -4.4124 -0.4519 0.0039, -4.4124 -0.4519 0.0, -4.4124 -0.4519 0.0
            ]
        }
        coordIndex [
            0,1,2,-1,2,1,3,-1,
        ]
    }
}
Shape{
    appearance Appearance {
        material  Material 	{
            diffuseColor 0.24705882352941178 0.49411764705882355 0.27450980392156865
            specularColor 0.01568627450980392 0.03529411764705882 0.0196078431372549
            ambientIntensity 0.2
            transparency 0
            shininess 0.5
        }
    }
    geometry IndexedFaceSet {
        ccw TRUE
        solid FALSE
        coord DEF co Coordinate {
            point [
                -4.4492 -0.4485 0.0039, -4.4492 -0.4485 0.0, -4.4361 -0.4496 0.0039, -4.4361 -0.4496 0.0, -4.4521 -0.4476 0.0039, -4.4521 -0.4476 0.0, -4.4537 -0.4475 0.0039, -4.4537 -0.4475 0.0, -4.4548 -0.4477 0.0039, -4.4548 -0.4477 0.0, -4.4556 -0.448 0.0039, -4.4556 -0.448 0.0, -4.4563 -0.4485 0.0039, -4.4563 -0.4485 0.0, -4.4571 -0.4494 0.0039, -4.4571 -0.4494 0.0, -4.4579 -0.451 0.0039, -4.4579 -0.451 0.0, -4.4583 -0.4525 0.0039, -4.4583 -0.4525 0.0, -4.4583 -0.4557 0.0039, -4.4583 -0.4557 0.0, -4.4568 -0.4695 0.0039, -4.4568 -0.4695 0.0, -4.4565 -0.4729 0.0039, -4.4565 -0.4729 0.0, -4.4554 -0.5063 0.0039, -4.4554 -0.5063 0.0, -4.4554 -0.7611 0.0039, -4.4554 -0.7611 0.0, -4.4557 -0.7887 0.0039, -4.4557 -0.7887 0.0, -4.4599 -0.816 0.0039, -4.4599 -0.816 0.0, -4.461 -0.8217 0.0039, -4.461 -0.8217 0.0, -4.4571 -0.8262 0.0039, -4.4571 -0.8262 0.0, -4.3582 -0.4867 0.0039, -4.36 -0.4855 0.0039, -4.3484 -0.4588 0.0039, -4.3652 -0.481 0.0039, -4.3628 -0.4568 0.0039, -4.3563 -0.4875 0.0039, -4.3431 -0.4759 0.0039, -4.3369 -0.4702 0.0039, -4.3385 -0.459 0.0039, -4.3348 -0.4679 0.0039, -4.4406 -0.4706 0.0039, -4.3693 -0.479 0.0039, -4.3763 -0.4774 0.0039, -4.4001 -0.4529 0.0039, -4.397 -0.4743 0.0039, -4.4322 -0.7951 0.0039, -4.438 -0.7827 0.0039, -4.4405 -0.7666 0.0039, -4.4406 -0.7594 0.0039, -4.3333 -0.4642 0.0039, -4.3364 -0.4593 0.0039, -4.335 -0.4598 0.0039, -4.3338 -0.4661 0.0039, -4.4124 -0.4519 0.0039, -4.3342 -0.4603 0.0039, -4.3337 -0.4609 0.0039, -4.3331 -0.4621 0.0039, -3.5812 -0.6195 0.0, -3.5659 -0.6048 0.0, -3.6021 -0.7639 0.0, -3.639 -0.5974 0.0, -3.6167 -0.6021 0.0, -3.6001 -0.6073 0.0, -3.5953 -0.6099 0.0, -3.8537 -0.7741 0.0, -3.8537 -0.4745 0.0, -3.843 -0.7786 0.0, -3.845 -0.4742 0.0, -3.8362 -0.4745 0.0, -3.8113 -0.4774 0.0, -3.7938 -0.4797 0.0, -3.7943 -0.786 0.0, -3.8189 -0.7842 0.0, -3.737 -0.6597 0.0, -3.7384 -0.5763 0.0, -3.7793 -0.7831 0.0, -3.7437 -0.7367 0.0, -3.7486 -0.7537 0.0, -3.7812 -0.4829 0.0, -3.772 -0.4869 0.0, -3.7652 -0.4924 0.0, -3.7549 -0.7658 0.0, -3.7617 -0.774 0.0, -3.7684 -0.7789 0.0, -3.7586 -0.5008 0.0, -3.7474 -0.526 0.0, -3.7474 -0.526 0.0
            ]
        }
        coordIndex [
            0,1,2,-1,2,1,3,-1,1,0,4,-1,1,4,5,-1,5,4,6,-1,5,6,7,-1,7,6,8,-1,7,8,9,-1,9,8,10,-1,9,10,11,-1,11,10,12,-1,11,12,13,-1,13,12,14,-1,13,14,15,-1,15,14,16,-1,15,16,17,-1,17,16,18,-1,17,18,19,-1,19,18,20,-1,19,20,21,-1,21,20,22,-1,21,22,23,-1,23,22,24,-1,23,24,25,-1,26,27,24,-1,24,27,25,-1,28,29,26,-1,26,29,27,-1,29,28,30,-1,29,30,31,-1,31,30,32,-1,31,32,33,-1,34,35,32,-1,32,35,33,-1,34,36,35,-1,35,36,37,-1,38,39,40,-1,40,39,41,-1,40,41,42,-1,43,38,44,-1,44,38,40,-1,44,40,45,-1,45,40,46,-1,45,46,47,-1,28,26,48,-1,48,26,24,-1,48,24,22,-1,41,49,42,-1,42,49,50,-1,42,50,51,-1,51,50,52,-1,36,34,53,-1,53,34,32,-1,53,32,54,-1,54,32,30,-1,54,30,55,-1,55,30,28,-1,55,28,56,-1,56,28,48,-1,22,20,48,-1,48,20,18,-1,48,18,16,-1,57,58,59,-1,58,57,46,-1,46,57,60,-1,46,60,47,-1,16,14,48,-1,48,14,12,-1,48,12,10,-1,10,8,48,-1,48,8,6,-1,48,6,4,-1,4,0,48,-1,48,0,2,-1,48,2,52,-1,52,2,61,-1,52,61,51,-1,59,62,57,-1,57,62,63,-1,57,63,64,-1,65,66,67,-1,67,68,69,-1,69,70,67,-1,67,70,71,-1,67,71,65,-1,72,73,74,-1,74,73,75,-1,75,76,74,-1,74,76,77,-1,74,77,78,-1,79,80,81,-1,81,80,74,-1,81,74,82,-1,79,81,83,-1,83,81,84,-1,83,84,85,-1,78,86,74,-1,74,86,87,-1,74,87,88,-1,85,89,83,-1,83,89,90,-1,83,90,91,-1,88,92,74,-1,74,92,93,-1,74,93,82,-1,
        ]
    }
}
Shape{
    appearance Appearance {
        material  Material 	{
            diffuseColor 0.6470588235294118 0.6196078431372549 0.5882352941176471
            specularColor 0.45098039215686275 0.43529411764705883 0.4117647058823529
            ambientIntensity 0.2
            transparency 0
            shininess 0.5
        }
    }
    geometry IndexedFaceSet {
        ccw TRUE
        solid FALSE
        coord DEF co Coordinate {
            point [
                -2.8425 1.3583 -0.9843, -2.8425 1.3583 0.9449, -3.1575 1.3583 -0.9843, -3.1575 1.3583 0.9449, -3.0787 1.437 -1.378, -3.0787 1.5945 -1.378, -2.9213 1.437 -1.378, -2.9213 1.5945 -1.378, -3.1575 1.6732 -0.9843, -3.1575 1.6732 0.9449, -2.8425 1.6732 -0.9843, -2.8425 1.6732 0.9449, -3.1575 1.6645 1.0557, -2.8425 1.6645 1.0557, -3.1575 1.6385 1.1639, -2.8425 1.6385 1.1639, -3.1575 1.596 1.2666, -2.8425 1.596 1.2666, -3.1575 1.5379 1.3614, -2.8425 1.5379 1.3614, -3.1575 1.4657 1.446, -2.8425 1.4657 1.446, -3.1575 1.3811 1.5182, -2.8425 1.3811 1.5182, -3.1575 1.2863 1.5763, -2.8425 1.2863 1.5763, -3.1575 1.1836 1.6189, -2.8425 1.1836 1.6189, -3.1575 1.0754 1.6448, -2.8425 1.0754 1.6448, -3.1575 0.9646 1.6535, -2.8425 0.9646 1.6535, -2.8425 -1.0039 1.6535, -3.1575 -1.0039 1.6535, -3.0787 -1.3976 1.5748, -3.0787 -1.3976 1.4173, -2.9213 -1.3976 1.5748, -2.9213 -1.3976 1.4173, -3.1575 -1.0039 1.3386, -3.1575 0.9646 1.3386, -2.8425 -1.0039 1.3386, -2.8425 0.9646 1.3386, -2.8425 1.0522 1.3287, -3.1575 1.0522 1.3287, -2.8425 1.1354 1.2996, -3.1575 1.1354 1.2996, -2.8425 1.21 1.2527, -3.1575 1.21 1.2527, -2.8425 1.2724 1.1904, -3.1575 1.2724 1.1904, -2.8425 1.3193 1.1157, -3.1575 1.3193 1.1157, -2.8425 1.3484 1.0325, -3.1575 1.3484 1.0325, -1.8425 1.3583 -0.9843, -1.8425 1.3583 0.9449, -2.1575 1.3583 -0.9843, -2.1575 1.3583 0.9449, -2.0787 1.437 -1.378, -2.0787 1.5945 -1.378, -1.9213 1.437 -1.378, -1.9213 1.5945 -1.378, -2.1575 1.6732 -0.9843, -2.1575 1.6732 0.9449, -1.8425 1.6732 -0.9843, -1.8425 1.6732 0.9449, -2.1575 1.6645 1.0557, -1.8425 1.6645 1.0557, -2.1575 1.6385 1.1639, -1.8425 1.6385 1.1639, -2.1575 1.596 1.2666, -1.8425 1.596 1.2666, -2.1575 1.5379 1.3614, -1.8425 1.5379 1.3614, -2.1575 1.4657 1.446, -1.8425 1.4657 1.446, -2.1575 1.3811 1.5182, -1.8425 1.3811 1.5182, -2.1575 1.2863 1.5763, -1.8425 1.2863 1.5763, -2.1575 1.1836 1.6189, -1.8425 1.1836 1.6189, -2.1575 1.0754 1.6448, -1.8425 1.0754 1.6448, -2.1575 0.9646 1.6535, -1.8425 0.9646 1.6535, -1.8425 -1.0039 1.6535, -2.1575 -1.0039 1.6535, -2.0787 -1.3976 1.5748, -2.0787 -1.3976 1.4173, -1.9213 -1.3976 1.5748, -1.9213 -1.3976 1.4173, -2.1575 -1.0039 1.3386, -2.1575 0.9646 1.3386, -1.8425 -1.0039 1.3386, -1.8425 0.9646 1.3386, -1.8425 1.0522 1.3287, -2.1575 1.0522 1.3287, -1.8425 1.1354 1.2996, -2.1575 1.1354 1.2996, -1.8425 1.21 1.2527, -2.1575 1.21 1.2527, -1.8425 1.2724 1.1904, -2.1575 1.2724 1.1904, -1.8425 1.3193 1.1157, -2.1575 1.3193 1.1157, -1.8425 1.3484 1.0325, -2.1575 1.3484 1.0325, -0.8425 1.3583 -0.9843, -0.8425 1.3583 0.9449, -1.1575 1.3583 -0.9843, -1.1575 1.3583 0.9449, -1.0787 1.437 -1.378, -1.0787 1.5945 -1.378, -0.9213 1.437 -1.378, -0.9213 1.5945 -1.378, -1.1575 1.6732 -0.9843, -1.1575 1.6732 0.9449, -0.8425 1.6732 -0.9843, -0.8425 1.6732 0.9449, -1.1575 1.6645 1.0557, -0.8425 1.6645 1.0557, -1.1575 1.6385 1.1639, -0.8425 1.6385 1.1639, -1.1575 1.596 1.2666, -0.8425 1.596 1.2666, -1.1575 1.5379 1.3614, -0.8425 1.5379 1.3614, -1.1575 1.4657 1.446, -0.8425 1.4657 1.446, -1.1575 1.3811 1.5182, -0.8425 1.3811 1.5182, -1.1575 1.2863 1.5763, -0.8425 1.2863 1.5763, -1.1575 1.1836 1.6189, -0.8425 1.1836 1.6189, -1.1575 1.0754 1.6448, -0.8425 1.0754 1.6448, -1.1575 0.9646 1.6535, -0.8425 0.9646 1.6535, -0.8425 -1.0039 1.6535, -1.1575 -1.0039 1.6535, -1.0787 -1.3976 1.5748, -1.0787 -1.3976 1.4173, -0.9213 -1.3976 1.5748, -0.9213 -1.3976 1.4173, -1.1575 -1.0039 1.3386, -1.1575 0.9646 1.3386, -0.8425 -1.0039 1.3386, -0.8425 0.9646 1.3386, -0.8425 1.0522 1.3287, -1.1575 1.0522 1.3287, -0.8425 1.1354 1.2996, -1.1575 1.1354 1.2996, -0.8425 1.21 1.2527, -1.1575 1.21 1.2527, -0.8425 1.2724 1.1904, -1.1575 1.2724 1.1904, -0.8425 1.3193 1.1157, -1.1575 1.3193 1.1157, -0.8425 1.3484 1.0325, -1.1575 1.3484 1.0325, 0.1575 1.3583 -0.9843, 0.1575 1.3583 0.9449, -0.1575 1.3583 -0.9843, -0.1575 1.3583 0.9449, -0.0787 1.437 -1.378, -0.0787 1.5945 -1.378, 0.0787 1.437 -1.378, 0.0787 1.5945 -1.378, -0.1575 1.6732 -0.9843, -0.1575 1.6732 0.9449, 0.1575 1.6732 -0.9843, 0.1575 1.6732 0.9449, -0.1575 1.6645 1.0557, 0.1575 1.6645 1.0557, -0.1575 1.6385 1.1639, 0.1575 1.6385 1.1639, -0.1575 1.596 1.2666, 0.1575 1.596 1.2666, -0.1575 1.5379 1.3614, 0.1575 1.5379 1.3614, -0.1575 1.4657 1.446, 0.1575 1.4657 1.446, -0.1575 1.3811 1.5182, 0.1575 1.3811 1.5182, -0.1575 1.2863 1.5763, 0.1575 1.2863 1.5763, -0.1575 1.1836 1.6189, 0.1575 1.1836 1.6189, -0.1575 1.0754 1.6448, 0.1575 1.0754 1.6448, -0.1575 0.9646 1.6535, 0.1575 0.9646 1.6535, 0.1575 -1.0039 1.6535, -0.1575 -1.0039 1.6535, -0.0787 -1.3976 1.5748, -0.0787 -1.3976 1.4173, 0.0787 -1.3976 1.5748, 0.0787 -1.3976 1.4173, -0.1575 -1.0039 1.3386, -0.1575 0.9646 1.3386, 0.1575 -1.0039 1.3386, 0.1575 0.9646 1.3386, 0.1575 1.0522 1.3287, -0.1575 1.0522 1.3287, 0.1575 1.1354 1.2996, -0.1575 1.1354 1.2996, 0.1575 1.21 1.2527, -0.1575 1.21 1.2527, 0.1575 1.2724 1.1904, -0.1575 1.2724 1.1904, 0.1575 1.3193 1.1157, -0.1575 1.3193 1.1157, 0.1575 1.3484 1.0325, -0.1575 1.3484 1.0325, 1.1575 1.3583 -0.9843, 1.1575 1.3583 0.9449, 0.8425 1.3583 -0.9843, 0.8425 1.3583 0.9449, 0.9213 1.437 -1.378, 0.9213 1.5945 -1.378, 1.0787 1.437 -1.378, 1.0787 1.5945 -1.378, 0.8425 1.6732 -0.9843, 0.8425 1.6732 0.9449, 1.1575 1.6732 -0.9843, 1.1575 1.6732 0.9449, 0.8425 1.6645 1.0557, 1.1575 1.6645 1.0557, 0.8425 1.6385 1.1639, 1.1575 1.6385 1.1639, 0.8425 1.596 1.2666, 1.1575 1.596 1.2666, 0.8425 1.5379 1.3614, 1.1575 1.5379 1.3614, 0.8425 1.4657 1.446, 1.1575 1.4657 1.446, 0.8425 1.3811 1.5182, 1.1575 1.3811 1.5182, 0.8425 1.2863 1.5763, 1.1575 1.2863 1.5763, 0.8425 1.1836 1.6189, 1.1575 1.1836 1.6189, 0.8425 1.0754 1.6448, 1.1575 1.0754 1.6448, 0.8425 0.9646 1.6535, 1.1575 0.9646 1.6535, 1.1575 -1.0039 1.6535, 0.8425 -1.0039 1.6535, 0.9213 -1.3976 1.5748, 0.9213 -1.3976 1.4173, 1.0787 -1.3976 1.5748, 1.0787 -1.3976 1.4173, 0.8425 -1.0039 1.3386, 0.8425 0.9646 1.3386, 1.1575 -1.0039 1.3386, 1.1575 0.9646 1.3386, 1.1575 1.0522 1.3287, 0.8425 1.0522 1.3287, 1.1575 1.1354 1.2996, 0.8425 1.1354 1.2996, 1.1575 1.21 1.2527, 0.8425 1.21 1.2527, 1.1575 1.2724 1.1904, 0.8425 1.2724 1.1904, 1.1575 1.3193 1.1157, 0.8425 1.3193 1.1157, 1.1575 1.3484 1.0325, 0.8425 1.3484 1.0325, 2.1575 1.3583 -0.9843, 2.1575 1.3583 0.9449, 1.8425 1.3583 -0.9843, 1.8425 1.3583 0.9449, 1.9213 1.437 -1.378, 1.9213 1.5945 -1.378, 2.0787 1.437 -1.378, 2.0787 1.5945 -1.378, 1.8425 1.6732 -0.9843, 1.8425 1.6732 0.9449, 2.1575 1.6732 -0.9843, 2.1575 1.6732 0.9449, 1.8425 1.6645 1.0557, 2.1575 1.6645 1.0557, 1.8425 1.6385 1.1639, 2.1575 1.6385 1.1639, 1.8425 1.596 1.2666, 2.1575 1.596 1.2666, 1.8425 1.5379 1.3614, 2.1575 1.5379 1.3614, 1.8425 1.4657 1.446, 2.1575 1.4657 1.446, 1.8425 1.3811 1.5182, 2.1575 1.3811 1.5182, 1.8425 1.2863 1.5763, 2.1575 1.2863 1.5763, 1.8425 1.1836 1.6189, 2.1575 1.1836 1.6189, 1.8425 1.0754 1.6448, 2.1575 1.0754 1.6448, 1.8425 0.9646 1.6535, 2.1575 0.9646 1.6535, 2.1575 -1.0039 1.6535, 1.8425 -1.0039 1.6535, 1.9213 -1.3976 1.5748, 1.9213 -1.3976 1.4173, 2.0787 -1.3976 1.5748, 2.0787 -1.3976 1.4173, 1.8425 -1.0039 1.3386, 1.8425 0.9646 1.3386, 2.1575 -1.0039 1.3386, 2.1575 0.9646 1.3386, 2.1575 1.0522 1.3287, 1.8425 1.0522 1.3287, 2.1575 1.1354 1.2996, 1.8425 1.1354 1.2996, 2.1575 1.21 1.2527, 1.8425 1.21 1.2527, 2.1575 1.2724 1.1904, 1.8425 1.2724 1.1904, 2.1575 1.3193 1.1157, 1.8425 1.3193 1.1157, 2.1575 1.3484 1.0325, 1.8425 1.3484 1.0325, 3.1575 1.3583 -0.9843, 3.1575 1.3583 0.9449, 2.8425 1.3583 -0.9843, 2.8425 1.3583 0.9449, 2.9213 1.437 -1.378, 2.9213 1.5945 -1.378, 3.0787 1.437 -1.378, 3.0787 1.5945 -1.378, 2.8425 1.6732 -0.9843, 2.8425 1.6732 0.9449, 3.1575 1.6732 -0.9843, 3.1575 1.6732 0.9449, 2.8425 1.6645 1.0557, 3.1575 1.6645 1.0557, 2.8425 1.6385 1.1639, 3.1575 1.6385 1.1639, 2.8425 1.596 1.2666, 3.1575 1.596 1.2666, 2.8425 1.5379 1.3614, 3.1575 1.5379 1.3614, 2.8425 1.4657 1.446, 3.1575 1.4657 1.446, 2.8425 1.3811 1.5182, 3.1575 1.3811 1.5182, 2.8425 1.2863 1.5763, 3.1575 1.2863 1.5763, 2.8425 1.1836 1.6189, 3.1575 1.1836 1.6189, 2.8425 1.0754 1.6448, 3.1575 1.0754 1.6448, 2.8425 0.9646 1.6535, 3.1575 0.9646 1.6535, 3.1575 -1.0039 1.6535, 2.8425 -1.0039 1.6535, 2.9213 -1.3976 1.5748, 2.9213 -1.3976 1.4173, 3.0787 -1.3976 1.5748, 3.0787 -1.3976 1.4173, 2.8425 -1.0039 1.3386, 2.8425 0.9646 1.3386, 3.1575 -1.0039 1.3386, 3.1575 0.9646 1.3386, 3.1575 1.0522 1.3287, 2.8425 1.0522 1.3287, 3.1575 1.1354 1.2996, 2.8425 1.1354 1.2996, 3.1575 1.21 1.2527, 2.8425 1.21 1.2527, 3.1575 1.2724 1.1904, 2.8425 1.2724 1.1904, 3.1575 1.3193 1.1157, 2.8425 1.3193 1.1157, 3.1575 1.3484 1.0325, 2.8425 1.3484 1.0325, 4.1575 1.3583 -0.9843, 4.1575 1.3583 0.9449, 3.8425 1.3583 -0.9843, 3.8425 1.3583 0.9449, 3.9213 1.437 -1.378, 3.9213 1.5945 -1.378, 4.0787 1.437 -1.378, 4.0787 1.5945 -1.378, 3.8425 1.6732 -0.9843, 3.8425 1.6732 0.9449, 4.1575 1.6732 -0.9843, 4.1575 1.6732 0.9449, 3.8425 1.6645 1.0557, 4.1575 1.6645 1.0557, 3.8425 1.6385 1.1639, 4.1575 1.6385 1.1639, 3.8425 1.596 1.2666, 4.1575 1.596 1.2666, 3.8425 1.5379 1.3614, 4.1575 1.5379 1.3614, 3.8425 1.4657 1.446, 4.1575 1.4657 1.446, 3.8425 1.3811 1.5182, 4.1575 1.3811 1.5182, 3.8425 1.2863 1.5763, 4.1575 1.2863 1.5763, 3.8425 1.1836 1.6189, 4.1575 1.1836 1.6189, 3.8425 1.0754 1.6448, 4.1575 1.0754 1.6448, 3.8425 0.9646 1.6535, 4.1575 0.9646 1.6535, 4.1575 -1.0039 1.6535, 3.8425 -1.0039 1.6535, 3.9213 -1.3976 1.5748, 3.9213 -1.3976 1.4173, 4.0787 -1.3976 1.5748, 4.0787 -1.3976 1.4173, 3.8425 -1.0039 1.3386, 3.8425 0.9646 1.3386, 4.1575 -1.0039 1.3386, 4.1575 0.9646 1.3386, 4.1575 1.0522 1.3287, 3.8425 1.0522 1.3287, 4.1575 1.1354 1.2996, 3.8425 1.1354 1.2996, 4.1575 1.21 1.2527, 3.8425 1.21 1.2527, 4.1575 1.2724 1.1904, 3.8425 1.2724 1.1904, 4.1575 1.3193 1.1157, 3.8425 1.3193 1.1157, 4.1575 1.3484 1.0325, 3.8425 1.3484 1.0325, 3.8425 1.3484 1.0325
            ]
        }
        coordIndex [
            0,1,2,-1,2,1,3,-1,4,5,6,-1,6,5,7,-1,8,9,10,-1,10,9,11,-1,11,9,12,-1,11,12,13,-1,13,12,14,-1,13,14,15,-1,15,14,16,-1,15,16,17,-1,17,16,18,-1,17,18,19,-1,19,18,20,-1,19,20,21,-1,21,20,22,-1,21,22,23,-1,23,22,24,-1,23,24,25,-1,25,24,26,-1,25,26,27,-1,27,26,28,-1,27,28,29,-1,29,28,30,-1,29,30,31,-1,32,31,33,-1,33,31,30,-1,34,35,36,-1,36,35,37,-1,38,39,40,-1,40,39,41,-1,41,39,42,-1,42,39,43,-1,42,43,44,-1,44,43,45,-1,44,45,46,-1,46,45,47,-1,46,47,48,-1,48,47,49,-1,48,49,50,-1,50,49,51,-1,50,51,52,-1,52,51,53,-1,52,53,1,-1,1,53,3,-1,32,40,31,-1,31,40,41,-1,31,41,29,-1,29,41,42,-1,29,42,27,-1,27,42,44,-1,52,15,50,-1,50,15,17,-1,50,17,48,-1,0,10,1,-1,1,10,11,-1,1,11,52,-1,52,11,13,-1,52,13,15,-1,17,19,48,-1,48,19,21,-1,48,21,46,-1,46,21,23,-1,46,23,44,-1,44,23,25,-1,44,25,27,-1,38,33,39,-1,39,33,30,-1,39,30,43,-1,51,14,53,-1,53,14,12,-1,53,12,3,-1,3,12,9,-1,3,9,2,-1,2,9,8,-1,30,28,43,-1,43,28,26,-1,43,26,45,-1,45,26,24,-1,45,24,47,-1,24,22,47,-1,47,22,20,-1,47,20,49,-1,49,20,18,-1,49,18,51,-1,51,18,16,-1,51,16,14,-1,10,7,8,-1,8,7,5,-1,0,6,10,-1,10,6,7,-1,4,2,5,-1,5,2,8,-1,2,4,0,-1,0,4,6,-1,40,37,38,-1,38,37,35,-1,32,36,40,-1,40,36,37,-1,34,33,35,-1,35,33,38,-1,33,34,32,-1,32,34,36,-1,54,55,56,-1,56,55,57,-1,58,59,60,-1,60,59,61,-1,62,63,64,-1,64,63,65,-1,65,63,66,-1,65,66,67,-1,67,66,68,-1,67,68,69,-1,69,68,70,-1,69,70,71,-1,71,70,72,-1,71,72,73,-1,73,72,74,-1,73,74,75,-1,75,74,76,-1,75,76,77,-1,77,76,78,-1,77,78,79,-1,79,78,80,-1,79,80,81,-1,81,80,82,-1,81,82,83,-1,83,82,84,-1,83,84,85,-1,86,85,87,-1,87,85,84,-1,88,89,90,-1,90,89,91,-1,92,93,94,-1,94,93,95,-1,95,93,96,-1,96,93,97,-1,96,97,98,-1,98,97,99,-1,98,99,100,-1,100,99,101,-1,100,101,102,-1,102,101,103,-1,102,103,104,-1,104,103,105,-1,104,105,106,-1,106,105,107,-1,106,107,55,-1,55,107,57,-1,86,94,85,-1,85,94,95,-1,85,95,83,-1,83,95,96,-1,83,96,81,-1,81,96,98,-1,106,69,104,-1,104,69,71,-1,104,71,102,-1,54,64,55,-1,55,64,65,-1,55,65,106,-1,106,65,67,-1,106,67,69,-1,71,73,102,-1,102,73,75,-1,102,75,100,-1,100,75,77,-1,100,77,98,-1,98,77,79,-1,98,79,81,-1,92,87,93,-1,93,87,84,-1,93,84,97,-1,105,68,107,-1,107,68,66,-1,107,66,57,-1,57,66,63,-1,57,63,56,-1,56,63,62,-1,84,82,97,-1,97,82,80,-1,97,80,99,-1,99,80,78,-1,99,78,101,-1,78,76,101,-1,101,76,74,-1,101,74,103,-1,103,74,72,-1,103,72,105,-1,105,72,70,-1,105,70,68,-1,64,61,62,-1,62,61,59,-1,54,60,64,-1,64,60,61,-1,58,56,59,-1,59,56,62,-1,56,58,54,-1,54,58,60,-1,94,91,92,-1,92,91,89,-1,86,90,94,-1,94,90,91,-1,88,87,89,-1,89,87,92,-1,87,88,86,-1,86,88,90,-1,108,109,110,-1,110,109,111,-1,112,113,114,-1,114,113,115,-1,116,117,118,-1,118,117,119,-1,119,117,120,-1,119,120,121,-1,121,120,122,-1,121,122,123,-1,123,122,124,-1,123,124,125,-1,125,124,126,-1,125,126,127,-1,127,126,128,-1,127,128,129,-1,129,128,130,-1,129,130,131,-1,131,130,132,-1,131,132,133,-1,133,132,134,-1,133,134,135,-1,135,134,136,-1,135,136,137,-1,137,136,138,-1,137,138,139,-1,140,139,141,-1,141,139,138,-1,142,143,144,-1,144,143,145,-1,146,147,148,-1,148,147,149,-1,149,147,150,-1,150,147,151,-1,150,151,152,-1,152,151,153,-1,152,153,154,-1,154,153,155,-1,154,155,156,-1,156,155,157,-1,156,157,158,-1,158,157,159,-1,158,159,160,-1,160,159,161,-1,160,161,109,-1,109,161,111,-1,140,148,139,-1,139,148,149,-1,139,149,137,-1,137,149,150,-1,137,150,135,-1,135,150,152,-1,160,123,158,-1,158,123,125,-1,158,125,156,-1,108,118,109,-1,109,118,119,-1,109,119,160,-1,160,119,121,-1,160,121,123,-1,125,127,156,-1,156,127,129,-1,156,129,154,-1,154,129,131,-1,154,131,152,-1,152,131,133,-1,152,133,135,-1,146,141,147,-1,147,141,138,-1,147,138,151,-1,159,122,161,-1,161,122,120,-1,161,120,111,-1,111,120,117,-1,111,117,110,-1,110,117,116,-1,138,136,151,-1,151,136,134,-1,151,134,153,-1,153,134,132,-1,153,132,155,-1,132,130,155,-1,155,130,128,-1,155,128,157,-1,157,128,126,-1,157,126,159,-1,159,126,124,-1,159,124,122,-1,118,115,116,-1,116,115,113,-1,108,114,118,-1,118,114,115,-1,112,110,113,-1,113,110,116,-1,110,112,108,-1,108,112,114,-1,148,145,146,-1,146,145,143,-1,140,144,148,-1,148,144,145,-1,142,141,143,-1,143,141,146,-1,141,142,140,-1,140,142,144,-1,162,163,164,-1,164,163,165,-1,166,167,168,-1,168,167,169,-1,170,171,172,-1,172,171,173,-1,173,171,174,-1,173,174,175,-1,175,174,176,-1,175,176,177,-1,177,176,178,-1,177,178,179,-1,179,178,180,-1,179,180,181,-1,181,180,182,-1,181,182,183,-1,183,182,184,-1,183,184,185,-1,185,184,186,-1,185,186,187,-1,187,186,188,-1,187,188,189,-1,189,188,190,-1,189,190,191,-1,191,190,192,-1,191,192,193,-1,194,193,195,-1,195,193,192,-1,196,197,198,-1,198,197,199,-1,200,201,202,-1,202,201,203,-1,203,201,204,-1,204,201,205,-1,204,205,206,-1,206,205,207,-1,206,207,208,-1,208,207,209,-1,208,209,210,-1,210,209,211,-1,210,211,212,-1,212,211,213,-1,212,213,214,-1,214,213,215,-1,214,215,163,-1,163,215,165,-1,194,202,193,-1,193,202,203,-1,193,203,191,-1,191,203,204,-1,191,204,189,-1,189,204,206,-1,214,177,212,-1,212,177,179,-1,212,179,210,-1,162,172,163,-1,163,172,173,-1,163,173,214,-1,214,173,175,-1,214,175,177,-1,179,181,210,-1,210,181,183,-1,210,183,208,-1,208,183,185,-1,208,185,206,-1,206,185,187,-1,206,187,189,-1,200,195,201,-1,201,195,192,-1,201,192,205,-1,213,176,215,-1,215,176,174,-1,215,174,165,-1,165,174,171,-1,165,171,164,-1,164,171,170,-1,192,190,205,-1,205,190,188,-1,205,188,207,-1,207,188,186,-1,207,186,209,-1,186,184,209,-1,209,184,182,-1,209,182,211,-1,211,182,180,-1,211,180,213,-1,213,180,178,-1,213,178,176,-1,172,169,170,-1,170,169,167,-1,162,168,172,-1,172,168,169,-1,166,164,167,-1,167,164,170,-1,164,166,162,-1,162,166,168,-1,202,199,200,-1,200,199,197,-1,194,198,202,-1,202,198,199,-1,196,195,197,-1,197,195,200,-1,195,196,194,-1,194,196,198,-1,216,217,218,-1,218,217,219,-1,220,221,222,-1,222,221,223,-1,224,225,226,-1,226,225,227,-1,227,225,228,-1,227,228,229,-1,229,228,230,-1,229,230,231,-1,231,230,232,-1,231,232,233,-1,233,232,234,-1,233,234,235,-1,235,234,236,-1,235,236,237,-1,237,236,238,-1,237,238,239,-1,239,238,240,-1,239,240,241,-1,241,240,242,-1,241,242,243,-1,243,242,244,-1,243,244,245,-1,245,244,246,-1,245,246,247,-1,248,247,249,-1,249,247,246,-1,250,251,252,-1,252,251,253,-1,254,255,256,-1,256,255,257,-1,257,255,258,-1,258,255,259,-1,258,259,260,-1,260,259,261,-1,260,261,262,-1,262,261,263,-1,262,263,264,-1,264,263,265,-1,264,265,266,-1,266,265,267,-1,266,267,268,-1,268,267,269,-1,268,269,217,-1,217,269,219,-1,248,256,247,-1,247,256,257,-1,247,257,245,-1,245,257,258,-1,245,258,243,-1,243,258,260,-1,268,231,266,-1,266,231,233,-1,266,233,264,-1,216,226,217,-1,217,226,227,-1,217,227,268,-1,268,227,229,-1,268,229,231,-1,233,235,264,-1,264,235,237,-1,264,237,262,-1,262,237,239,-1,262,239,260,-1,260,239,241,-1,260,241,243,-1,254,249,255,-1,255,249,246,-1,255,246,259,-1,267,230,269,-1,269,230,228,-1,269,228,219,-1,219,228,225,-1,219,225,218,-1,218,225,224,-1,246,244,259,-1,259,244,242,-1,259,242,261,-1,261,242,240,-1,261,240,263,-1,240,238,263,-1,263,238,236,-1,263,236,265,-1,265,236,234,-1,265,234,267,-1,267,234,232,-1,267,232,230,-1,226,223,224,-1,224,223,221,-1,216,222,226,-1,226,222,223,-1,220,218,221,-1,221,218,224,-1,218,220,216,-1,216,220,222,-1,256,253,254,-1,254,253,251,-1,248,252,256,-1,256,252,253,-1,250,249,251,-1,251,249,254,-1,249,250,248,-1,248,250,252,-1,270,271,272,-1,272,271,273,-1,274,275,276,-1,276,275,277,-1,278,279,280,-1,280,279,281,-1,281,279,282,-1,281,282,283,-1,283,282,284,-1,283,284,285,-1,285,284,286,-1,285,286,287,-1,287,286,288,-1,287,288,289,-1,289,288,290,-1,289,290,291,-1,291,290,292,-1,291,292,293,-1,293,292,294,-1,293,294,295,-1,295,294,296,-1,295,296,297,-1,297,296,298,-1,297,298,299,-1,299,298,300,-1,299,300,301,-1,302,301,303,-1,303,301,300,-1,304,305,306,-1,306,305,307,-1,308,309,310,-1,310,309,311,-1,311,309,312,-1,312,309,313,-1,312,313,314,-1,314,313,315,-1,314,315,316,-1,316,315,317,-1,316,317,318,-1,318,317,319,-1,318,319,320,-1,320,319,321,-1,320,321,322,-1,322,321,323,-1,322,323,271,-1,271,323,273,-1,302,310,301,-1,301,310,311,-1,301,311,299,-1,299,311,312,-1,299,312,297,-1,297,312,314,-1,322,285,320,-1,320,285,287,-1,320,287,318,-1,270,280,271,-1,271,280,281,-1,271,281,322,-1,322,281,283,-1,322,283,285,-1,287,289,318,-1,318,289,291,-1,318,291,316,-1,316,291,293,-1,316,293,314,-1,314,293,295,-1,314,295,297,-1,308,303,309,-1,309,303,300,-1,309,300,313,-1,321,284,323,-1,323,284,282,-1,323,282,273,-1,273,282,279,-1,273,279,272,-1,272,279,278,-1,300,298,313,-1,313,298,296,-1,313,296,315,-1,315,296,294,-1,315,294,317,-1,294,292,317,-1,317,292,290,-1,317,290,319,-1,319,290,288,-1,319,288,321,-1,321,288,286,-1,321,286,284,-1,280,277,278,-1,278,277,275,-1,270,276,280,-1,280,276,277,-1,274,272,275,-1,275,272,278,-1,272,274,270,-1,270,274,276,-1,310,307,308,-1,308,307,305,-1,302,306,310,-1,310,306,307,-1,304,303,305,-1,305,303,308,-1,303,304,302,-1,302,304,306,-1,324,325,326,-1,326,325,327,-1,328,329,330,-1,330,329,331,-1,332,333,334,-1,334,333,335,-1,335,333,336,-1,335,336,337,-1,337,336,338,-1,337,338,339,-1,339,338,340,-1,339,340,341,-1,341,340,342,-1,341,342,343,-1,343,342,344,-1,343,344,345,-1,345,344,346,-1,345,346,347,-1,347,346,348,-1,347,348,349,-1,349,348,350,-1,349,350,351,-1,351,350,352,-1,351,352,353,-1,353,352,354,-1,353,354,355,-1,356,355,357,-1,357,355,354,-1,358,359,360,-1,360,359,361,-1,362,363,364,-1,364,363,365,-1,365,363,366,-1,366,363,367,-1,366,367,368,-1,368,367,369,-1,368,369,370,-1,370,369,371,-1,370,371,372,-1,372,371,373,-1,372,373,374,-1,374,373,375,-1,374,375,376,-1,376,375,377,-1,376,377,325,-1,325,377,327,-1,356,364,355,-1,355,364,365,-1,355,365,353,-1,353,365,366,-1,353,366,351,-1,351,366,368,-1,376,339,374,-1,374,339,341,-1,374,341,372,-1,324,334,325,-1,325,334,335,-1,325,335,376,-1,376,335,337,-1,376,337,339,-1,341,343,372,-1,372,343,345,-1,372,345,370,-1,370,345,347,-1,370,347,368,-1,368,347,349,-1,368,349,351,-1,362,357,363,-1,363,357,354,-1,363,354,367,-1,375,338,377,-1,377,338,336,-1,377,336,327,-1,327,336,333,-1,327,333,326,-1,326,333,332,-1,354,352,367,-1,367,352,350,-1,367,350,369,-1,369,350,348,-1,369,348,371,-1,348,346,371,-1,371,346,344,-1,371,344,373,-1,373,344,342,-1,373,342,375,-1,375,342,340,-1,375,340,338,-1,334,331,332,-1,332,331,329,-1,324,330,334,-1,334,330,331,-1,328,326,329,-1,329,326,332,-1,326,328,324,-1,324,328,330,-1,364,361,362,-1,362,361,359,-1,356,360,364,-1,364,360,361,-1,358,357,359,-1,359,357,362,-1,357,358,356,-1,356,358,360,-1,378,379,380,-1,380,379,381,-1,382,383,384,-1,384,383,385,-1,386,387,388,-1,388,387,389,-1,389,387,390,-1,389,390,391,-1,391,390,392,-1,391,392,393,-1,393,392,394,-1,393,394,395,-1,395,394,396,-1,395,396,397,-1,397,396,398,-1,397,398,399,-1,399,398,400,-1,399,400,401,-1,401,400,402,-1,401,402,403,-1,403,402,404,-1,403,404,405,-1,405,404,406,-1,405,406,407,-1,407,406,408,-1,407,408,409,-1,410,409,411,-1,411,409,408,-1,412,413,414,-1,414,413,415,-1,416,417,418,-1,418,417,419,-1,419,417,420,-1,420,417,421,-1,420,421,422,-1,422,421,423,-1,422,423,424,-1,424,423,425,-1,424,425,426,-1,426,425,427,-1,426,427,428,-1,428,427,429,-1,428,429,430,-1,430,429,431,-1,430,431,379,-1,379,431,381,-1,410,418,409,-1,409,418,419,-1,409,419,407,-1,407,419,420,-1,407,420,405,-1,405,420,422,-1,430,393,428,-1,428,393,395,-1,428,395,426,-1,378,388,379,-1,379,388,389,-1,379,389,430,-1,430,389,391,-1,430,391,393,-1,395,397,426,-1,426,397,399,-1,426,399,424,-1,424,399,401,-1,424,401,422,-1,422,401,403,-1,422,403,405,-1,416,411,417,-1,417,411,408,-1,417,408,421,-1,429,392,431,-1,431,392,390,-1,431,390,381,-1,381,390,387,-1,381,387,380,-1,380,387,386,-1,408,406,421,-1,421,406,404,-1,421,404,423,-1,423,404,402,-1,423,402,425,-1,402,400,425,-1,425,400,398,-1,425,398,427,-1,427,398,396,-1,427,396,429,-1,429,396,394,-1,429,394,392,-1,388,385,386,-1,386,385,383,-1,378,384,388,-1,388,384,385,-1,382,380,383,-1,383,380,386,-1,380,382,378,-1,378,382,384,-1,418,415,416,-1,416,415,413,-1,410,414,418,-1,418,414,415,-1,412,411,413,-1,413,411,416,-1,411,412,410,-1,410,412,414,-1,
        ]
    }
}