#VRML V2.0 utf8
# 3D model generated by easyeda2kicad.py (https://github.com/uPesy/easyeda2kicad.py)

Shape{
    appearance Appearance {
        material  Material 	{
            diffuseColor 0.25098039215686274 0.25098039215686274 0.25098039215686274
            specularColor 0.2196078431372549 0.2196078431372549 0.2196078431372549
            ambientIntensity 0.2
            transparency 0
            shininess 0.5
        }
    }
    geometry IndexedFaceSet {
        ccw TRUE
        solid FALSE
        coord DEF co Coordinate {
            point [
                -3.3558 -1.0 0.0053, -3.4267 -1.0 0.0053, -3.4267 -1.0 -0.0266, -3.225 -1.0 0.4722, -3.225 -1.0 0.5, -3.2796 -1.0 0.5, -3.5633 -1.0 -0.1203, -3.5635 -1.0 -0.1185, -3.5635 -1.0 -0.1378, -3.5634 -1.0 -0.1037, -3.5625 -1.0 -0.1012, -3.5635 -1.0 -0.1012, -3.3468 -1.0 0.1937, -3.3551 -1.0 0.1814, -3.3551 -1.0 0.0484, -3.3639 -1.0 0.1683, -3.3856 -1.0 0.1496, -3.46 -1.0 0.0858, -3.46 -1.0 0.0484, -3.4473 -1.0 0.0909, -3.4312 -1.0 0.1025, -3.4181 -1.0 0.118, -3.4089 -1.0 0.1376, -3.4098 -1.0 0.1349, -3.3479 -1.0 0.3002, -3.3378 -1.0 0.2739, -3.2796 -1.0 0.4722, -3.3343 -1.0 0.2458, -3.2796 -1.0 0.0484, -3.3367 -1.0 0.2223, -3.3551 -1.0 0.4722, -3.3832 -1.0 0.3747, -3.3804 -1.0 0.3522, -3.4672 -1.0 0.4443, -3.46 -1.0 0.443, -3.46 -1.0 0.4722, -3.4458 -1.0 0.4405, -3.4253 -1.0 0.4314, -3.4077 -1.0 0.4177, -3.3551 -1.0 0.3118, -3.3565 -1.0 0.3141, -3.3679 -1.0 0.3274, -3.3807 -1.0 0.3457, -3.3815 -1.0 0.3391, -3.4041 -1.0 0.4139, -3.3914 -1.0 0.3958, -3.562 -1.0 0.375, -3.5598 -1.0 0.3822, -3.5635 -1.0 0.4722, -3.5498 -1.0 0.4028, -3.5347 -1.0 0.4205, -3.5162 -1.0 0.4335, -3.495 -1.0 0.4417, -3.4726 -1.0 0.4444, -3.5952 -1.0 0.4722, -3.5952 -1.0 0.3444, -3.5923 -1.0 0.3509, -3.5836 -1.0 0.3618, -3.573 -1.0 0.37, -3.5635 -1.0 0.3743, -3.5982 -1.0 0.3379, -3.775 -1.0 0.4722, -3.6006 -1.0 0.3246, -3.5952 -1.0 0.2969, -3.5994 -1.0 0.3087, -3.775 -1.0 0.0484, -3.6007 -1.0 0.3209, -3.5635 -1.0 0.2676, -3.5643 -1.0 0.2678, -3.5952 -1.0 0.0484, -3.5769 -1.0 0.2747, -3.5873 -1.0 0.2844, -3.5949 -1.0 0.2959, -3.5299 -1.0 0.1949, -3.5284 -1.0 0.191, -3.496 -1.0 0.1843, -3.5056 -1.0 0.2782, -3.4658 -1.0 0.2019, -3.4973 -1.0 0.2871, -3.4906 -1.0 0.299, -3.5324 -1.0 0.1984, -3.4795 -1.0 0.1168, -3.4685 -1.0 0.1193, -3.46 -1.0 0.1238, -3.46 -1.0 0.4073, -3.5217 -1.0 0.091, -3.5375 -1.0 0.1023, -3.5635 -1.0 0.0484, -3.5278 -1.0 0.1866, -3.5279 -1.0 0.186, -3.5283 -1.0 0.1843, -3.4647 -1.0 0.0839, -3.4834 -1.0 0.0812, -3.5037 -1.0 0.0838, -3.4812 -1.0 0.4077, -3.5103 -1.0 0.3672, -3.4715 -1.0 0.4086, -3.4998 -1.0 0.3575, -3.4921 -1.0 0.3457, -3.5506 -1.0 0.1177, -3.5591 -1.0 0.1351, -3.5631 -1.0 0.1541, -3.5455 -1.0 0.2042, -3.5432 -1.0 0.2041, -3.5381 -1.0 0.264, -3.5389 -1.0 0.2029, -3.535 -1.0 0.2007, -3.4951 -1.0 0.4034, -3.5073 -1.0 0.3958, -3.522 -1.0 0.3737, -3.5174 -1.0 0.3853, -3.5238 -1.0 0.3744, -3.5631 -1.0 0.1877, -3.5626 -1.0 0.1909, -3.5611 -1.0 0.1947, -3.5585 -1.0 0.1984, -3.5572 -1.0 0.1997, -3.5536 -1.0 0.2022, -3.5497 -1.0 0.2037, -3.5503 -1.0 0.2643, -3.5438 -1.0 0.264, -3.4876 -1.0 0.333, -3.4863 -1.0 0.3209, -3.4869 -1.0 0.3126, -3.5139 -1.0 0.1279, -3.505 -1.0 0.1217, -3.4948 -1.0 0.1178, -3.484 -1.0 0.1165, -3.5284 -1.0 0.1831, -3.5284 -1.0 0.1575, -3.5267 -1.0 0.1481, -3.5222 -1.0 0.1379, -3.5155 -1.0 0.1294, -3.4051 -1.0 0.1779, -3.3899 -1.0 0.1908, -3.4231 -1.0 0.3215, -3.3888 -1.0 0.192, -3.3777 -1.0 0.2079, -3.405 -1.0 0.3127, -3.4201 -1.0 0.3271, -3.4158 -1.0 0.3399, -3.4586 -1.0 0.1245, -3.4508 -1.0 0.1315, -3.4396 -1.0 0.1609, -3.4447 -1.0 0.1403, -3.4409 -1.0 0.1502, -3.4396 -1.0 0.1655, -3.4235 -1.0 0.1691, -3.4145 -1.0 0.3516, -3.4149 -1.0 0.3581, -3.4593 -1.0 0.4072, -3.4465 -1.0 0.4027, -3.3898 -1.0 0.3, -3.3708 -1.0 0.2258, -3.3787 -1.0 0.2848, -3.3684 -1.0 0.2452, -3.3712 -1.0 0.2662, -3.4184 -1.0 0.3721, -3.4253 -1.0 0.3848, -3.4349 -1.0 0.3952, -3.492 -1.0 -0.2473, -3.5537 -1.0 -0.2492, -3.46 -1.0 -0.2567, -3.5635 -1.0 -0.2567, -3.5629 -1.0 -0.2492, -3.5635 -1.0 -0.2314, -3.492 -1.0 -0.2164, -3.5176 -1.0 -0.2164, -3.492 -1.0 -0.2314, -3.5176 -1.0 -0.2314, -3.5176 -1.0 -0.2451, -3.5268 -1.0 -0.2451, -3.5537 -1.0 -0.2314, -3.5268 -1.0 -0.2314, -3.5537 -1.0 -0.2164, -3.5268 -1.0 -0.2164, -3.5629 -1.0 -0.2314, -3.5629 -1.0 -0.2061, -3.5635 -1.0 -0.2007, -3.4828 -1.0 -0.2061, -3.5384 -1.0 -0.0391, -3.5355 -1.0 -0.0411, -3.5194 -1.0 -0.0426, -3.5505 -1.0 -0.0965, -3.5261 -1.0 -0.083, -3.5608 -1.0 -0.0965, -3.5629 -1.0 -0.083, -3.5598 -1.0 -0.0679, -3.5622 -1.0 -0.0644, -3.5629 -1.0 -0.0729, -3.5635 -1.0 -0.0606, -3.5621 -1.0 -0.0453, -3.5635 -1.0 -0.0334, -3.5635 -1.0 -0.0491, -3.5635 -1.0 -0.0493, -3.5555 -1.0 -0.0387, -3.5521 -1.0 -0.0375, -3.5475 -1.0 -0.037, -3.5329 -1.0 -0.0442, -3.5307 -1.0 -0.0486, -3.5153 -1.0 -0.049, -3.5289 -1.0 -0.056, -3.5129 -1.0 -0.0647, -3.5125 -1.0 -0.0613, -3.5131 -1.0 -0.0553, -3.5597 -1.0 -0.0419, -3.5586 -1.0 -0.0408, -3.5529 -1.0 -0.1005, -3.5532 -1.0 -0.1012, -3.5319 -1.0 -0.1012, -3.554 -1.0 -0.0729, -3.554 -1.0 -0.0727, -3.5564 -1.0 -0.0711, -3.46 -1.0 -0.0334, -3.5462 -1.0 -0.037, -3.5419 -1.0 -0.0377, -3.5185 -1.0 -0.0822, -3.525 -1.0 -0.097, -3.5175 -1.0 -0.097, -3.5143 -1.0 -0.0982, -3.5107 -1.0 -0.0786, -3.5054 -1.0 -0.0528, -3.5044 -1.0 -0.0623, -3.5049 -1.0 -0.0684, -3.5062 -1.0 -0.0726, -3.5097 -1.0 -0.0426, -3.5082 -1.0 -0.0453, -3.5139 -1.0 -0.0806, -3.5211 -1.0 -0.0966, -3.5265 -1.0 -0.0729, -3.5221 -1.0 -0.0726, -3.5185 -1.0 -0.0715, -3.5164 -1.0 -0.0704, -3.5319 -1.0 -0.1011, -3.5301 -1.0 -0.0995, -3.5281 -1.0 -0.0981, -3.5148 -1.0 -0.0688, -3.5137 -1.0 -0.0671, -3.5635 -1.0 -0.1055, -3.5952 -1.0 -0.1012, -3.5642 -1.0 -0.1121, -3.5952 -1.0 -0.1378, -3.5069 -1.0 -0.1324, -3.5166 -1.0 -0.1324, -3.5513 -1.0 -0.1347, -3.5545 -1.0 -0.1335, -3.5571 -1.0 -0.1316, -3.5116 -1.0 -0.1001, -3.5106 -1.0 -0.1012, -3.46 -1.0 -0.1012, -3.5089 -1.0 -0.103, -3.5071 -1.0 -0.106, -3.5052 -1.0 -0.1115, -3.5044 -1.0 -0.1189, -3.46 -1.0 -0.1378, -3.5047 -1.0 -0.1244, -3.5378 -1.0 -0.1318, -3.5406 -1.0 -0.1337, -3.5436 -1.0 -0.1348, -3.5473 -1.0 -0.1352, -3.5597 -1.0 -0.1287, -3.5614 -1.0 -0.1258, -3.5125 -1.0 -0.1179, -3.5127 -1.0 -0.1149, -3.5202 -1.0 -0.1069, -3.5134 -1.0 -0.1122, -3.5146 -1.0 -0.11, -3.5215 -1.0 -0.107, -3.5231 -1.0 -0.1074, -3.5244 -1.0 -0.1082, -3.5255 -1.0 -0.1091, -3.5277 -1.0 -0.1127, -3.5132 -1.0 -0.1245, -3.5304 -1.0 -0.1189, -3.5153 -1.0 -0.1301, -3.532 -1.0 -0.1228, -3.5357 -1.0 -0.1294, -3.516 -1.0 -0.1085, -3.5172 -1.0 -0.1076, -3.5186 -1.0 -0.1071, -3.5553 -1.0 -0.1068, -3.5377 -1.0 -0.1118, -3.535 -1.0 -0.1058, -3.556 -1.0 -0.113, -3.556 -1.0 -0.1135, -3.5405 -1.0 -0.1184, -3.5554 -1.0 -0.1186, -3.5483 -1.0 -0.1249, -3.547 -1.0 -0.1248, -3.5545 -1.0 -0.1212, -3.5539 -1.0 -0.1221, -3.5529 -1.0 -0.1233, -3.5516 -1.0 -0.1242, -3.5502 -1.0 -0.1247, -3.5455 -1.0 -0.1243, -3.5441 -1.0 -0.1235, -3.5428 -1.0 -0.1223, -3.4139 -1.0 -0.2861, -3.4139 -1.0 -0.2567, -3.4358 -1.0 -0.2943, -3.4358 -1.0 -0.3057, -3.46 -1.0 -0.5, -3.3551 -1.0 -0.5, -3.3558 -1.0 -0.2752, -3.3551 -1.0 -0.2567, -3.3558 -1.0 -0.2641, -3.3752 -1.0 -0.2567, -3.4358 -1.0 -0.2336, -3.46 -1.0 -0.2314, -3.4358 -1.0 -0.2451, -3.4139 -1.0 -0.2528, -3.4358 -1.0 -0.164, -3.3558 -1.0 -0.164, -3.3551 -1.0 -0.1564, -3.3558 -1.0 -0.1869, -3.3551 -1.0 -0.2007, -3.357 -1.0 -0.1987, -3.3577 -1.0 -0.2007, -3.3551 -1.0 -0.2314, -3.4097 -1.0 -0.2269, -3.418 -1.0 -0.2228, -3.4005 -1.0 -0.2289, -3.3605 -1.0 -0.2084, -3.3664 -1.0 -0.2171, -3.369 -1.0 -0.2199, -3.376 -1.0 -0.2249, -3.3836 -1.0 -0.2278, -3.3948 -1.0 -0.2292, -3.4311 -1.0 -0.2079, -3.46 -1.0 -0.2007, -3.4337 -1.0 -0.2007, -3.4344 -1.0 -0.1985, -3.4246 -1.0 -0.2171, -3.4259 -1.0 -0.2157, -3.3551 -1.0 -0.1378, -3.3558 -1.0 -0.1471, -3.3558 -1.0 -0.1378, -3.4358 -1.0 -0.186, -3.46 -1.0 -0.1564, -3.365 -1.0 -0.1471, -3.365 -1.0 -0.1162, -3.3906 -1.0 -0.1162, -3.365 -1.0 -0.1378, -3.3906 -1.0 -0.1378, -3.3906 -1.0 -0.1448, -3.3998 -1.0 -0.1448, -3.3998 -1.0 -0.1162, -3.4267 -1.0 -0.1162, -3.3998 -1.0 -0.1378, -3.4267 -1.0 -0.1378, -3.4267 -1.0 -0.1489, -3.4358 -1.0 -0.1489, -3.4358 -1.0 -0.1378, -3.4358 -1.0 -0.1058, -3.3558 -1.0 -0.1058, -3.3551 -1.0 -0.1012, -3.3551 -1.0 -0.079, -3.3553 -1.0 -0.0819, -3.3577 -1.0 -0.0898, -3.3685 -1.0 -0.0898, -3.4226 -1.0 -0.0898, -3.4325 -1.0 -0.0898, -3.4358 -1.0 -0.0808, -3.4279 -1.0 -0.0725, -3.4262 -1.0 -0.0816, -3.3974 -1.0 -0.0407, -3.3967 -1.0 -0.0407, -3.4369 -1.0 -0.0623, -3.435 -1.0 -0.0537, -3.3738 -1.0 -0.0481, -3.3794 -1.0 -0.0443, -3.3866 -1.0 -0.0418, -3.4372 -1.0 -0.0676, -3.4314 -1.0 -0.0462, -3.4263 -1.0 -0.0401, -3.425 -1.0 -0.039, -3.3648 -1.0 -0.0804, -3.3637 -1.0 -0.0709, -3.3639 -1.0 -0.0674, -3.3653 -1.0 -0.0605, -3.4073 -1.0 -0.042, -3.4138 -1.0 -0.0445, -3.4195 -1.0 -0.0485, -3.4251 -1.0 -0.0559, -3.4271 -1.0 -0.0617, -3.428 -1.0 -0.0691, -3.3678 -1.0 -0.0885, -3.3683 -1.0 -0.0542, -3.3726 -1.0 -0.0491, -3.4214 -1.0 -0.0505, -3.5081 -1.0 -0.0759, -3.3544 -1.0 -0.0716, -3.2796 -1.0 -0.1012, -3.3544 -1.0 -0.0708, -3.2796 -1.0 -0.0334, -3.3551 -1.0 -0.0652, -3.359 -1.0 -0.051, -3.3558 -1.0 -0.0594, -3.3551 -1.0 -0.0334, -3.3734 -1.0 -0.0358, -3.3662 -1.0 -0.0414, -3.3644 -1.0 -0.0432, -3.4181 -1.0 -0.0344, -3.4155 -1.0 -0.0334, -3.46 -1.0 -0.0286, -3.3551 -1.0 -0.0286, -3.3822 -1.0 -0.0319, -3.3788 -1.0 -0.0334, -3.4096 -1.0 -0.0312, -3.3973 -1.0 -0.0298, -3.3925 -1.0 -0.03, -3.5642 -1.0 -0.0551, -3.5952 -1.0 -0.0334, -3.5636 -1.0 -0.0603, -3.5057 -1.0 -0.1849, -3.5057 -1.0 -0.1953, -3.4828 -1.0 -0.2314, -3.4828 -1.0 -0.2473, -3.5486 -1.0 -0.1665, -3.5534 -1.0 -0.1678, -3.5534 -1.0 -0.168, -3.5196 -1.0 -0.1564, -3.5487 -1.0 -0.1693, -3.5514 -1.0 -0.1685, -3.5465 -1.0 -0.1564, -3.5057 -1.0 -0.1404, -3.5057 -1.0 -0.1516, -3.5635 -1.0 -0.1625, -3.5627 -1.0 -0.1628, -3.5767 -1.0 -0.1564, -3.5767 -1.0 -0.1565, -3.5635 -1.0 -0.1564, -3.5731 -1.0 -0.1584, -3.58 -1.0 -0.1425, -3.589 -1.0 -0.1425, -3.5807 -1.0 -0.1445, -3.5812 -1.0 -0.1481, -3.5809 -1.0 -0.1506, -3.588 -1.0 -0.1564, -3.5893 -1.0 -0.153, -3.5952 -1.0 -0.1564, -3.5898 -1.0 -0.1489, -3.5897 -1.0 -0.1467, -3.5801 -1.0 -0.1528, -3.5788 -1.0 -0.1546, -3.5715 -1.0 -0.1693, -3.5803 -1.0 -0.1648, -3.5952 -1.0 -0.2007, -3.5635 -1.0 -0.1725, -3.5847 -1.0 -0.1611, -3.5854 -1.0 -0.1604, -3.5878 -1.0 -0.1569, -3.225 -1.0 0.0484, -3.225 -1.0 -0.0286, -3.2796 -1.0 -0.0286, -3.225 -1.0 -0.0334, -3.225 -1.0 -0.1012, -3.225 -1.0 -0.1378, -3.2796 -1.0 -0.1378, -3.225 -1.0 -0.1564, -3.2796 -1.0 -0.1564, -3.225 -1.0 -0.2007, -3.2796 -1.0 -0.2007, -3.225 -1.0 -0.2314, -3.2796 -1.0 -0.2314, -3.225 -1.0 -0.2567, -3.2796 -1.0 -0.2567, -3.225 -1.0 -0.5, -3.2796 -1.0 -0.5, -3.4358 -1.0 0.0157, -3.3558 -1.0 0.0157, -3.4358 -1.0 -0.0266, -3.5635 -1.0 -0.5, -3.4828 -1.0 -0.3755, -3.5368 -1.0 -0.3271, -3.545 -1.0 -0.3231, -3.5629 -1.0 -0.3339, -3.4828 -1.0 -0.3644, -3.541 -1.0 -0.3864, -3.541 -1.0 -0.353, -3.5629 -1.0 -0.3945, -3.5629 -1.0 -0.3453, -3.5275 -1.0 -0.3292, -3.4828 -1.0 -0.2871, -3.484 -1.0 -0.2989, -3.5218 -1.0 -0.3295, -3.5106 -1.0 -0.3281, -3.5629 -1.0 -0.406, -3.5516 -1.0 -0.3174, -3.5529 -1.0 -0.316, -3.5581 -1.0 -0.3081, -3.4875 -1.0 -0.3086, -3.4934 -1.0 -0.3174, -3.5615 -1.0 -0.2988, -3.5629 -1.0 -0.2863, -3.5629 -1.0 -0.2643, -3.4828 -1.0 -0.2643, -3.4961 -1.0 -0.3201, -3.503 -1.0 -0.3251, -3.5537 -1.0 -0.0274, -3.5629 -1.0 -0.0274, -3.5635 -1.0 -0.0286, -3.5629 -1.0 0.0157, -3.492 -1.0 -0.0256, -3.4828 -1.0 0.0157, -3.4828 -1.0 -0.0256, -3.5268 -1.0 0.0053, -3.5537 -1.0 0.0053, -3.5268 -1.0 -0.0233, -3.5176 -1.0 -0.0233, -3.5176 -1.0 0.0053, -3.492 -1.0 0.0053, -3.5952 -1.0 -0.2314, -3.5952 -1.0 -0.2567, -3.5952 -1.0 -0.5, -3.5952 -1.0 -0.0286, -3.775 -1.0 -0.0286, -3.775 -1.0 -0.0334, -3.775 -1.0 -0.1012, -3.775 -1.0 -0.1378, -3.775 -1.0 -0.1564, -3.775 -1.0 -0.2007, -3.775 -1.0 -0.2314, -3.775 -1.0 -0.2567, -3.775 -1.0 -0.5, -3.3551 -1.0 0.5, -3.46 -1.0 0.5, -3.5635 -1.0 0.5, -3.5952 -1.0 0.5, -3.775 -1.0 0.5, 4.0 -0.3 -0.275, 4.0 -0.3 0.275, 3.925 -0.3 -0.275, 3.925 -0.3 0.275, 4.0 0.3 -0.275, 3.925 -0.0575 -0.275, 3.925 0.3 -0.275, 3.925 0.0575 -0.275, 3.75 0.0575 -0.275, 3.75 -0.0575 -0.275, 4.0 0.3 0.275, 3.925 0.3 0.275, 3.925 0.0575 0.275, 3.925 -0.0575 0.275, 3.75 -0.0575 0.275, 3.75 0.0575 0.275, 3.625 0.625 -0.5, 3.375 0.625 -0.5, 3.225 1.0 -0.5, 3.075 0.65 -0.5, 3.075 0.0575 -0.5, 3.375 0.375 -0.5, 3.25 0.0575 -0.5, 3.625 -0.625 -0.5, 3.775 -1.0 -0.5, 3.375 -0.625 -0.5, 3.225 -1.0 -0.5, 3.375 -0.375 -0.5, 3.75 -0.0575 -0.5, 3.625 -0.375 -0.5, 3.925 -0.0575 -0.5, 3.925 -0.65 -0.5, 3.075 -0.65 -0.5, 3.075 -0.0575 -0.5, 3.25 -0.0575 -0.5, 3.775 1.0 -0.5, 3.925 0.65 -0.5, 3.625 0.375 -0.5, 3.925 0.0575 -0.5, 3.75 0.0575 -0.5, 3.75 -0.0575 0.5, 3.375 -0.375 0.5, 3.925 -0.0575 0.5, 3.625 -0.375 0.5, 3.925 -0.65 0.5, 3.625 -0.625 0.5, 3.775 -1.0 0.5, 3.625 0.625 0.5, 3.775 1.0 0.5, 3.375 0.625 0.5, 3.225 1.0 0.5, 3.375 0.375 0.5, 3.075 0.65 0.5, 3.25 0.0575 0.5, 3.075 0.0575 0.5, 3.225 -1.0 0.5, 3.375 -0.625 0.5, 3.075 -0.65 0.5, 3.25 -0.0575 0.5, 3.075 -0.0575 0.5, 3.75 0.0575 0.5, 3.625 0.375 0.5, 3.925 0.0575 0.5, 3.925 0.65 0.5, 3.25 -0.0575 0.275, 3.25 0.0575 0.275, 3.25 0.0575 -0.275, 3.25 -0.0575 -0.275, 3.075 0.0575 0.275, 3.075 0.0575 -0.275, 3.075 0.3 0.275, 3.075 0.3 -0.275, 3.075 -0.0575 -0.275, 3.075 -0.3 -0.275, 3.075 -0.3 0.275, 3.075 -0.0575 0.275, 2.75 -0.0575 -0.5, 2.925 -0.0575 -0.5, 2.625 -0.375 -0.5, 2.375 -0.625 -0.5, 2.625 -0.625 -0.5, 2.775 -1.0 -0.5, 2.925 -0.65 -0.5, 2.25 -0.0575 -0.5, 2.075 -0.0575 -0.5, 2.375 -0.375 -0.5, 2.075 -0.65 -0.5, 2.225 -1.0 -0.5, 2.375 0.625 -0.5, 2.225 1.0 -0.5, 2.625 0.625 -0.5, 2.775 1.0 -0.5, 2.625 0.375 -0.5, 2.925 0.65 -0.5, 2.75 0.0575 -0.5, 2.925 0.0575 -0.5, 2.25 0.0575 -0.5, 2.375 0.375 -0.5, 2.075 0.0575 -0.5, 2.075 0.65 -0.5, 2.75 -0.0575 0.5, 2.375 -0.375 0.5, 2.925 -0.0575 0.5, 2.625 -0.375 0.5, 2.925 -0.65 0.5, 2.625 -0.625 0.5, 2.775 -1.0 0.5, 2.625 0.625 0.5, 2.775 1.0 0.5, 2.375 0.625 0.5, 2.225 1.0 0.5, 2.375 0.375 0.5, 2.075 0.65 0.5, 2.25 0.0575 0.5, 2.075 0.0575 0.5, 2.225 -1.0 0.5, 2.375 -0.625 0.5, 2.075 -0.65 0.5, 2.25 -0.0575 0.5, 2.075 -0.0575 0.5, 2.75 0.0575 0.5, 2.625 0.375 0.5, 2.925 0.0575 0.5, 2.925 0.65 0.5, 2.925 -0.0575 0.275, 2.925 -0.3 0.275, 2.925 -0.3 -0.275, 2.925 -0.0575 -0.275, 2.075 -0.0575 -0.275, 2.075 -0.3 -0.275, 2.075 -0.3 0.275, 2.075 -0.0575 0.275, 2.25 0.0575 -0.275, 2.25 -0.0575 -0.275, 2.25 -0.0575 0.275, 2.25 0.0575 0.275, 2.075 0.0575 -0.275, 2.075 0.0575 0.275, 2.075 0.3 0.275, 2.075 0.3 -0.275, 2.925 0.0575 -0.275, 2.925 0.3 -0.275, 2.925 0.3 0.275, 2.925 0.0575 0.275, 2.75 0.0575 -0.275, 2.75 0.0575 0.275, 2.75 -0.0575 -0.275, 2.75 -0.0575 0.275, 1.75 -0.0575 -0.5, 1.925 -0.0575 -0.5, 1.625 -0.375 -0.5, 1.375 -0.625 -0.5, 1.625 -0.625 -0.5, 1.775 -1.0 -0.5, 1.925 -0.65 -0.5, 1.25 -0.0575 -0.5, 1.075 -0.0575 -0.5, 1.375 -0.375 -0.5, 1.075 -0.65 -0.5, 1.225 -1.0 -0.5, 1.375 0.625 -0.5, 1.225 1.0 -0.5, 1.625 0.625 -0.5, 1.775 1.0 -0.5, 1.625 0.375 -0.5, 1.925 0.65 -0.5, 1.75 0.0575 -0.5, 1.925 0.0575 -0.5, 1.25 0.0575 -0.5, 1.375 0.375 -0.5, 1.075 0.0575 -0.5, 1.075 0.65 -0.5, 1.75 -0.0575 0.5, 1.375 -0.375 0.5, 1.925 -0.0575 0.5, 1.625 -0.375 0.5, 1.925 -0.65 0.5, 1.625 -0.625 0.5, 1.775 -1.0 0.5, 1.625 0.625 0.5, 1.775 1.0 0.5, 1.375 0.625 0.5, 1.225 1.0 0.5, 1.375 0.375 0.5, 1.075 0.65 0.5, 1.25 0.0575 0.5, 1.075 0.0575 0.5, 1.225 -1.0 0.5, 1.375 -0.625 0.5, 1.075 -0.65 0.5, 1.25 -0.0575 0.5, 1.075 -0.0575 0.5, 1.75 0.0575 0.5, 1.625 0.375 0.5, 1.925 0.0575 0.5, 1.925 0.65 0.5, 1.25 -0.0575 0.275, 1.25 0.0575 0.275, 1.25 0.0575 -0.275, 1.25 -0.0575 -0.275, 1.075 0.0575 0.275, 1.075 0.0575 -0.275, 1.075 0.3 0.275, 1.075 0.3 -0.275, 1.925 0.0575 -0.275, 1.925 0.3 -0.275, 1.925 0.3 0.275, 1.925 0.0575 0.275, 1.75 0.0575 0.275, 1.75 0.0575 -0.275, 1.75 -0.0575 0.275, 1.75 -0.0575 -0.275, 1.925 -0.0575 0.275, 1.925 -0.0575 -0.275, 1.925 -0.3 0.275, 1.925 -0.3 -0.275, 1.075 -0.0575 -0.275, 1.075 -0.3 -0.275, 1.075 -0.3 0.275, 1.075 -0.0575 0.275, 0.75 -0.0575 -0.5, 0.925 -0.0575 -0.5, 0.625 -0.375 -0.5, 0.375 -0.625 -0.5, 0.625 -0.625 -0.5, 0.775 -1.0 -0.5, 0.925 -0.65 -0.5, 0.25 -0.0575 -0.5, 0.075 -0.0575 -0.5, 0.375 -0.375 -0.5, 0.075 -0.65 -0.5, 0.225 -1.0 -0.5, 0.375 0.625 -0.5, 0.225 1.0 -0.5, 0.625 0.625 -0.5, 0.775 1.0 -0.5, 0.625 0.375 -0.5, 0.925 0.65 -0.5, 0.75 0.0575 -0.5, 0.925 0.0575 -0.5, 0.25 0.0575 -0.5, 0.375 0.375 -0.5, 0.075 0.0575 -0.5, 0.075 0.65 -0.5, 0.75 -0.0575 0.5, 0.375 -0.375 0.5, 0.925 -0.0575 0.5, 0.625 -0.375 0.5, 0.925 -0.65 0.5, 0.625 -0.625 0.5, 0.775 -1.0 0.5, 0.625 0.625 0.5, 0.775 1.0 0.5, 0.375 0.625 0.5, 0.225 1.0 0.5, 0.375 0.375 0.5, 0.075 0.65 0.5, 0.25 0.0575 0.5, 0.075 0.0575 0.5, 0.225 -1.0 0.5, 0.375 -0.625 0.5, 0.075 -0.65 0.5, 0.25 -0.0575 0.5, 0.075 -0.0575 0.5, 0.75 0.0575 0.5, 0.625 0.375 0.5, 0.925 0.0575 0.5, 0.925 0.65 0.5, 0.925 -0.0575 0.275, 0.925 -0.3 0.275, 0.925 -0.3 -0.275, 0.925 -0.0575 -0.275, 0.075 -0.0575 -0.275, 0.075 -0.3 -0.275, 0.075 -0.3 0.275, 0.075 -0.0575 0.275, 0.25 0.0575 -0.275, 0.25 -0.0575 -0.275, 0.25 -0.0575 0.275, 0.25 0.0575 0.275, 0.075 0.0575 -0.275, 0.075 0.0575 0.275, 0.075 0.3 0.275, 0.075 0.3 -0.275, 0.925 0.0575 -0.275, 0.925 0.3 -0.275, 0.925 0.3 0.275, 0.925 0.0575 0.275, 0.75 0.0575 -0.275, 0.75 0.0575 0.275, 0.75 -0.0575 -0.275, 0.75 -0.0575 0.275, -0.25 -0.0575 -0.5, -0.075 -0.0575 -0.5, -0.375 -0.375 -0.5, -0.625 -0.625 -0.5, -0.375 -0.625 -0.5, -0.225 -1.0 -0.5, -0.075 -0.65 -0.5, -0.75 -0.0575 -0.5, -0.925 -0.0575 -0.5, -0.625 -0.375 -0.5, -0.925 -0.65 -0.5, -0.775 -1.0 -0.5, -0.625 0.625 -0.5, -0.775 1.0 -0.5, -0.375 0.625 -0.5, -0.225 1.0 -0.5, -0.375 0.375 -0.5, -0.075 0.65 -0.5, -0.25 0.0575 -0.5, -0.075 0.0575 -0.5, -0.75 0.0575 -0.5, -0.625 0.375 -0.5, -0.925 0.0575 -0.5, -0.925 0.65 -0.5, -0.25 -0.0575 0.5, -0.625 -0.375 0.5, -0.075 -0.0575 0.5, -0.375 -0.375 0.5, -0.075 -0.65 0.5, -0.375 -0.625 0.5, -0.225 -1.0 0.5, -0.375 0.625 0.5, -0.225 1.0 0.5, -0.625 0.625 0.5, -0.775 1.0 0.5, -0.625 0.375 0.5, -0.925 0.65 0.5, -0.75 0.0575 0.5, -0.925 0.0575 0.5, -0.775 -1.0 0.5, -0.625 -0.625 0.5, -0.925 -0.65 0.5, -0.75 -0.0575 0.5, -0.925 -0.0575 0.5, -0.25 0.0575 0.5, -0.375 0.375 0.5, -0.075 0.0575 0.5, -0.075 0.65 0.5, -0.75 -0.0575 0.275, -0.75 0.0575 0.275, -0.75 0.0575 -0.275, -0.75 -0.0575 -0.275, -0.925 0.0575 0.275, -0.925 0.0575 -0.275, -0.925 0.3 0.275, -0.925 0.3 -0.275, -0.075 0.0575 -0.275, -0.075 0.3 -0.275, -0.075 0.3 0.275, -0.075 0.0575 0.275, -0.25 0.0575 0.275, -0.25 0.0575 -0.275, -0.25 -0.0575 0.275, -0.25 -0.0575 -0.275, -0.075 -0.0575 0.275, -0.075 -0.0575 -0.275, -0.075 -0.3 0.275, -0.075 -0.3 -0.275, -0.925 -0.0575 -0.275, -0.925 -0.3 -0.275, -0.925 -0.3 0.275, -0.925 -0.0575 0.275, -1.25 -0.0575 -0.5, -1.075 -0.0575 -0.5, -1.375 -0.375 -0.5, -1.625 -0.625 -0.5, -1.375 -0.625 -0.5, -1.225 -1.0 -0.5, -1.075 -0.65 -0.5, -1.75 -0.0575 -0.5, -1.925 -0.0575 -0.5, -1.625 -0.375 -0.5, -1.925 -0.65 -0.5, -1.775 -1.0 -0.5, -1.625 0.625 -0.5, -1.775 1.0 -0.5, -1.375 0.625 -0.5, -1.225 1.0 -0.5, -1.375 0.375 -0.5, -1.075 0.65 -0.5, -1.25 0.0575 -0.5, -1.075 0.0575 -0.5, -1.75 0.0575 -0.5, -1.625 0.375 -0.5, -1.925 0.0575 -0.5, -1.925 0.65 -0.5, -1.25 -0.0575 0.5, -1.625 -0.375 0.5, -1.075 -0.0575 0.5, -1.375 -0.375 0.5, -1.075 -0.65 0.5, -1.375 -0.625 0.5, -1.225 -1.0 0.5, -1.375 0.625 0.5, -1.225 1.0 0.5, -1.625 0.625 0.5, -1.775 1.0 0.5, -1.625 0.375 0.5, -1.925 0.65 0.5, -1.75 0.0575 0.5, -1.925 0.0575 0.5, -1.775 -1.0 0.5, -1.625 -0.625 0.5, -1.925 -0.65 0.5, -1.75 -0.0575 0.5, -1.925 -0.0575 0.5, -1.25 0.0575 0.5, -1.375 0.375 0.5, -1.075 0.0575 0.5, -1.075 0.65 0.5, -1.075 -0.0575 0.275, -1.075 -0.3 0.275, -1.075 -0.3 -0.275, -1.075 -0.0575 -0.275, -1.925 -0.0575 -0.275, -1.925 -0.3 -0.275, -1.925 -0.3 0.275, -1.925 -0.0575 0.275, -1.75 0.0575 -0.275, -1.75 -0.0575 -0.275, -1.75 -0.0575 0.275, -1.75 0.0575 0.275, -1.925 0.0575 -0.275, -1.925 0.0575 0.275, -1.925 0.3 0.275, -1.925 0.3 -0.275, -1.075 0.0575 -0.275, -1.075 0.3 -0.275, -1.075 0.3 0.275, -1.075 0.0575 0.275, -1.25 0.0575 -0.275, -1.25 0.0575 0.275, -1.25 -0.0575 -0.275, -1.25 -0.0575 0.275, -2.25 -0.0575 -0.5, -2.075 -0.0575 -0.5, -2.375 -0.375 -0.5, -2.625 -0.625 -0.5, -2.375 -0.625 -0.5, -2.225 -1.0 -0.5, -2.075 -0.65 -0.5, -2.75 -0.0575 -0.5, -2.925 -0.0575 -0.5, -2.625 -0.375 -0.5, -2.925 -0.65 -0.5, -2.775 -1.0 -0.5, -2.625 0.625 -0.5, -2.775 1.0 -0.5, -2.375 0.625 -0.5, -2.225 1.0 -0.5, -2.375 0.375 -0.5, -2.075 0.65 -0.5, -2.25 0.0575 -0.5, -2.075 0.0575 -0.5, -2.75 0.0575 -0.5, -2.625 0.375 -0.5, -2.925 0.0575 -0.5, -2.925 0.65 -0.5, -2.25 -0.0575 0.5, -2.625 -0.375 0.5, -2.075 -0.0575 0.5, -2.375 -0.375 0.5, -2.075 -0.65 0.5, -2.375 -0.625 0.5, -2.225 -1.0 0.5, -2.375 0.625 0.5, -2.225 1.0 0.5, -2.625 0.625 0.5, -2.775 1.0 0.5, -2.625 0.375 0.5, -2.925 0.65 0.5, -2.75 0.0575 0.5, -2.925 0.0575 0.5, -2.775 -1.0 0.5, -2.625 -0.625 0.5, -2.925 -0.65 0.5, -2.75 -0.0575 0.5, -2.925 -0.0575 0.5, -2.25 0.0575 0.5, -2.375 0.375 0.5, -2.075 0.0575 0.5, -2.075 0.65 0.5, -2.75 -0.0575 0.275, -2.75 0.0575 0.275, -2.75 0.0575 -0.275, -2.75 -0.0575 -0.275, -2.925 0.0575 0.275, -2.925 0.0575 -0.275, -2.925 0.3 0.275, -2.925 0.3 -0.275, -2.075 0.0575 -0.275, -2.075 0.3 -0.275, -2.075 0.3 0.275, -2.075 0.0575 0.275, -2.25 0.0575 0.275, -2.25 0.0575 -0.275, -2.25 -0.0575 0.275, -2.25 -0.0575 -0.275, -2.075 -0.0575 0.275, -2.075 -0.0575 -0.275, -2.075 -0.3 0.275, -2.075 -0.3 -0.275, -2.925 -0.0575 -0.275, -2.925 -0.3 -0.275, -2.925 -0.3 0.275, -2.925 -0.0575 0.275, -4.0 -0.3 0.275, -4.0 -0.3 -0.275, -3.925 -0.3 0.275, -3.925 -0.3 -0.275, -4.0 0.3 -0.275, -3.925 0.0575 -0.275, -3.925 0.3 -0.275, -3.925 -0.0575 -0.275, -3.75 -0.0575 -0.275, -3.75 0.0575 -0.275, -4.0 0.3 0.275, -3.925 0.3 0.275, -3.925 -0.0575 0.275, -3.925 0.0575 0.275, -3.75 0.0575 0.275, -3.75 -0.0575 0.275, -3.25 -0.0575 -0.5, -3.075 -0.0575 -0.5, -3.375 -0.375 -0.5, -3.375 -0.625 -0.5, -3.075 -0.65 -0.5, -3.75 -0.0575 -0.5, -3.925 -0.0575 -0.5, -3.625 -0.375 -0.5, -3.925 -0.65 -0.5, -3.625 -0.625 -0.5, -3.625 0.625 -0.5, -3.775 1.0 -0.5, -3.375 0.625 -0.5, -3.225 1.0 -0.5, -3.375 0.375 -0.5, -3.075 0.65 -0.5, -3.25 0.0575 -0.5, -3.075 0.0575 -0.5, -3.75 0.0575 -0.5, -3.625 0.375 -0.5, -3.925 0.0575 -0.5, -3.925 0.65 -0.5, -3.925 -0.65 0.5, -3.625 -0.625 0.5, -3.25 -0.0575 0.5, -3.625 -0.375 0.5, -3.075 -0.0575 0.5, -3.375 -0.375 0.5, -3.075 -0.65 0.5, -3.375 -0.625 0.5, -3.375 0.625 0.5, -3.225 1.0 0.5, -3.625 0.625 0.5, -3.775 1.0 0.5, -3.625 0.375 0.5, -3.925 0.65 0.5, -3.75 0.0575 0.5, -3.925 0.0575 0.5, -3.75 -0.0575 0.5, -3.925 -0.0575 0.5, -3.25 0.0575 0.5, -3.375 0.375 0.5, -3.075 0.0575 0.5, -3.075 0.65 0.5, -3.075 0.0575 -0.275, -3.075 0.3 -0.275, -3.075 0.3 0.275, -3.075 0.0575 0.275, -3.25 0.0575 0.275, -3.25 0.0575 -0.275, -3.25 -0.0575 0.275, -3.25 -0.0575 -0.275, -3.075 -0.0575 0.275, -3.075 -0.0575 -0.275, -3.075 -0.3 0.275, -3.075 -0.3 -0.275, -3.075 -0.3 -0.275
            ]
        }
        coordIndex [
            0,1,2,-1,3,4,5,-1,6,7,8,-1,9,10,11,-1,12,13,14,-1,14,13,15,-1,14,15,16,-1,17,18,19,-1,19,18,14,-1,19,14,20,-1,20,14,21,-1,16,22,14,-1,14,22,23,-1,14,23,21,-1,24,25,26,-1,26,25,27,-1,26,27,28,-1,28,27,29,-1,30,31,32,-1,33,34,35,-1,35,34,36,-1,35,36,30,-1,30,36,37,-1,30,37,38,-1,24,26,39,-1,39,26,30,-1,39,30,40,-1,40,30,32,-1,40,32,41,-1,41,32,42,-1,41,42,43,-1,38,44,30,-1,30,44,45,-1,30,45,31,-1,46,47,48,-1,48,47,49,-1,48,49,50,-1,50,51,48,-1,48,51,52,-1,48,52,35,-1,35,52,53,-1,35,53,33,-1,54,55,56,-1,56,57,54,-1,54,57,58,-1,54,58,48,-1,48,58,59,-1,48,59,46,-1,55,54,60,-1,60,54,61,-1,60,61,62,-1,63,64,65,-1,65,64,61,-1,61,64,66,-1,61,66,62,-1,67,68,69,-1,68,70,69,-1,69,70,71,-1,69,71,72,-1,73,74,75,-1,76,77,78,-1,78,77,79,-1,73,75,80,-1,81,82,77,-1,77,82,83,-1,77,83,84,-1,85,86,87,-1,74,88,75,-1,75,88,89,-1,75,89,90,-1,17,91,18,-1,18,91,92,-1,18,92,87,-1,87,92,93,-1,87,93,85,-1,94,95,96,-1,96,95,97,-1,96,97,84,-1,84,97,98,-1,86,99,87,-1,87,99,100,-1,87,100,101,-1,102,103,104,-1,104,103,105,-1,104,105,75,-1,75,105,106,-1,75,106,80,-1,94,107,95,-1,95,107,108,-1,95,108,109,-1,109,108,110,-1,109,110,111,-1,112,113,67,-1,113,114,67,-1,67,114,115,-1,67,115,116,-1,116,117,67,-1,67,117,118,-1,67,118,119,-1,119,118,102,-1,119,102,120,-1,120,102,104,-1,98,121,84,-1,84,121,122,-1,84,122,77,-1,77,122,123,-1,77,123,79,-1,124,125,75,-1,75,125,126,-1,75,126,77,-1,77,126,127,-1,77,127,81,-1,90,128,75,-1,75,128,129,-1,75,129,130,-1,130,131,75,-1,75,131,132,-1,75,132,124,-1,133,134,135,-1,134,136,135,-1,135,136,137,-1,135,137,138,-1,83,135,84,-1,84,135,139,-1,84,139,140,-1,141,142,143,-1,143,142,144,-1,143,144,145,-1,141,143,83,-1,83,143,146,-1,83,146,135,-1,135,146,147,-1,135,147,133,-1,140,148,84,-1,84,148,149,-1,84,149,150,-1,150,149,151,-1,138,137,152,-1,152,137,153,-1,152,153,154,-1,154,153,155,-1,154,155,156,-1,157,158,149,-1,149,158,159,-1,149,159,151,-1,160,161,162,-1,162,161,163,-1,163,161,164,-1,163,164,165,-1,166,167,168,-1,168,167,169,-1,168,169,160,-1,160,169,170,-1,160,170,161,-1,161,170,171,-1,161,171,172,-1,172,171,173,-1,172,173,174,-1,174,173,175,-1,164,176,165,-1,165,176,177,-1,165,177,178,-1,178,177,179,-1,180,181,182,-1,183,184,185,-1,185,184,186,-1,187,188,189,-1,189,188,190,-1,189,190,186,-1,191,192,193,-1,193,192,194,-1,195,196,192,-1,192,196,197,-1,181,198,182,-1,182,198,199,-1,182,199,200,-1,200,199,201,-1,202,203,201,-1,201,203,204,-1,201,204,200,-1,191,205,192,-1,192,205,206,-1,192,206,195,-1,207,208,209,-1,210,211,189,-1,189,211,212,-1,189,212,187,-1,213,214,215,-1,216,184,217,-1,218,219,220,-1,221,222,213,-1,213,222,223,-1,213,223,224,-1,180,182,215,-1,215,182,225,-1,215,225,213,-1,213,225,226,-1,213,226,221,-1,207,209,183,-1,220,227,218,-1,218,227,216,-1,218,216,228,-1,228,216,217,-1,229,230,201,-1,201,230,231,-1,201,231,232,-1,209,233,183,-1,183,233,234,-1,183,234,184,-1,184,234,235,-1,184,235,217,-1,232,236,201,-1,201,236,237,-1,201,237,202,-1,9,11,238,-1,238,11,239,-1,238,239,240,-1,240,239,7,-1,7,239,241,-1,7,241,8,-1,242,243,8,-1,244,245,8,-1,8,245,246,-1,247,248,249,-1,249,248,250,-1,249,250,251,-1,251,252,249,-1,249,252,253,-1,249,253,254,-1,254,253,255,-1,254,255,242,-1,256,257,243,-1,243,257,258,-1,243,258,8,-1,8,258,259,-1,8,259,244,-1,246,260,8,-1,8,260,261,-1,8,261,6,-1,262,263,264,-1,264,263,265,-1,264,265,266,-1,264,267,262,-1,262,267,268,-1,262,268,269,-1,269,270,262,-1,262,270,271,-1,262,271,272,-1,272,271,273,-1,272,273,274,-1,274,273,275,-1,274,275,243,-1,243,275,276,-1,243,276,256,-1,277,278,266,-1,266,278,279,-1,266,279,264,-1,280,281,208,-1,208,281,282,-1,208,282,209,-1,280,283,281,-1,281,283,284,-1,281,284,285,-1,285,284,286,-1,285,287,288,-1,286,289,285,-1,285,289,290,-1,285,290,291,-1,291,292,285,-1,285,292,293,-1,285,293,287,-1,288,294,285,-1,285,294,295,-1,285,295,296,-1,297,298,299,-1,299,298,162,-1,299,162,300,-1,301,302,303,-1,303,302,304,-1,303,304,305,-1,305,304,306,-1,307,308,309,-1,309,308,162,-1,309,162,310,-1,310,162,298,-1,311,312,313,-1,313,312,314,-1,313,314,315,-1,314,316,315,-1,315,316,317,-1,315,317,318,-1,319,320,308,-1,319,308,321,-1,317,322,318,-1,318,322,323,-1,318,323,324,-1,324,325,318,-1,318,325,326,-1,318,326,327,-1,308,328,329,-1,329,328,330,-1,329,330,331,-1,320,332,308,-1,308,332,333,-1,308,333,328,-1,306,304,307,-1,307,304,318,-1,307,318,308,-1,308,318,327,-1,308,327,321,-1,313,334,335,-1,335,334,336,-1,337,311,338,-1,338,311,313,-1,338,313,339,-1,339,313,335,-1,340,341,342,-1,342,341,343,-1,342,343,339,-1,339,343,344,-1,339,344,338,-1,338,344,345,-1,346,347,348,-1,348,347,349,-1,348,349,345,-1,345,349,350,-1,345,350,338,-1,338,350,351,-1,338,351,254,-1,254,351,352,-1,254,352,249,-1,249,352,353,-1,336,334,354,-1,354,334,355,-1,354,355,353,-1,356,357,355,-1,355,357,358,-1,355,358,359,-1,360,361,249,-1,249,361,362,-1,363,364,365,-1,365,364,360,-1,365,360,366,-1,367,368,213,-1,369,370,360,-1,360,370,371,-1,360,371,366,-1,367,213,372,-1,368,373,213,-1,213,373,374,-1,213,374,375,-1,376,377,360,-1,360,377,378,-1,360,378,379,-1,380,381,382,-1,383,384,365,-1,365,384,385,-1,365,385,363,-1,353,355,249,-1,249,355,359,-1,249,359,360,-1,360,359,386,-1,360,386,376,-1,379,387,360,-1,360,387,388,-1,360,388,369,-1,380,382,365,-1,365,382,389,-1,365,389,383,-1,362,372,249,-1,249,372,213,-1,249,213,247,-1,247,213,224,-1,247,224,219,-1,219,224,390,-1,219,390,220,-1,391,392,393,-1,393,392,394,-1,393,394,395,-1,396,397,398,-1,399,400,398,-1,398,400,401,-1,398,401,396,-1,375,402,213,-1,213,402,403,-1,213,403,404,-1,405,406,398,-1,398,406,407,-1,398,407,399,-1,403,408,404,-1,404,408,409,-1,404,409,405,-1,405,409,410,-1,405,410,406,-1,411,412,413,-1,413,412,239,-1,413,239,190,-1,190,239,11,-1,190,11,186,-1,186,11,10,-1,186,10,185,-1,414,415,329,-1,415,178,329,-1,329,178,179,-1,329,179,308,-1,308,179,416,-1,308,416,162,-1,162,416,417,-1,162,417,160,-1,418,419,420,-1,331,337,329,-1,329,337,338,-1,329,338,414,-1,414,338,421,-1,414,421,422,-1,422,421,418,-1,422,418,423,-1,423,418,420,-1,424,425,8,-1,242,8,254,-1,254,8,425,-1,254,425,338,-1,338,425,426,-1,338,426,421,-1,427,428,424,-1,429,430,431,-1,431,430,432,-1,431,432,427,-1,427,424,431,-1,431,424,8,-1,431,8,433,-1,433,8,241,-1,433,241,434,-1,433,435,431,-1,431,435,436,-1,431,436,437,-1,438,439,440,-1,440,439,441,-1,440,441,241,-1,241,441,442,-1,241,442,434,-1,437,443,431,-1,431,443,444,-1,431,444,429,-1,445,446,447,-1,445,447,448,-1,446,449,447,-1,447,449,450,-1,447,450,440,-1,440,450,451,-1,440,451,438,-1,3,26,452,-1,452,26,28,-1,452,28,453,-1,453,28,454,-1,453,454,455,-1,455,454,394,-1,455,394,456,-1,456,394,392,-1,456,392,457,-1,457,392,458,-1,457,458,459,-1,459,458,460,-1,459,460,461,-1,461,460,462,-1,461,462,463,-1,463,462,464,-1,463,464,465,-1,465,464,466,-1,465,466,467,-1,467,466,468,-1,391,356,392,-1,392,356,355,-1,392,355,458,-1,458,355,334,-1,458,334,460,-1,460,334,313,-1,460,313,462,-1,462,313,315,-1,462,315,464,-1,464,315,318,-1,464,318,466,-1,466,318,304,-1,466,304,468,-1,468,304,302,-1,29,12,28,-1,28,12,14,-1,28,14,454,-1,454,14,405,-1,454,405,394,-1,394,405,398,-1,394,398,395,-1,395,398,397,-1,469,470,14,-1,14,470,0,-1,14,0,405,-1,405,0,2,-1,405,2,404,-1,404,2,471,-1,404,471,18,-1,18,471,469,-1,18,469,14,-1,472,301,473,-1,474,475,476,-1,303,300,301,-1,301,300,162,-1,301,162,473,-1,473,162,477,-1,478,479,480,-1,480,479,481,-1,474,476,482,-1,483,484,162,-1,482,476,485,-1,485,476,477,-1,485,477,486,-1,473,487,472,-1,472,487,480,-1,472,480,163,-1,163,480,481,-1,163,481,476,-1,475,488,476,-1,476,488,489,-1,476,489,490,-1,162,484,477,-1,477,484,491,-1,477,491,492,-1,490,493,476,-1,476,493,494,-1,476,494,163,-1,163,494,495,-1,163,495,162,-1,162,495,496,-1,162,496,483,-1,492,497,477,-1,477,497,498,-1,477,498,486,-1,499,500,501,-1,501,500,502,-1,501,502,87,-1,197,214,192,-1,192,214,213,-1,192,213,501,-1,501,213,404,-1,501,404,499,-1,499,404,503,-1,87,502,18,-1,18,502,504,-1,18,504,404,-1,404,504,505,-1,404,505,503,-1,506,507,508,-1,508,507,499,-1,508,499,509,-1,509,499,503,-1,509,503,510,-1,510,503,511,-1,415,448,178,-1,178,448,447,-1,178,447,165,-1,165,447,512,-1,165,512,163,-1,163,512,513,-1,163,513,472,-1,472,513,514,-1,411,194,412,-1,412,194,192,-1,412,192,515,-1,515,192,501,-1,515,501,69,-1,69,501,87,-1,69,87,67,-1,67,87,101,-1,67,101,112,-1,72,63,69,-1,69,63,65,-1,69,65,515,-1,515,65,516,-1,515,516,412,-1,412,516,517,-1,412,517,239,-1,239,517,518,-1,239,518,241,-1,241,518,519,-1,241,519,440,-1,440,519,520,-1,440,520,447,-1,447,520,521,-1,447,521,512,-1,512,521,522,-1,512,522,513,-1,513,522,523,-1,513,523,514,-1,514,523,524,-1,3,5,26,-1,26,5,525,-1,26,525,30,-1,30,525,526,-1,30,526,35,-1,35,526,527,-1,35,527,48,-1,48,527,528,-1,48,528,54,-1,54,528,529,-1,54,529,61,-1,530,531,532,-1,532,531,533,-1,534,530,535,-1,535,530,532,-1,536,534,537,-1,537,534,535,-1,537,535,538,-1,538,535,539,-1,540,534,541,-1,541,534,536,-1,531,540,542,-1,542,540,541,-1,533,531,543,-1,543,531,542,-1,543,542,544,-1,544,542,545,-1,534,540,530,-1,530,540,531,-1,546,547,548,-1,548,547,549,-1,549,547,550,-1,550,547,551,-1,550,551,552,-1,553,554,555,-1,555,554,556,-1,555,556,557,-1,557,558,559,-1,559,558,560,-1,559,560,553,-1,553,560,561,-1,553,561,554,-1,562,563,564,-1,548,565,546,-1,546,565,566,-1,546,566,567,-1,567,566,568,-1,567,568,551,-1,551,568,569,-1,551,569,552,-1,552,569,558,-1,552,558,564,-1,564,558,557,-1,564,557,562,-1,562,557,556,-1,570,571,572,-1,572,571,573,-1,572,573,574,-1,574,573,575,-1,574,575,576,-1,577,578,579,-1,579,578,580,-1,579,580,581,-1,581,580,582,-1,581,582,583,-1,583,582,584,-1,576,575,585,-1,585,575,586,-1,585,586,587,-1,588,589,587,-1,587,586,588,-1,588,586,571,-1,588,571,583,-1,583,571,570,-1,583,570,581,-1,581,570,590,-1,581,590,591,-1,591,590,592,-1,591,592,577,-1,577,592,593,-1,577,593,578,-1,582,580,549,-1,549,580,548,-1,580,578,548,-1,548,578,565,-1,578,593,565,-1,565,593,566,-1,574,576,561,-1,561,576,554,-1,576,585,554,-1,554,585,556,-1,585,587,556,-1,556,587,562,-1,594,588,595,-1,595,588,583,-1,596,552,597,-1,597,552,564,-1,595,583,598,-1,598,583,584,-1,599,550,596,-1,596,550,552,-1,598,584,600,-1,600,584,582,-1,600,582,601,-1,601,582,549,-1,601,549,599,-1,599,549,550,-1,537,568,536,-1,536,568,566,-1,536,566,541,-1,541,566,593,-1,541,593,542,-1,542,593,592,-1,542,592,545,-1,545,592,590,-1,538,569,537,-1,537,569,568,-1,545,590,544,-1,544,590,570,-1,539,558,538,-1,538,558,569,-1,544,570,543,-1,543,570,572,-1,535,560,539,-1,539,560,558,-1,543,572,533,-1,533,572,574,-1,533,574,532,-1,532,574,561,-1,532,561,535,-1,535,561,560,-1,602,563,603,-1,603,563,562,-1,603,562,604,-1,604,562,587,-1,604,587,605,-1,605,587,589,-1,605,589,594,-1,594,589,588,-1,597,564,602,-1,602,564,563,-1,606,607,608,-1,609,610,611,-1,608,607,610,-1,610,607,612,-1,610,612,611,-1,613,608,614,-1,614,608,615,-1,614,615,616,-1,616,615,609,-1,616,609,617,-1,617,609,611,-1,618,619,620,-1,620,619,621,-1,620,621,622,-1,622,621,623,-1,622,623,624,-1,624,623,625,-1,606,608,624,-1,624,608,613,-1,624,613,622,-1,622,613,626,-1,622,626,627,-1,627,626,628,-1,627,628,618,-1,618,628,629,-1,618,629,619,-1,630,631,632,-1,632,631,633,-1,632,633,634,-1,634,633,635,-1,634,635,636,-1,637,638,639,-1,639,638,640,-1,639,640,641,-1,641,640,642,-1,641,642,643,-1,643,642,644,-1,636,635,645,-1,645,635,646,-1,645,646,647,-1,648,649,647,-1,647,646,648,-1,648,646,631,-1,648,631,643,-1,643,631,630,-1,643,630,641,-1,641,630,650,-1,641,650,651,-1,651,650,652,-1,651,652,637,-1,637,652,653,-1,637,653,638,-1,642,640,629,-1,629,640,619,-1,640,638,619,-1,619,638,621,-1,638,653,621,-1,621,653,623,-1,634,636,612,-1,612,636,611,-1,636,645,611,-1,611,645,617,-1,645,647,617,-1,617,647,616,-1,654,632,655,-1,655,632,634,-1,655,634,656,-1,656,634,612,-1,656,612,657,-1,657,612,607,-1,658,614,659,-1,659,614,616,-1,659,616,660,-1,660,616,647,-1,660,647,661,-1,661,647,649,-1,662,626,663,-1,663,626,613,-1,664,648,665,-1,665,648,643,-1,666,628,662,-1,662,628,626,-1,665,643,667,-1,667,643,644,-1,667,644,668,-1,668,644,642,-1,668,642,669,-1,669,642,629,-1,669,629,666,-1,666,629,628,-1,670,625,671,-1,671,625,623,-1,671,623,672,-1,672,623,653,-1,672,653,673,-1,673,653,652,-1,674,624,670,-1,670,624,625,-1,673,652,675,-1,675,652,650,-1,676,606,674,-1,674,606,624,-1,675,650,677,-1,677,650,630,-1,657,607,676,-1,676,607,606,-1,677,630,654,-1,654,630,632,-1,663,613,658,-1,658,613,614,-1,661,649,664,-1,664,649,648,-1,678,679,680,-1,681,682,683,-1,680,679,682,-1,682,679,684,-1,682,684,683,-1,685,680,686,-1,686,680,687,-1,686,687,688,-1,688,687,681,-1,688,681,689,-1,689,681,683,-1,690,691,692,-1,692,691,693,-1,692,693,694,-1,694,693,695,-1,694,695,696,-1,696,695,697,-1,678,680,696,-1,696,680,685,-1,696,685,694,-1,694,685,698,-1,694,698,699,-1,699,698,700,-1,699,700,690,-1,690,700,701,-1,690,701,691,-1,702,703,704,-1,704,703,705,-1,704,705,706,-1,706,705,707,-1,706,707,708,-1,709,710,711,-1,711,710,712,-1,711,712,713,-1,713,712,714,-1,713,714,715,-1,715,714,716,-1,708,707,717,-1,717,707,718,-1,717,718,719,-1,720,721,719,-1,719,718,720,-1,720,718,703,-1,720,703,715,-1,715,703,702,-1,715,702,713,-1,713,702,722,-1,713,722,723,-1,723,722,724,-1,723,724,709,-1,709,724,725,-1,709,725,710,-1,714,712,701,-1,701,712,691,-1,712,710,691,-1,691,710,693,-1,710,725,693,-1,693,725,695,-1,706,708,684,-1,684,708,683,-1,708,717,683,-1,683,717,689,-1,717,719,689,-1,689,719,688,-1,726,720,727,-1,727,720,715,-1,728,698,729,-1,729,698,685,-1,727,715,730,-1,730,715,716,-1,731,700,728,-1,728,700,698,-1,730,716,732,-1,732,716,714,-1,732,714,733,-1,733,714,701,-1,733,701,731,-1,731,701,700,-1,734,697,735,-1,735,697,695,-1,735,695,736,-1,736,695,725,-1,736,725,737,-1,737,725,724,-1,737,724,738,-1,738,724,722,-1,739,696,734,-1,734,696,697,-1,738,722,740,-1,740,722,702,-1,741,678,739,-1,739,678,696,-1,740,702,742,-1,742,702,704,-1,743,679,741,-1,741,679,678,-1,742,704,744,-1,744,704,706,-1,744,706,745,-1,745,706,684,-1,745,684,743,-1,743,684,679,-1,746,686,747,-1,747,686,688,-1,747,688,748,-1,748,688,719,-1,748,719,749,-1,749,719,721,-1,749,721,726,-1,726,721,720,-1,729,685,746,-1,746,685,686,-1,750,751,752,-1,753,754,755,-1,752,751,754,-1,754,751,756,-1,754,756,755,-1,757,752,758,-1,758,752,759,-1,758,759,760,-1,760,759,753,-1,760,753,761,-1,761,753,755,-1,762,763,764,-1,764,763,765,-1,764,765,766,-1,766,765,767,-1,766,767,768,-1,768,767,769,-1,750,752,768,-1,768,752,757,-1,768,757,766,-1,766,757,770,-1,766,770,771,-1,771,770,772,-1,771,772,762,-1,762,772,773,-1,762,773,763,-1,774,775,776,-1,776,775,777,-1,776,777,778,-1,778,777,779,-1,778,779,780,-1,781,782,783,-1,783,782,784,-1,783,784,785,-1,785,784,786,-1,785,786,787,-1,787,786,788,-1,780,779,789,-1,789,779,790,-1,789,790,791,-1,792,793,791,-1,791,790,792,-1,792,790,775,-1,792,775,787,-1,787,775,774,-1,787,774,785,-1,785,774,794,-1,785,794,795,-1,795,794,796,-1,795,796,781,-1,781,796,797,-1,781,797,782,-1,786,784,773,-1,773,784,763,-1,784,782,763,-1,763,782,765,-1,782,797,765,-1,765,797,767,-1,778,780,756,-1,756,780,755,-1,780,789,755,-1,755,789,761,-1,789,791,761,-1,761,791,760,-1,798,776,799,-1,799,776,778,-1,799,778,800,-1,800,778,756,-1,800,756,801,-1,801,756,751,-1,802,758,803,-1,803,758,760,-1,803,760,804,-1,804,760,791,-1,804,791,805,-1,805,791,793,-1,806,770,807,-1,807,770,757,-1,808,792,809,-1,809,792,787,-1,810,772,806,-1,806,772,770,-1,809,787,811,-1,811,787,788,-1,811,788,812,-1,812,788,786,-1,812,786,813,-1,813,786,773,-1,813,773,810,-1,810,773,772,-1,814,769,815,-1,815,769,767,-1,815,767,816,-1,816,767,797,-1,816,797,817,-1,817,797,796,-1,818,768,814,-1,814,768,769,-1,817,796,819,-1,819,796,794,-1,820,750,818,-1,818,750,768,-1,819,794,821,-1,821,794,774,-1,801,751,820,-1,820,751,750,-1,821,774,798,-1,798,774,776,-1,807,757,802,-1,802,757,758,-1,805,793,808,-1,808,793,792,-1,822,823,824,-1,825,826,827,-1,824,823,826,-1,826,823,828,-1,826,828,827,-1,829,824,830,-1,830,824,831,-1,830,831,832,-1,832,831,825,-1,832,825,833,-1,833,825,827,-1,834,835,836,-1,836,835,837,-1,836,837,838,-1,838,837,839,-1,838,839,840,-1,840,839,841,-1,822,824,840,-1,840,824,829,-1,840,829,838,-1,838,829,842,-1,838,842,843,-1,843,842,844,-1,843,844,834,-1,834,844,845,-1,834,845,835,-1,846,847,848,-1,848,847,849,-1,848,849,850,-1,850,849,851,-1,850,851,852,-1,853,854,855,-1,855,854,856,-1,855,856,857,-1,857,856,858,-1,857,858,859,-1,859,858,860,-1,852,851,861,-1,861,851,862,-1,861,862,863,-1,864,865,863,-1,863,862,864,-1,864,862,847,-1,864,847,859,-1,859,847,846,-1,859,846,857,-1,857,846,866,-1,857,866,867,-1,867,866,868,-1,867,868,853,-1,853,868,869,-1,853,869,854,-1,858,856,845,-1,845,856,835,-1,856,854,835,-1,835,854,837,-1,854,869,837,-1,837,869,839,-1,850,852,828,-1,828,852,827,-1,852,861,827,-1,827,861,833,-1,861,863,833,-1,833,863,832,-1,870,864,871,-1,871,864,859,-1,872,842,873,-1,873,842,829,-1,871,859,874,-1,874,859,860,-1,875,844,872,-1,872,844,842,-1,874,860,876,-1,876,860,858,-1,876,858,877,-1,877,858,845,-1,877,845,875,-1,875,845,844,-1,878,841,879,-1,879,841,839,-1,879,839,880,-1,880,839,869,-1,880,869,881,-1,881,869,868,-1,881,868,882,-1,882,868,866,-1,883,840,878,-1,878,840,841,-1,882,866,884,-1,884,866,846,-1,885,822,883,-1,883,822,840,-1,884,846,886,-1,886,846,848,-1,887,823,885,-1,885,823,822,-1,886,848,888,-1,888,848,850,-1,888,850,889,-1,889,850,828,-1,889,828,887,-1,887,828,823,-1,890,830,891,-1,891,830,832,-1,891,832,892,-1,892,832,863,-1,892,863,893,-1,893,863,865,-1,893,865,870,-1,870,865,864,-1,873,829,890,-1,890,829,830,-1,894,895,896,-1,897,898,899,-1,896,895,898,-1,898,895,900,-1,898,900,899,-1,901,896,902,-1,902,896,903,-1,902,903,904,-1,904,903,897,-1,904,897,905,-1,905,897,899,-1,906,907,908,-1,908,907,909,-1,908,909,910,-1,910,909,911,-1,910,911,912,-1,912,911,913,-1,894,896,912,-1,912,896,901,-1,912,901,910,-1,910,901,914,-1,910,914,915,-1,915,914,916,-1,915,916,906,-1,906,916,917,-1,906,917,907,-1,918,919,920,-1,920,919,921,-1,920,921,922,-1,922,921,923,-1,922,923,924,-1,925,926,927,-1,927,926,928,-1,927,928,929,-1,929,928,930,-1,929,930,931,-1,931,930,932,-1,924,923,933,-1,933,923,934,-1,933,934,935,-1,936,937,935,-1,935,934,936,-1,936,934,919,-1,936,919,931,-1,931,919,918,-1,931,918,929,-1,929,918,938,-1,929,938,939,-1,939,938,940,-1,939,940,925,-1,925,940,941,-1,925,941,926,-1,930,928,917,-1,917,928,907,-1,928,926,907,-1,907,926,909,-1,926,941,909,-1,909,941,911,-1,922,924,900,-1,900,924,899,-1,924,933,899,-1,899,933,905,-1,933,935,905,-1,905,935,904,-1,942,920,943,-1,943,920,922,-1,943,922,944,-1,944,922,900,-1,944,900,945,-1,945,900,895,-1,946,902,947,-1,947,902,904,-1,947,904,948,-1,948,904,935,-1,948,935,949,-1,949,935,937,-1,950,914,951,-1,951,914,901,-1,952,936,953,-1,953,936,931,-1,954,916,950,-1,950,916,914,-1,953,931,955,-1,955,931,932,-1,955,932,956,-1,956,932,930,-1,956,930,957,-1,957,930,917,-1,957,917,954,-1,954,917,916,-1,958,913,959,-1,959,913,911,-1,959,911,960,-1,960,911,941,-1,960,941,961,-1,961,941,940,-1,962,912,958,-1,958,912,913,-1,961,940,963,-1,963,940,938,-1,964,894,962,-1,962,894,912,-1,963,938,965,-1,965,938,918,-1,945,895,964,-1,964,895,894,-1,965,918,942,-1,942,918,920,-1,951,901,946,-1,946,901,902,-1,949,937,952,-1,952,937,936,-1,966,967,968,-1,969,970,971,-1,968,967,970,-1,970,967,972,-1,970,972,971,-1,973,968,974,-1,974,968,975,-1,974,975,976,-1,976,975,969,-1,976,969,977,-1,977,969,971,-1,978,979,980,-1,980,979,981,-1,980,981,982,-1,982,981,983,-1,982,983,984,-1,984,983,985,-1,966,968,984,-1,984,968,973,-1,984,973,982,-1,982,973,986,-1,982,986,987,-1,987,986,988,-1,987,988,978,-1,978,988,989,-1,978,989,979,-1,990,991,992,-1,992,991,993,-1,992,993,994,-1,994,993,995,-1,994,995,996,-1,997,998,999,-1,999,998,1000,-1,999,1000,1001,-1,1001,1000,1002,-1,1001,1002,1003,-1,1003,1002,1004,-1,996,995,1005,-1,1005,995,1006,-1,1005,1006,1007,-1,1008,1009,1007,-1,1007,1006,1008,-1,1008,1006,991,-1,1008,991,1003,-1,1003,991,990,-1,1003,990,1001,-1,1001,990,1010,-1,1001,1010,1011,-1,1011,1010,1012,-1,1011,1012,997,-1,997,1012,1013,-1,997,1013,998,-1,1002,1000,989,-1,989,1000,979,-1,1000,998,979,-1,979,998,981,-1,998,1013,981,-1,981,1013,983,-1,994,996,972,-1,972,996,971,-1,996,1005,971,-1,971,1005,977,-1,1005,1007,977,-1,977,1007,976,-1,1014,1008,1015,-1,1015,1008,1003,-1,1016,986,1017,-1,1017,986,973,-1,1015,1003,1018,-1,1018,1003,1004,-1,1019,988,1016,-1,1016,988,986,-1,1018,1004,1020,-1,1020,1004,1002,-1,1020,1002,1021,-1,1021,1002,989,-1,1021,989,1019,-1,1019,989,988,-1,1022,985,1023,-1,1023,985,983,-1,1023,983,1024,-1,1024,983,1013,-1,1024,1013,1025,-1,1025,1013,1012,-1,1025,1012,1026,-1,1026,1012,1010,-1,1027,984,1022,-1,1022,984,985,-1,1026,1010,1028,-1,1028,1010,990,-1,1029,966,1027,-1,1027,966,984,-1,1028,990,1030,-1,1030,990,992,-1,1031,967,1029,-1,1029,967,966,-1,1030,992,1032,-1,1032,992,994,-1,1032,994,1033,-1,1033,994,972,-1,1033,972,1031,-1,1031,972,967,-1,1034,974,1035,-1,1035,974,976,-1,1035,976,1036,-1,1036,976,1007,-1,1036,1007,1037,-1,1037,1007,1009,-1,1037,1009,1014,-1,1014,1009,1008,-1,1017,973,1034,-1,1034,973,974,-1,1038,1039,1040,-1,1040,1039,1041,-1,1039,1042,1043,-1,1043,1042,1044,-1,1041,1039,1045,-1,1045,1039,1043,-1,1045,1043,1046,-1,1046,1043,1047,-1,1042,1048,1044,-1,1044,1048,1049,-1,1048,1038,1050,-1,1050,1038,1040,-1,1049,1048,1051,-1,1051,1048,1050,-1,1051,1050,1052,-1,1052,1050,1053,-1,1048,1042,1038,-1,1038,1042,1039,-1,1054,1055,1056,-1,1057,467,468,-1,1056,1055,1057,-1,1057,1055,1058,-1,1057,1058,467,-1,1059,1056,1060,-1,1060,1056,1061,-1,1060,1061,1062,-1,1062,1061,1063,-1,1062,1063,524,-1,524,1063,514,-1,1064,1065,1066,-1,1066,1065,1067,-1,1066,1067,1068,-1,1068,1067,1069,-1,1068,1069,1070,-1,1070,1069,1071,-1,1054,1056,1070,-1,1070,1056,1059,-1,1070,1059,1068,-1,1068,1059,1072,-1,1068,1072,1073,-1,1073,1072,1074,-1,1073,1074,1064,-1,1064,1074,1075,-1,1064,1075,1065,-1,468,302,1057,-1,1057,302,301,-1,1057,301,1063,-1,1063,301,472,-1,1063,472,514,-1,1076,529,1077,-1,1078,1079,1080,-1,1080,1079,1081,-1,1080,1081,1082,-1,1082,1081,1083,-1,1084,1085,1086,-1,1086,1085,1087,-1,1086,1087,1088,-1,1088,1087,1089,-1,1088,1089,1090,-1,1090,1089,1091,-1,1092,1093,1076,-1,1076,1077,1092,-1,1092,1077,1079,-1,1092,1079,1090,-1,1090,1079,1078,-1,1090,1078,1088,-1,1088,1078,1094,-1,1088,1094,1095,-1,1095,1094,1096,-1,1095,1096,1084,-1,1084,1096,1097,-1,1084,1097,1085,-1,529,528,1077,-1,1077,528,527,-1,1077,527,1083,-1,1083,527,526,-1,1083,526,525,-1,525,5,1083,-1,1083,5,4,-1,1083,4,1082,-1,1089,1087,1075,-1,1075,1087,1065,-1,1087,1085,1065,-1,1065,1085,1067,-1,1085,1097,1067,-1,1067,1097,1069,-1,1082,4,1058,-1,1058,4,467,-1,529,1076,524,-1,524,1076,1062,-1,1053,1092,1052,-1,1052,1092,1090,-1,1047,1072,1046,-1,1046,1072,1059,-1,1052,1090,1051,-1,1051,1090,1091,-1,1043,1074,1047,-1,1047,1074,1072,-1,1051,1091,1049,-1,1049,1091,1089,-1,1049,1089,1044,-1,1044,1089,1075,-1,1044,1075,1043,-1,1043,1075,1074,-1,1098,1071,1099,-1,1099,1071,1069,-1,1099,1069,1100,-1,1100,1069,1097,-1,1100,1097,1101,-1,1101,1097,1096,-1,1101,1096,1102,-1,1102,1096,1094,-1,1103,1070,1098,-1,1098,1070,1071,-1,1102,1094,1104,-1,1104,1094,1078,-1,1105,1054,1103,-1,1103,1054,1070,-1,1104,1078,1106,-1,1106,1078,1080,-1,1107,1055,1105,-1,1105,1055,1054,-1,1106,1080,1108,-1,1108,1080,1082,-1,1108,1082,1109,-1,1109,1082,1058,-1,1109,1058,1107,-1,1107,1058,1055,-1,1045,1060,1041,-1,1041,1060,1062,-1,1041,1062,1040,-1,1040,1062,1076,-1,1040,1076,1050,-1,1050,1076,1093,-1,1050,1093,1053,-1,1053,1093,1092,-1,1046,1059,1045,-1,1045,1059,1060,-1,1102,1104,1101,-1,1101,1104,1106,-1,1014,1015,1037,-1,1037,1015,1018,-1,1020,1100,1018,-1,1018,1100,1101,-1,1018,1101,1037,-1,1037,1101,1106,-1,1037,1106,1036,-1,1036,1106,1108,-1,1099,1100,1021,-1,1021,1100,1020,-1,1016,1017,1019,-1,1019,1017,1034,-1,1105,1103,1107,-1,1107,1103,1098,-1,1099,1021,1098,-1,1098,1021,1019,-1,1098,1019,1107,-1,1107,1019,1034,-1,1107,1034,1109,-1,1109,1034,1035,-1,1108,1109,1036,-1,1036,1109,1035,-1,1032,1033,948,-1,948,1033,947,-1,950,951,954,-1,954,951,946,-1,1029,1027,1031,-1,1031,1027,1022,-1,1023,957,1022,-1,1022,957,954,-1,1022,954,1031,-1,1031,954,946,-1,1031,946,1033,-1,1033,946,947,-1,1023,1024,957,-1,957,1024,956,-1,1026,1028,1025,-1,1025,1028,1030,-1,952,953,949,-1,949,953,955,-1,956,1024,955,-1,955,1024,1025,-1,955,1025,949,-1,949,1025,1030,-1,949,1030,948,-1,948,1030,1032,-1,963,965,961,-1,961,965,942,-1,870,871,893,-1,893,871,874,-1,876,960,874,-1,874,960,961,-1,874,961,893,-1,893,961,942,-1,893,942,892,-1,892,942,943,-1,959,960,877,-1,877,960,876,-1,872,873,875,-1,875,873,890,-1,964,962,945,-1,945,962,958,-1,959,877,958,-1,958,877,875,-1,958,875,945,-1,945,875,890,-1,945,890,944,-1,944,890,891,-1,943,944,892,-1,892,944,891,-1,888,889,804,-1,804,889,803,-1,889,887,803,-1,803,887,802,-1,879,813,878,-1,878,813,810,-1,806,807,810,-1,810,807,802,-1,810,802,878,-1,878,802,887,-1,878,887,883,-1,883,887,885,-1,879,880,813,-1,813,880,812,-1,808,809,805,-1,805,809,811,-1,882,884,881,-1,881,884,886,-1,888,804,886,-1,886,804,805,-1,886,805,881,-1,881,805,811,-1,881,811,880,-1,880,811,812,-1,819,821,817,-1,817,821,798,-1,726,727,749,-1,749,727,730,-1,732,816,730,-1,730,816,817,-1,730,817,749,-1,749,817,798,-1,749,798,748,-1,748,798,799,-1,815,816,733,-1,733,816,732,-1,728,729,731,-1,731,729,746,-1,820,818,801,-1,801,818,814,-1,815,733,814,-1,814,733,731,-1,814,731,801,-1,801,731,746,-1,801,746,800,-1,800,746,747,-1,799,800,748,-1,748,800,747,-1,744,745,660,-1,660,745,659,-1,662,663,666,-1,666,663,658,-1,741,739,743,-1,743,739,734,-1,735,669,734,-1,734,669,666,-1,734,666,743,-1,743,666,658,-1,743,658,745,-1,745,658,659,-1,735,736,669,-1,669,736,668,-1,738,740,737,-1,737,740,742,-1,664,665,661,-1,661,665,667,-1,668,736,667,-1,667,736,737,-1,667,737,661,-1,661,737,742,-1,661,742,660,-1,660,742,744,-1,675,677,673,-1,673,677,654,-1,594,595,605,-1,605,595,598,-1,600,672,598,-1,598,672,673,-1,598,673,605,-1,605,673,654,-1,605,654,604,-1,604,654,655,-1,671,672,601,-1,601,672,600,-1,596,597,599,-1,599,597,602,-1,676,674,657,-1,657,674,670,-1,671,601,670,-1,670,601,599,-1,670,599,657,-1,657,599,602,-1,657,602,656,-1,656,602,603,-1,655,656,604,-1,604,656,603,-1,
        ]
    }
}
Shape{
    appearance Appearance {
        material  Material 	{
            diffuseColor 1.0 1.0 1.0
            specularColor 0.5019607843137255 0.5019607843137255 0.5019607843137255
            ambientIntensity 0.2
            transparency 0
            shininess 0.5
        }
    }
    geometry IndexedFaceSet {
        ccw TRUE
        solid FALSE
        coord DEF co Coordinate {
            point [
                -3.4267 -1.0039 -0.0266, -3.4358 -1.0039 -0.0266, -3.4267 -1.0 -0.0266, -3.4358 -1.0 -0.0266, -3.4267 -1.0039 0.0053, -3.4267 -1.0 0.0053, -3.3558 -1.0039 0.0053, -3.3558 -1.0 0.0053, -3.3558 -1.0039 0.0157, -3.3558 -1.0 0.0157, -3.4358 -1.0039 0.0157, -3.4358 -1.0 0.0157, -3.4358 -1.0 0.0157
            ]
        }
        coordIndex [
            0,1,2,-1,2,1,3,-1,4,0,5,-1,5,0,2,-1,6,4,7,-1,7,4,5,-1,8,6,9,-1,9,6,7,-1,10,8,11,-1,11,8,9,-1,1,10,3,-1,3,10,11,-1,6,8,4,-1,4,8,10,-1,4,10,0,-1,0,10,1,-1,
        ]
    }
}
Shape{
    appearance Appearance {
        material  Material 	{
            diffuseColor 1.0 1.0 0.0
            specularColor 0.5019607843137255 0.5019607843137255 0.0
            ambientIntensity 0.2
            transparency 0
            shininess 0.5
        }
    }
    geometry IndexedFaceSet {
        ccw TRUE
        solid FALSE
        coord DEF co Coordinate {
            point [
                -3.4466 -0.5534 2.8, -3.4466 -0.4466 2.8, -3.5534 -0.5534 2.8, -3.5534 -0.4466 2.8, -3.375 -0.625 2.6031, -3.375 -0.375 2.6031, -3.625 -0.625 2.6031, -3.625 -0.375 2.6031, -3.625 -0.375 0.5, -3.375 -0.375 0.5, -3.375 -0.625 0.5, -3.625 -0.625 0.5, -3.4466 0.4466 2.8, -3.4466 0.5534 2.8, -3.5534 0.4466 2.8, -3.5534 0.5534 2.8, -3.375 0.375 2.6031, -3.375 0.625 2.6031, -3.625 0.375 2.6031, -3.625 0.625 2.6031, -3.625 0.625 0.5, -3.375 0.625 0.5, -3.375 0.375 0.5, -3.625 0.375 0.5, -3.4466 -1.515 -0.9284, -3.4466 -1.515 -0.8216, -3.5534 -1.515 -0.9284, -3.5534 -1.515 -0.8216, -3.375 -1.3181 -0.75, -3.625 -1.3181 -0.75, -3.625 -1.3181 -1.0, -3.375 -1.3181 -1.0, -3.375 -0.825 -0.75, -3.625 -0.825 -0.75, -3.625 -0.775 -1.0, -3.375 -0.775 -1.0, -3.625 -0.6715 -0.9864, -3.375 -0.6715 -0.9864, -3.625 -0.575 -0.9464, -3.375 -0.575 -0.9464, -3.625 -0.4922 -0.8828, -3.375 -0.4922 -0.8828, -3.625 -0.4286 -0.8, -3.375 -0.4286 -0.8, -3.625 -0.3886 -0.7035, -3.375 -0.3886 -0.7035, -3.625 -0.375 -0.6, -3.375 -0.375 -0.6, -3.375 -0.625 -0.55, -3.625 -0.625 -0.55, -3.375 -0.6318 -0.6018, -3.625 -0.6318 -0.6018, -3.375 -0.6518 -0.65, -3.625 -0.6518 -0.65, -3.375 -0.6836 -0.6914, -3.625 -0.6836 -0.6914, -3.375 -0.725 -0.7232, -3.625 -0.725 -0.7232, -3.375 -0.7732 -0.7432, -3.625 -0.7732 -0.7432, -3.375 -0.375 -0.5, -3.625 -0.375 -0.5, -3.625 -0.625 -0.5, -3.375 -0.625 -0.5, -3.4466 1.515 -0.8216, -3.4466 1.515 -0.9284, -3.5534 1.515 -0.8216, -3.5534 1.515 -0.9284, -3.375 1.3181 -1.0, -3.625 1.3181 -1.0, -3.625 1.3181 -0.75, -3.375 1.3181 -0.75, -3.375 0.775 -1.0, -3.625 0.775 -1.0, -3.625 0.825 -0.75, -3.375 0.825 -0.75, -3.375 0.375 -0.6, -3.625 0.375 -0.6, -3.625 0.3886 -0.7035, -3.375 0.3886 -0.7035, -3.625 0.4286 -0.8, -3.375 0.4286 -0.8, -3.625 0.4922 -0.8828, -3.375 0.4922 -0.8828, -3.625 0.575 -0.9464, -3.375 0.575 -0.9464, -3.625 0.6715 -0.9864, -3.375 0.6715 -0.9864, -3.375 0.7732 -0.7432, -3.625 0.7732 -0.7432, -3.375 0.725 -0.7232, -3.625 0.725 -0.7232, -3.375 0.6836 -0.6914, -3.625 0.6836 -0.6914, -3.375 0.6518 -0.65, -3.625 0.6518 -0.65, -3.375 0.6318 -0.6018, -3.625 0.6318 -0.6018, -3.375 0.625 -0.55, -3.625 0.625 -0.55, -3.375 0.625 -0.5, -3.625 0.625 -0.5, -3.625 0.375 -0.5, -3.375 0.375 -0.5, -2.5534 -0.4466 2.8, -2.5534 -0.5534 2.8, -2.4466 -0.4466 2.8, -2.4466 -0.5534 2.8, -2.625 -0.375 2.6031, -2.625 -0.625 2.6031, -2.375 -0.375 2.6031, -2.375 -0.625 2.6031, -2.625 -0.375 0.5, -2.375 -0.375 0.5, -2.375 -0.625 0.5, -2.625 -0.625 0.5, -2.5534 0.5534 2.8, -2.5534 0.4466 2.8, -2.4466 0.5534 2.8, -2.4466 0.4466 2.8, -2.625 0.625 2.6031, -2.625 0.375 2.6031, -2.375 0.625 2.6031, -2.375 0.375 2.6031, -2.625 0.625 0.5, -2.375 0.625 0.5, -2.375 0.375 0.5, -2.625 0.375 0.5, -2.5534 -1.515 -0.9284, -2.625 -1.3181 -1.0, -2.4466 -1.515 -0.9284, -2.375 -1.3181 -1.0, -2.4466 -1.515 -0.8216, -2.5534 -1.515 -0.8216, -2.375 -1.3181 -0.75, -2.625 -1.3181 -0.75, -2.625 -0.775 -1.0, -2.375 -0.775 -1.0, -2.375 -0.825 -0.75, -2.625 -0.825 -0.75, -2.625 -0.6715 -0.9864, -2.375 -0.6715 -0.9864, -2.625 -0.575 -0.9464, -2.375 -0.575 -0.9464, -2.625 -0.4922 -0.8828, -2.375 -0.4922 -0.8828, -2.625 -0.4286 -0.8, -2.375 -0.4286 -0.8, -2.625 -0.3886 -0.7035, -2.375 -0.3886 -0.7035, -2.625 -0.375 -0.6, -2.375 -0.375 -0.6, -2.375 -0.625 -0.55, -2.625 -0.625 -0.55, -2.375 -0.6318 -0.6018, -2.625 -0.6318 -0.6018, -2.375 -0.6518 -0.65, -2.625 -0.6518 -0.65, -2.375 -0.6836 -0.6914, -2.625 -0.6836 -0.6914, -2.375 -0.725 -0.7232, -2.625 -0.725 -0.7232, -2.375 -0.7732 -0.7432, -2.625 -0.7732 -0.7432, -2.375 -0.375 -0.5, -2.625 -0.375 -0.5, -2.625 -0.625 -0.5, -2.375 -0.625 -0.5, -2.5534 1.515 -0.8216, -2.625 1.3181 -0.75, -2.4466 1.515 -0.8216, -2.375 1.3181 -0.75, -2.4466 1.515 -0.9284, -2.5534 1.515 -0.9284, -2.375 1.3181 -1.0, -2.625 1.3181 -1.0, -2.625 0.825 -0.75, -2.375 0.825 -0.75, -2.375 0.775 -1.0, -2.625 0.775 -1.0, -2.375 0.375 -0.6, -2.625 0.375 -0.6, -2.625 0.3886 -0.7035, -2.375 0.3886 -0.7035, -2.625 0.4286 -0.8, -2.375 0.4286 -0.8, -2.625 0.4922 -0.8828, -2.375 0.4922 -0.8828, -2.625 0.575 -0.9464, -2.375 0.575 -0.9464, -2.625 0.6715 -0.9864, -2.375 0.6715 -0.9864, -2.375 0.7732 -0.7432, -2.625 0.7732 -0.7432, -2.375 0.725 -0.7232, -2.625 0.725 -0.7232, -2.375 0.6836 -0.6914, -2.625 0.6836 -0.6914, -2.375 0.6518 -0.65, -2.625 0.6518 -0.65, -2.375 0.6318 -0.6018, -2.625 0.6318 -0.6018, -2.375 0.625 -0.55, -2.625 0.625 -0.55, -2.375 0.625 -0.5, -2.625 0.625 -0.5, -2.625 0.375 -0.5, -2.375 0.375 -0.5, -1.5534 -0.4466 2.8, -1.5534 -0.5534 2.8, -1.4466 -0.4466 2.8, -1.4466 -0.5534 2.8, -1.625 -0.375 2.6031, -1.625 -0.625 2.6031, -1.375 -0.375 2.6031, -1.375 -0.625 2.6031, -1.625 -0.375 0.5, -1.375 -0.375 0.5, -1.375 -0.625 0.5, -1.625 -0.625 0.5, -1.5534 0.5534 2.8, -1.5534 0.4466 2.8, -1.4466 0.5534 2.8, -1.4466 0.4466 2.8, -1.625 0.625 2.6031, -1.625 0.375 2.6031, -1.375 0.625 2.6031, -1.375 0.375 2.6031, -1.625 0.625 0.5, -1.375 0.625 0.5, -1.375 0.375 0.5, -1.625 0.375 0.5, -1.5534 -1.515 -0.9284, -1.625 -1.3181 -1.0, -1.4466 -1.515 -0.9284, -1.375 -1.3181 -1.0, -1.4466 -1.515 -0.8216, -1.5534 -1.515 -0.8216, -1.375 -1.3181 -0.75, -1.625 -1.3181 -0.75, -1.625 -0.775 -1.0, -1.375 -0.775 -1.0, -1.375 -0.825 -0.75, -1.625 -0.825 -0.75, -1.625 -0.6715 -0.9864, -1.375 -0.6715 -0.9864, -1.625 -0.575 -0.9464, -1.375 -0.575 -0.9464, -1.625 -0.4922 -0.8828, -1.375 -0.4922 -0.8828, -1.625 -0.4286 -0.8, -1.375 -0.4286 -0.8, -1.625 -0.3886 -0.7035, -1.375 -0.3886 -0.7035, -1.625 -0.375 -0.6, -1.375 -0.375 -0.6, -1.375 -0.625 -0.55, -1.625 -0.625 -0.55, -1.375 -0.6318 -0.6018, -1.625 -0.6318 -0.6018, -1.375 -0.6518 -0.65, -1.625 -0.6518 -0.65, -1.375 -0.6836 -0.6914, -1.625 -0.6836 -0.6914, -1.375 -0.725 -0.7232, -1.625 -0.725 -0.7232, -1.375 -0.7732 -0.7432, -1.625 -0.7732 -0.7432, -1.375 -0.375 -0.5, -1.625 -0.375 -0.5, -1.625 -0.625 -0.5, -1.375 -0.625 -0.5, -1.5534 1.515 -0.8216, -1.625 1.3181 -0.75, -1.4466 1.515 -0.8216, -1.375 1.3181 -0.75, -1.4466 1.515 -0.9284, -1.5534 1.515 -0.9284, -1.375 1.3181 -1.0, -1.625 1.3181 -1.0, -1.625 0.825 -0.75, -1.375 0.825 -0.75, -1.375 0.775 -1.0, -1.625 0.775 -1.0, -1.375 0.375 -0.6, -1.625 0.375 -0.6, -1.625 0.3886 -0.7035, -1.375 0.3886 -0.7035, -1.625 0.4286 -0.8, -1.375 0.4286 -0.8, -1.625 0.4922 -0.8828, -1.375 0.4922 -0.8828, -1.625 0.575 -0.9464, -1.375 0.575 -0.9464, -1.625 0.6715 -0.9864, -1.375 0.6715 -0.9864, -1.375 0.7732 -0.7432, -1.625 0.7732 -0.7432, -1.375 0.725 -0.7232, -1.625 0.725 -0.7232, -1.375 0.6836 -0.6914, -1.625 0.6836 -0.6914, -1.375 0.6518 -0.65, -1.625 0.6518 -0.65, -1.375 0.6318 -0.6018, -1.625 0.6318 -0.6018, -1.375 0.625 -0.55, -1.625 0.625 -0.55, -1.375 0.625 -0.5, -1.625 0.625 -0.5, -1.625 0.375 -0.5, -1.375 0.375 -0.5, -0.5534 -0.4466 2.8, -0.5534 -0.5534 2.8, -0.4466 -0.4466 2.8, -0.4466 -0.5534 2.8, -0.625 -0.375 2.6031, -0.625 -0.625 2.6031, -0.375 -0.375 2.6031, -0.375 -0.625 2.6031, -0.625 -0.375 0.5, -0.375 -0.375 0.5, -0.375 -0.625 0.5, -0.625 -0.625 0.5, -0.5534 0.5534 2.8, -0.5534 0.4466 2.8, -0.4466 0.5534 2.8, -0.4466 0.4466 2.8, -0.625 0.625 2.6031, -0.625 0.375 2.6031, -0.375 0.625 2.6031, -0.375 0.375 2.6031, -0.625 0.625 0.5, -0.375 0.625 0.5, -0.375 0.375 0.5, -0.625 0.375 0.5, -0.5534 -1.515 -0.9284, -0.625 -1.3181 -1.0, -0.4466 -1.515 -0.9284, -0.375 -1.3181 -1.0, -0.4466 -1.515 -0.8216, -0.5534 -1.515 -0.8216, -0.375 -1.3181 -0.75, -0.625 -1.3181 -0.75, -0.625 -0.775 -1.0, -0.375 -0.775 -1.0, -0.375 -0.825 -0.75, -0.625 -0.825 -0.75, -0.625 -0.6715 -0.9864, -0.375 -0.6715 -0.9864, -0.625 -0.575 -0.9464, -0.375 -0.575 -0.9464, -0.625 -0.4922 -0.8828, -0.375 -0.4922 -0.8828, -0.625 -0.4286 -0.8, -0.375 -0.4286 -0.8, -0.625 -0.3886 -0.7035, -0.375 -0.3886 -0.7035, -0.625 -0.375 -0.6, -0.375 -0.375 -0.6, -0.375 -0.625 -0.55, -0.625 -0.625 -0.55, -0.375 -0.6318 -0.6018, -0.625 -0.6318 -0.6018, -0.375 -0.6518 -0.65, -0.625 -0.6518 -0.65, -0.375 -0.6836 -0.6914, -0.625 -0.6836 -0.6914, -0.375 -0.725 -0.7232, -0.625 -0.725 -0.7232, -0.375 -0.7732 -0.7432, -0.625 -0.7732 -0.7432, -0.375 -0.375 -0.5, -0.625 -0.375 -0.5, -0.625 -0.625 -0.5, -0.375 -0.625 -0.5, -0.5534 1.515 -0.8216, -0.625 1.3181 -0.75, -0.4466 1.515 -0.8216, -0.375 1.3181 -0.75, -0.4466 1.515 -0.9284, -0.5534 1.515 -0.9284, -0.375 1.3181 -1.0, -0.625 1.3181 -1.0, -0.625 0.825 -0.75, -0.375 0.825 -0.75, -0.375 0.775 -1.0, -0.625 0.775 -1.0, -0.375 0.375 -0.6, -0.625 0.375 -0.6, -0.625 0.3886 -0.7035, -0.375 0.3886 -0.7035, -0.625 0.4286 -0.8, -0.375 0.4286 -0.8, -0.625 0.4922 -0.8828, -0.375 0.4922 -0.8828, -0.625 0.575 -0.9464, -0.375 0.575 -0.9464, -0.625 0.6715 -0.9864, -0.375 0.6715 -0.9864, -0.375 0.7732 -0.7432, -0.625 0.7732 -0.7432, -0.375 0.725 -0.7232, -0.625 0.725 -0.7232, -0.375 0.6836 -0.6914, -0.625 0.6836 -0.6914, -0.375 0.6518 -0.65, -0.625 0.6518 -0.65, -0.375 0.6318 -0.6018, -0.625 0.6318 -0.6018, -0.375 0.625 -0.55, -0.625 0.625 -0.55, -0.375 0.625 -0.5, -0.625 0.625 -0.5, -0.625 0.375 -0.5, -0.375 0.375 -0.5, 0.4466 -0.4466 2.8, 0.4466 -0.5534 2.8, 0.5534 -0.4466 2.8, 0.5534 -0.5534 2.8, 0.375 -0.375 2.6031, 0.375 -0.625 2.6031, 0.625 -0.375 2.6031, 0.625 -0.625 2.6031, 0.375 -0.375 0.5, 0.625 -0.375 0.5, 0.625 -0.625 0.5, 0.375 -0.625 0.5, 0.4466 0.5534 2.8, 0.4466 0.4466 2.8, 0.5534 0.5534 2.8, 0.5534 0.4466 2.8, 0.375 0.625 2.6031, 0.375 0.375 2.6031, 0.625 0.625 2.6031, 0.625 0.375 2.6031, 0.375 0.625 0.5, 0.625 0.625 0.5, 0.625 0.375 0.5, 0.375 0.375 0.5, 0.4466 -1.515 -0.9284, 0.375 -1.3181 -1.0, 0.5534 -1.515 -0.9284, 0.625 -1.3181 -1.0, 0.5534 -1.515 -0.8216, 0.4466 -1.515 -0.8216, 0.625 -1.3181 -0.75, 0.375 -1.3181 -0.75, 0.375 -0.775 -1.0, 0.625 -0.775 -1.0, 0.625 -0.825 -0.75, 0.375 -0.825 -0.75, 0.375 -0.6715 -0.9864, 0.625 -0.6715 -0.9864, 0.375 -0.575 -0.9464, 0.625 -0.575 -0.9464, 0.375 -0.4922 -0.8828, 0.625 -0.4922 -0.8828, 0.375 -0.4286 -0.8, 0.625 -0.4286 -0.8, 0.375 -0.3886 -0.7035, 0.625 -0.3886 -0.7035, 0.375 -0.375 -0.6, 0.625 -0.375 -0.6, 0.625 -0.625 -0.55, 0.375 -0.625 -0.55, 0.625 -0.6318 -0.6018, 0.375 -0.6318 -0.6018, 0.625 -0.6518 -0.65, 0.375 -0.6518 -0.65, 0.625 -0.6836 -0.6914, 0.375 -0.6836 -0.6914, 0.625 -0.725 -0.7232, 0.375 -0.725 -0.7232, 0.625 -0.7732 -0.7432, 0.375 -0.7732 -0.7432, 0.625 -0.375 -0.5, 0.375 -0.375 -0.5, 0.375 -0.625 -0.5, 0.625 -0.625 -0.5, 0.4466 1.515 -0.8216, 0.375 1.3181 -0.75, 0.5534 1.515 -0.8216, 0.625 1.3181 -0.75, 0.5534 1.515 -0.9284, 0.4466 1.515 -0.9284, 0.625 1.3181 -1.0, 0.375 1.3181 -1.0, 0.375 0.825 -0.75, 0.625 0.825 -0.75, 0.625 0.775 -1.0, 0.375 0.775 -1.0, 0.625 0.375 -0.6, 0.375 0.375 -0.6, 0.375 0.3886 -0.7035, 0.625 0.3886 -0.7035, 0.375 0.4286 -0.8, 0.625 0.4286 -0.8, 0.375 0.4922 -0.8828, 0.625 0.4922 -0.8828, 0.375 0.575 -0.9464, 0.625 0.575 -0.9464, 0.375 0.6715 -0.9864, 0.625 0.6715 -0.9864, 0.625 0.7732 -0.7432, 0.375 0.7732 -0.7432, 0.625 0.725 -0.7232, 0.375 0.725 -0.7232, 0.625 0.6836 -0.6914, 0.375 0.6836 -0.6914, 0.625 0.6518 -0.65, 0.375 0.6518 -0.65, 0.625 0.6318 -0.6018, 0.375 0.6318 -0.6018, 0.625 0.625 -0.55, 0.375 0.625 -0.55, 0.625 0.625 -0.5, 0.375 0.625 -0.5, 0.375 0.375 -0.5, 0.625 0.375 -0.5, 1.4466 -0.4466 2.8, 1.4466 -0.5534 2.8, 1.5534 -0.4466 2.8, 1.5534 -0.5534 2.8, 1.375 -0.375 2.6031, 1.375 -0.625 2.6031, 1.625 -0.375 2.6031, 1.625 -0.625 2.6031, 1.375 -0.375 0.5, 1.625 -0.375 0.5, 1.625 -0.625 0.5, 1.375 -0.625 0.5, 1.4466 0.5534 2.8, 1.4466 0.4466 2.8, 1.5534 0.5534 2.8, 1.5534 0.4466 2.8, 1.375 0.625 2.6031, 1.375 0.375 2.6031, 1.625 0.625 2.6031, 1.625 0.375 2.6031, 1.375 0.625 0.5, 1.625 0.625 0.5, 1.625 0.375 0.5, 1.375 0.375 0.5, 1.4466 -1.515 -0.9284, 1.375 -1.3181 -1.0, 1.5534 -1.515 -0.9284, 1.625 -1.3181 -1.0, 1.5534 -1.515 -0.8216, 1.4466 -1.515 -0.8216, 1.625 -1.3181 -0.75, 1.375 -1.3181 -0.75, 1.375 -0.775 -1.0, 1.625 -0.775 -1.0, 1.625 -0.825 -0.75, 1.375 -0.825 -0.75, 1.375 -0.6715 -0.9864, 1.625 -0.6715 -0.9864, 1.375 -0.575 -0.9464, 1.625 -0.575 -0.9464, 1.375 -0.4922 -0.8828, 1.625 -0.4922 -0.8828, 1.375 -0.4286 -0.8, 1.625 -0.4286 -0.8, 1.375 -0.3886 -0.7035, 1.625 -0.3886 -0.7035, 1.375 -0.375 -0.6, 1.625 -0.375 -0.6, 1.625 -0.625 -0.55, 1.375 -0.625 -0.55, 1.625 -0.6318 -0.6018, 1.375 -0.6318 -0.6018, 1.625 -0.6518 -0.65, 1.375 -0.6518 -0.65, 1.625 -0.6836 -0.6914, 1.375 -0.6836 -0.6914, 1.625 -0.725 -0.7232, 1.375 -0.725 -0.7232, 1.625 -0.7732 -0.7432, 1.375 -0.7732 -0.7432, 1.625 -0.375 -0.5, 1.375 -0.375 -0.5, 1.375 -0.625 -0.5, 1.625 -0.625 -0.5, 1.4466 1.515 -0.8216, 1.375 1.3181 -0.75, 1.5534 1.515 -0.8216, 1.625 1.3181 -0.75, 1.5534 1.515 -0.9284, 1.4466 1.515 -0.9284, 1.625 1.3181 -1.0, 1.375 1.3181 -1.0, 1.375 0.825 -0.75, 1.625 0.825 -0.75, 1.625 0.775 -1.0, 1.375 0.775 -1.0, 1.625 0.375 -0.6, 1.375 0.375 -0.6, 1.375 0.3886 -0.7035, 1.625 0.3886 -0.7035, 1.375 0.4286 -0.8, 1.625 0.4286 -0.8, 1.375 0.4922 -0.8828, 1.625 0.4922 -0.8828, 1.375 0.575 -0.9464, 1.625 0.575 -0.9464, 1.375 0.6715 -0.9864, 1.625 0.6715 -0.9864, 1.625 0.7732 -0.7432, 1.375 0.7732 -0.7432, 1.625 0.725 -0.7232, 1.375 0.725 -0.7232, 1.625 0.6836 -0.6914, 1.375 0.6836 -0.6914, 1.625 0.6518 -0.65, 1.375 0.6518 -0.65, 1.625 0.6318 -0.6018, 1.375 0.6318 -0.6018, 1.625 0.625 -0.55, 1.375 0.625 -0.55, 1.625 0.625 -0.5, 1.375 0.625 -0.5, 1.375 0.375 -0.5, 1.625 0.375 -0.5, 2.4466 -0.4466 2.8, 2.4466 -0.5534 2.8, 2.5534 -0.4466 2.8, 2.5534 -0.5534 2.8, 2.375 -0.375 2.6031, 2.375 -0.625 2.6031, 2.625 -0.375 2.6031, 2.625 -0.625 2.6031, 2.375 -0.375 0.5, 2.625 -0.375 0.5, 2.625 -0.625 0.5, 2.375 -0.625 0.5, 2.4466 0.5534 2.8, 2.4466 0.4466 2.8, 2.5534 0.5534 2.8, 2.5534 0.4466 2.8, 2.375 0.625 2.6031, 2.375 0.375 2.6031, 2.625 0.625 2.6031, 2.625 0.375 2.6031, 2.375 0.625 0.5, 2.625 0.625 0.5, 2.625 0.375 0.5, 2.375 0.375 0.5, 2.4466 -1.515 -0.9284, 2.375 -1.3181 -1.0, 2.5534 -1.515 -0.9284, 2.625 -1.3181 -1.0, 2.5534 -1.515 -0.8216, 2.4466 -1.515 -0.8216, 2.625 -1.3181 -0.75, 2.375 -1.3181 -0.75, 2.375 -0.775 -1.0, 2.625 -0.775 -1.0, 2.625 -0.825 -0.75, 2.375 -0.825 -0.75, 2.375 -0.6715 -0.9864, 2.625 -0.6715 -0.9864, 2.375 -0.575 -0.9464, 2.625 -0.575 -0.9464, 2.375 -0.4922 -0.8828, 2.625 -0.4922 -0.8828, 2.375 -0.4286 -0.8, 2.625 -0.4286 -0.8, 2.375 -0.3886 -0.7035, 2.625 -0.3886 -0.7035, 2.375 -0.375 -0.6, 2.625 -0.375 -0.6, 2.625 -0.625 -0.55, 2.375 -0.625 -0.55, 2.625 -0.6318 -0.6018, 2.375 -0.6318 -0.6018, 2.625 -0.6518 -0.65, 2.375 -0.6518 -0.65, 2.625 -0.6836 -0.6914, 2.375 -0.6836 -0.6914, 2.625 -0.725 -0.7232, 2.375 -0.725 -0.7232, 2.625 -0.7732 -0.7432, 2.375 -0.7732 -0.7432, 2.625 -0.375 -0.5, 2.375 -0.375 -0.5, 2.375 -0.625 -0.5, 2.625 -0.625 -0.5, 2.4466 1.515 -0.8216, 2.375 1.3181 -0.75, 2.5534 1.515 -0.8216, 2.625 1.3181 -0.75, 2.5534 1.515 -0.9284, 2.4466 1.515 -0.9284, 2.625 1.3181 -1.0, 2.375 1.3181 -1.0, 2.375 0.825 -0.75, 2.625 0.825 -0.75, 2.625 0.775 -1.0, 2.375 0.775 -1.0, 2.625 0.375 -0.6, 2.375 0.375 -0.6, 2.375 0.3886 -0.7035, 2.625 0.3886 -0.7035, 2.375 0.4286 -0.8, 2.625 0.4286 -0.8, 2.375 0.4922 -0.8828, 2.625 0.4922 -0.8828, 2.375 0.575 -0.9464, 2.625 0.575 -0.9464, 2.375 0.6715 -0.9864, 2.625 0.6715 -0.9864, 2.625 0.7732 -0.7432, 2.375 0.7732 -0.7432, 2.625 0.725 -0.7232, 2.375 0.725 -0.7232, 2.625 0.6836 -0.6914, 2.375 0.6836 -0.6914, 2.625 0.6518 -0.65, 2.375 0.6518 -0.65, 2.625 0.6318 -0.6018, 2.375 0.6318 -0.6018, 2.625 0.625 -0.55, 2.375 0.625 -0.55, 2.625 0.625 -0.5, 2.375 0.625 -0.5, 2.375 0.375 -0.5, 2.625 0.375 -0.5, 3.4466 -0.4466 2.8, 3.4466 -0.5534 2.8, 3.5534 -0.4466 2.8, 3.5534 -0.5534 2.8, 3.375 -0.375 2.6031, 3.375 -0.625 2.6031, 3.625 -0.375 2.6031, 3.625 -0.625 2.6031, 3.375 -0.375 0.5, 3.625 -0.375 0.5, 3.625 -0.625 0.5, 3.375 -0.625 0.5, 3.4466 0.5534 2.8, 3.4466 0.4466 2.8, 3.5534 0.5534 2.8, 3.5534 0.4466 2.8, 3.375 0.625 2.6031, 3.375 0.375 2.6031, 3.625 0.625 2.6031, 3.625 0.375 2.6031, 3.375 0.625 0.5, 3.625 0.625 0.5, 3.625 0.375 0.5, 3.375 0.375 0.5, 3.4466 -1.515 -0.8216, 3.4466 -1.515 -0.9284, 3.5534 -1.515 -0.8216, 3.5534 -1.515 -0.9284, 3.625 -1.3181 -1.0, 3.375 -1.3181 -1.0, 3.375 -1.3181 -0.75, 3.625 -1.3181 -0.75, 3.375 -0.775 -1.0, 3.625 -0.775 -1.0, 3.625 -0.825 -0.75, 3.375 -0.825 -0.75, 3.375 -0.6715 -0.9864, 3.625 -0.6715 -0.9864, 3.375 -0.575 -0.9464, 3.625 -0.575 -0.9464, 3.375 -0.4922 -0.8828, 3.625 -0.4922 -0.8828, 3.375 -0.4286 -0.8, 3.625 -0.4286 -0.8, 3.375 -0.3886 -0.7035, 3.625 -0.3886 -0.7035, 3.375 -0.375 -0.6, 3.625 -0.375 -0.6, 3.625 -0.625 -0.55, 3.375 -0.625 -0.55, 3.625 -0.6318 -0.6018, 3.375 -0.6318 -0.6018, 3.625 -0.6518 -0.65, 3.375 -0.6518 -0.65, 3.625 -0.6836 -0.6914, 3.375 -0.6836 -0.6914, 3.625 -0.725 -0.7232, 3.375 -0.725 -0.7232, 3.625 -0.7732 -0.7432, 3.375 -0.7732 -0.7432, 3.625 -0.375 -0.5, 3.375 -0.375 -0.5, 3.375 -0.625 -0.5, 3.625 -0.625 -0.5, 3.375 1.3181 -0.75, 3.375 1.3181 -1.0, 3.375 0.825 -0.75, 3.375 0.775 -1.0, 3.375 0.7732 -0.7432, 3.375 0.6715 -0.9864, 3.375 0.725 -0.7232, 3.375 0.575 -0.9464, 3.375 0.6836 -0.6914, 3.375 0.4922 -0.8828, 3.375 0.6518 -0.65, 3.375 0.4286 -0.8, 3.375 0.6318 -0.6018, 3.375 0.3886 -0.7035, 3.375 0.625 -0.55, 3.375 0.375 -0.6, 3.375 0.625 -0.5, 3.375 0.375 -0.5, 3.625 0.625 -0.5, 3.625 0.375 -0.5, 3.625 0.625 -0.55, 3.625 0.375 -0.6, 3.625 0.6318 -0.6018, 3.625 0.3886 -0.7035, 3.625 0.6518 -0.65, 3.625 0.4286 -0.8, 3.625 0.6836 -0.6914, 3.625 0.4922 -0.8828, 3.625 0.725 -0.7232, 3.625 0.575 -0.9464, 3.625 0.7732 -0.7432, 3.625 0.6715 -0.9864, 3.625 0.825 -0.75, 3.625 0.775 -1.0, 3.625 1.3181 -0.75, 3.625 1.3181 -1.0, 3.4466 1.515 -0.9284, 3.4466 1.515 -0.8216, 3.5534 1.515 -0.9284, 3.5534 1.515 -0.8216, 3.5534 1.515 -0.8216
            ]
        }
        coordIndex [
            0,1,2,-1,2,1,3,-1,0,4,1,-1,1,4,5,-1,6,2,7,-1,7,2,3,-1,2,6,0,-1,0,6,4,-1,1,5,3,-1,3,5,7,-1,7,5,8,-1,8,5,9,-1,4,6,10,-1,10,6,11,-1,6,7,11,-1,11,7,8,-1,9,5,10,-1,10,5,4,-1,12,13,14,-1,14,13,15,-1,12,16,13,-1,13,16,17,-1,18,14,19,-1,19,14,15,-1,13,17,15,-1,15,17,19,-1,14,18,12,-1,12,18,16,-1,19,17,20,-1,20,17,21,-1,16,18,22,-1,22,18,23,-1,18,19,23,-1,23,19,20,-1,21,17,22,-1,22,17,16,-1,24,25,26,-1,26,25,27,-1,25,28,27,-1,27,28,29,-1,26,30,24,-1,24,30,31,-1,24,31,25,-1,25,31,28,-1,28,32,29,-1,29,32,33,-1,30,26,29,-1,29,26,27,-1,30,34,31,-1,31,34,35,-1,35,34,36,-1,35,36,37,-1,37,36,38,-1,37,38,39,-1,39,38,40,-1,39,40,41,-1,41,40,42,-1,41,42,43,-1,43,42,44,-1,43,44,45,-1,45,44,46,-1,45,46,47,-1,48,49,50,-1,50,49,51,-1,50,51,52,-1,52,51,53,-1,52,53,54,-1,54,53,55,-1,54,55,56,-1,56,55,57,-1,56,57,58,-1,58,57,59,-1,58,59,32,-1,32,59,33,-1,60,47,61,-1,61,47,46,-1,62,49,63,-1,63,49,48,-1,62,61,49,-1,49,61,46,-1,49,46,51,-1,51,46,44,-1,51,44,53,-1,53,44,42,-1,53,42,55,-1,55,42,40,-1,55,40,57,-1,57,40,38,-1,57,38,59,-1,59,38,36,-1,59,36,33,-1,33,36,34,-1,33,34,29,-1,29,34,30,-1,28,31,32,-1,32,31,35,-1,32,35,58,-1,58,35,37,-1,58,37,56,-1,56,37,39,-1,56,39,54,-1,54,39,41,-1,54,41,52,-1,52,41,43,-1,52,43,50,-1,50,43,45,-1,50,45,48,-1,48,45,47,-1,48,47,63,-1,63,47,60,-1,64,65,66,-1,66,65,67,-1,65,68,67,-1,67,68,69,-1,66,70,64,-1,64,70,71,-1,64,71,65,-1,65,71,68,-1,68,72,69,-1,69,72,73,-1,70,66,69,-1,69,66,67,-1,70,74,71,-1,71,74,75,-1,76,77,78,-1,76,78,79,-1,79,78,80,-1,79,80,81,-1,81,80,82,-1,81,82,83,-1,83,82,84,-1,83,84,85,-1,85,84,86,-1,85,86,87,-1,87,86,73,-1,87,73,72,-1,75,74,88,-1,88,74,89,-1,88,89,90,-1,90,89,91,-1,90,91,92,-1,92,91,93,-1,92,93,94,-1,94,93,95,-1,94,95,96,-1,96,95,97,-1,96,97,98,-1,98,97,99,-1,100,98,101,-1,101,98,99,-1,102,77,103,-1,103,77,76,-1,70,69,74,-1,74,69,73,-1,74,73,89,-1,89,73,86,-1,89,86,91,-1,91,86,84,-1,91,84,93,-1,93,84,82,-1,93,82,95,-1,95,82,80,-1,95,80,97,-1,97,80,78,-1,97,78,99,-1,99,78,77,-1,99,77,101,-1,101,77,102,-1,100,103,98,-1,98,103,76,-1,98,76,96,-1,96,76,79,-1,96,79,94,-1,94,79,81,-1,94,81,92,-1,92,81,83,-1,92,83,90,-1,90,83,85,-1,90,85,88,-1,88,85,87,-1,88,87,75,-1,75,87,72,-1,75,72,71,-1,71,72,68,-1,104,105,106,-1,106,105,107,-1,104,108,105,-1,105,108,109,-1,110,106,111,-1,111,106,107,-1,111,107,109,-1,109,107,105,-1,108,104,110,-1,110,104,106,-1,108,110,112,-1,112,110,113,-1,111,109,114,-1,114,109,115,-1,113,110,114,-1,114,110,111,-1,115,109,112,-1,112,109,108,-1,116,117,118,-1,118,117,119,-1,116,120,117,-1,117,120,121,-1,122,118,123,-1,123,118,119,-1,120,116,122,-1,122,116,118,-1,123,119,121,-1,121,119,117,-1,120,122,124,-1,124,122,125,-1,123,121,126,-1,126,121,127,-1,125,122,126,-1,126,122,123,-1,127,121,124,-1,124,121,120,-1,128,129,130,-1,130,129,131,-1,130,132,128,-1,128,132,133,-1,132,134,133,-1,133,134,135,-1,129,128,135,-1,135,128,133,-1,129,136,131,-1,131,136,137,-1,130,131,132,-1,132,131,134,-1,134,138,135,-1,135,138,139,-1,137,136,140,-1,137,140,141,-1,141,140,142,-1,141,142,143,-1,143,142,144,-1,143,144,145,-1,145,144,146,-1,145,146,147,-1,147,146,148,-1,147,148,149,-1,149,148,150,-1,149,150,151,-1,152,153,154,-1,154,153,155,-1,154,155,156,-1,156,155,157,-1,156,157,158,-1,158,157,159,-1,158,159,160,-1,160,159,161,-1,160,161,162,-1,162,161,163,-1,162,163,138,-1,138,163,139,-1,164,151,165,-1,165,151,150,-1,166,153,167,-1,167,153,152,-1,134,131,138,-1,138,131,137,-1,138,137,162,-1,162,137,141,-1,162,141,160,-1,160,141,143,-1,160,143,158,-1,158,143,145,-1,158,145,156,-1,156,145,147,-1,156,147,154,-1,154,147,149,-1,154,149,152,-1,152,149,151,-1,152,151,167,-1,167,151,164,-1,166,165,153,-1,153,165,150,-1,153,150,155,-1,155,150,148,-1,155,148,157,-1,157,148,146,-1,157,146,159,-1,159,146,144,-1,159,144,161,-1,161,144,142,-1,161,142,163,-1,163,142,140,-1,163,140,139,-1,139,140,136,-1,139,136,135,-1,135,136,129,-1,168,169,170,-1,170,169,171,-1,170,172,168,-1,168,172,173,-1,172,174,173,-1,173,174,175,-1,169,168,175,-1,175,168,173,-1,169,176,171,-1,171,176,177,-1,170,171,172,-1,172,171,174,-1,174,178,175,-1,175,178,179,-1,180,181,182,-1,180,182,183,-1,183,182,184,-1,183,184,185,-1,185,184,186,-1,185,186,187,-1,187,186,188,-1,187,188,189,-1,189,188,190,-1,189,190,191,-1,191,190,179,-1,191,179,178,-1,177,176,192,-1,192,176,193,-1,192,193,194,-1,194,193,195,-1,194,195,196,-1,196,195,197,-1,196,197,198,-1,198,197,199,-1,198,199,200,-1,200,199,201,-1,200,201,202,-1,202,201,203,-1,204,202,205,-1,205,202,203,-1,206,181,207,-1,207,181,180,-1,204,207,202,-1,202,207,180,-1,202,180,200,-1,200,180,183,-1,200,183,198,-1,198,183,185,-1,198,185,196,-1,196,185,187,-1,196,187,194,-1,194,187,189,-1,194,189,192,-1,192,189,191,-1,192,191,177,-1,177,191,178,-1,177,178,171,-1,171,178,174,-1,169,175,176,-1,176,175,179,-1,176,179,193,-1,193,179,190,-1,193,190,195,-1,195,190,188,-1,195,188,197,-1,197,188,186,-1,197,186,199,-1,199,186,184,-1,199,184,201,-1,201,184,182,-1,201,182,203,-1,203,182,181,-1,203,181,205,-1,205,181,206,-1,208,209,210,-1,210,209,211,-1,208,212,209,-1,209,212,213,-1,214,210,215,-1,215,210,211,-1,215,211,213,-1,213,211,209,-1,212,208,214,-1,214,208,210,-1,212,214,216,-1,216,214,217,-1,215,213,218,-1,218,213,219,-1,217,214,218,-1,218,214,215,-1,219,213,216,-1,216,213,212,-1,220,221,222,-1,222,221,223,-1,220,224,221,-1,221,224,225,-1,226,222,227,-1,227,222,223,-1,224,220,226,-1,226,220,222,-1,227,223,225,-1,225,223,221,-1,224,226,228,-1,228,226,229,-1,227,225,230,-1,230,225,231,-1,229,226,230,-1,230,226,227,-1,231,225,228,-1,228,225,224,-1,232,233,234,-1,234,233,235,-1,234,236,232,-1,232,236,237,-1,236,238,237,-1,237,238,239,-1,233,232,239,-1,239,232,237,-1,233,240,235,-1,235,240,241,-1,234,235,236,-1,236,235,238,-1,238,242,239,-1,239,242,243,-1,241,240,244,-1,241,244,245,-1,245,244,246,-1,245,246,247,-1,247,246,248,-1,247,248,249,-1,249,248,250,-1,249,250,251,-1,251,250,252,-1,251,252,253,-1,253,252,254,-1,253,254,255,-1,256,257,258,-1,258,257,259,-1,258,259,260,-1,260,259,261,-1,260,261,262,-1,262,261,263,-1,262,263,264,-1,264,263,265,-1,264,265,266,-1,266,265,267,-1,266,267,242,-1,242,267,243,-1,268,255,269,-1,269,255,254,-1,270,257,271,-1,271,257,256,-1,238,235,242,-1,242,235,241,-1,242,241,266,-1,266,241,245,-1,266,245,264,-1,264,245,247,-1,264,247,262,-1,262,247,249,-1,262,249,260,-1,260,249,251,-1,260,251,258,-1,258,251,253,-1,258,253,256,-1,256,253,255,-1,256,255,271,-1,271,255,268,-1,270,269,257,-1,257,269,254,-1,257,254,259,-1,259,254,252,-1,259,252,261,-1,261,252,250,-1,261,250,263,-1,263,250,248,-1,263,248,265,-1,265,248,246,-1,265,246,267,-1,267,246,244,-1,267,244,243,-1,243,244,240,-1,243,240,239,-1,239,240,233,-1,272,273,274,-1,274,273,275,-1,274,276,272,-1,272,276,277,-1,276,278,277,-1,277,278,279,-1,273,272,279,-1,279,272,277,-1,273,280,275,-1,275,280,281,-1,274,275,276,-1,276,275,278,-1,278,282,279,-1,279,282,283,-1,284,285,286,-1,284,286,287,-1,287,286,288,-1,287,288,289,-1,289,288,290,-1,289,290,291,-1,291,290,292,-1,291,292,293,-1,293,292,294,-1,293,294,295,-1,295,294,283,-1,295,283,282,-1,281,280,296,-1,296,280,297,-1,296,297,298,-1,298,297,299,-1,298,299,300,-1,300,299,301,-1,300,301,302,-1,302,301,303,-1,302,303,304,-1,304,303,305,-1,304,305,306,-1,306,305,307,-1,308,306,309,-1,309,306,307,-1,310,285,311,-1,311,285,284,-1,308,311,306,-1,306,311,284,-1,306,284,304,-1,304,284,287,-1,304,287,302,-1,302,287,289,-1,302,289,300,-1,300,289,291,-1,300,291,298,-1,298,291,293,-1,298,293,296,-1,296,293,295,-1,296,295,281,-1,281,295,282,-1,281,282,275,-1,275,282,278,-1,273,279,280,-1,280,279,283,-1,280,283,297,-1,297,283,294,-1,297,294,299,-1,299,294,292,-1,299,292,301,-1,301,292,290,-1,301,290,303,-1,303,290,288,-1,303,288,305,-1,305,288,286,-1,305,286,307,-1,307,286,285,-1,307,285,309,-1,309,285,310,-1,312,313,314,-1,314,313,315,-1,312,316,313,-1,313,316,317,-1,318,314,319,-1,319,314,315,-1,319,315,317,-1,317,315,313,-1,316,312,318,-1,318,312,314,-1,316,318,320,-1,320,318,321,-1,319,317,322,-1,322,317,323,-1,321,318,322,-1,322,318,319,-1,323,317,320,-1,320,317,316,-1,324,325,326,-1,326,325,327,-1,324,328,325,-1,325,328,329,-1,330,326,331,-1,331,326,327,-1,328,324,330,-1,330,324,326,-1,331,327,329,-1,329,327,325,-1,328,330,332,-1,332,330,333,-1,331,329,334,-1,334,329,335,-1,333,330,334,-1,334,330,331,-1,335,329,332,-1,332,329,328,-1,336,337,338,-1,338,337,339,-1,338,340,336,-1,336,340,341,-1,340,342,341,-1,341,342,343,-1,337,336,343,-1,343,336,341,-1,337,344,339,-1,339,344,345,-1,338,339,340,-1,340,339,342,-1,342,346,343,-1,343,346,347,-1,345,344,348,-1,345,348,349,-1,349,348,350,-1,349,350,351,-1,351,350,352,-1,351,352,353,-1,353,352,354,-1,353,354,355,-1,355,354,356,-1,355,356,357,-1,357,356,358,-1,357,358,359,-1,360,361,362,-1,362,361,363,-1,362,363,364,-1,364,363,365,-1,364,365,366,-1,366,365,367,-1,366,367,368,-1,368,367,369,-1,368,369,370,-1,370,369,371,-1,370,371,346,-1,346,371,347,-1,372,359,373,-1,373,359,358,-1,374,361,375,-1,375,361,360,-1,342,339,346,-1,346,339,345,-1,346,345,370,-1,370,345,349,-1,370,349,368,-1,368,349,351,-1,368,351,366,-1,366,351,353,-1,366,353,364,-1,364,353,355,-1,364,355,362,-1,362,355,357,-1,362,357,360,-1,360,357,359,-1,360,359,375,-1,375,359,372,-1,374,373,361,-1,361,373,358,-1,361,358,363,-1,363,358,356,-1,363,356,365,-1,365,356,354,-1,365,354,367,-1,367,354,352,-1,367,352,369,-1,369,352,350,-1,369,350,371,-1,371,350,348,-1,371,348,347,-1,347,348,344,-1,347,344,343,-1,343,344,337,-1,376,377,378,-1,378,377,379,-1,378,380,376,-1,376,380,381,-1,380,382,381,-1,381,382,383,-1,377,376,383,-1,383,376,381,-1,377,384,379,-1,379,384,385,-1,378,379,380,-1,380,379,382,-1,382,386,383,-1,383,386,387,-1,388,389,390,-1,388,390,391,-1,391,390,392,-1,391,392,393,-1,393,392,394,-1,393,394,395,-1,395,394,396,-1,395,396,397,-1,397,396,398,-1,397,398,399,-1,399,398,387,-1,399,387,386,-1,385,384,400,-1,400,384,401,-1,400,401,402,-1,402,401,403,-1,402,403,404,-1,404,403,405,-1,404,405,406,-1,406,405,407,-1,406,407,408,-1,408,407,409,-1,408,409,410,-1,410,409,411,-1,412,410,413,-1,413,410,411,-1,414,389,415,-1,415,389,388,-1,412,415,410,-1,410,415,388,-1,410,388,408,-1,408,388,391,-1,408,391,406,-1,406,391,393,-1,406,393,404,-1,404,393,395,-1,404,395,402,-1,402,395,397,-1,402,397,400,-1,400,397,399,-1,400,399,385,-1,385,399,386,-1,385,386,379,-1,379,386,382,-1,377,383,384,-1,384,383,387,-1,384,387,401,-1,401,387,398,-1,401,398,403,-1,403,398,396,-1,403,396,405,-1,405,396,394,-1,405,394,407,-1,407,394,392,-1,407,392,409,-1,409,392,390,-1,409,390,411,-1,411,390,389,-1,411,389,413,-1,413,389,414,-1,416,417,418,-1,418,417,419,-1,416,420,417,-1,417,420,421,-1,422,418,423,-1,423,418,419,-1,423,419,421,-1,421,419,417,-1,420,416,422,-1,422,416,418,-1,420,422,424,-1,424,422,425,-1,423,421,426,-1,426,421,427,-1,425,422,426,-1,426,422,423,-1,427,421,424,-1,424,421,420,-1,428,429,430,-1,430,429,431,-1,428,432,429,-1,429,432,433,-1,434,430,435,-1,435,430,431,-1,432,428,434,-1,434,428,430,-1,435,431,433,-1,433,431,429,-1,432,434,436,-1,436,434,437,-1,435,433,438,-1,438,433,439,-1,437,434,438,-1,438,434,435,-1,439,433,436,-1,436,433,432,-1,440,441,442,-1,442,441,443,-1,442,444,440,-1,440,444,445,-1,444,446,445,-1,445,446,447,-1,441,440,447,-1,447,440,445,-1,441,448,443,-1,443,448,449,-1,442,443,444,-1,444,443,446,-1,446,450,447,-1,447,450,451,-1,449,448,452,-1,449,452,453,-1,453,452,454,-1,453,454,455,-1,455,454,456,-1,455,456,457,-1,457,456,458,-1,457,458,459,-1,459,458,460,-1,459,460,461,-1,461,460,462,-1,461,462,463,-1,464,465,466,-1,466,465,467,-1,466,467,468,-1,468,467,469,-1,468,469,470,-1,470,469,471,-1,470,471,472,-1,472,471,473,-1,472,473,474,-1,474,473,475,-1,474,475,450,-1,450,475,451,-1,476,463,477,-1,477,463,462,-1,478,465,479,-1,479,465,464,-1,446,443,450,-1,450,443,449,-1,450,449,474,-1,474,449,453,-1,474,453,472,-1,472,453,455,-1,472,455,470,-1,470,455,457,-1,470,457,468,-1,468,457,459,-1,468,459,466,-1,466,459,461,-1,466,461,464,-1,464,461,463,-1,464,463,479,-1,479,463,476,-1,478,477,465,-1,465,477,462,-1,465,462,467,-1,467,462,460,-1,467,460,469,-1,469,460,458,-1,469,458,471,-1,471,458,456,-1,471,456,473,-1,473,456,454,-1,473,454,475,-1,475,454,452,-1,475,452,451,-1,451,452,448,-1,451,448,447,-1,447,448,441,-1,480,481,482,-1,482,481,483,-1,482,484,480,-1,480,484,485,-1,484,486,485,-1,485,486,487,-1,481,480,487,-1,487,480,485,-1,481,488,483,-1,483,488,489,-1,482,483,484,-1,484,483,486,-1,486,490,487,-1,487,490,491,-1,492,493,494,-1,492,494,495,-1,495,494,496,-1,495,496,497,-1,497,496,498,-1,497,498,499,-1,499,498,500,-1,499,500,501,-1,501,500,502,-1,501,502,503,-1,503,502,491,-1,503,491,490,-1,489,488,504,-1,504,488,505,-1,504,505,506,-1,506,505,507,-1,506,507,508,-1,508,507,509,-1,508,509,510,-1,510,509,511,-1,510,511,512,-1,512,511,513,-1,512,513,514,-1,514,513,515,-1,516,514,517,-1,517,514,515,-1,518,493,519,-1,519,493,492,-1,516,519,514,-1,514,519,492,-1,514,492,512,-1,512,492,495,-1,512,495,510,-1,510,495,497,-1,510,497,508,-1,508,497,499,-1,508,499,506,-1,506,499,501,-1,506,501,504,-1,504,501,503,-1,504,503,489,-1,489,503,490,-1,489,490,483,-1,483,490,486,-1,481,487,488,-1,488,487,491,-1,488,491,505,-1,505,491,502,-1,505,502,507,-1,507,502,500,-1,507,500,509,-1,509,500,498,-1,509,498,511,-1,511,498,496,-1,511,496,513,-1,513,496,494,-1,513,494,515,-1,515,494,493,-1,515,493,517,-1,517,493,518,-1,520,521,522,-1,522,521,523,-1,520,524,521,-1,521,524,525,-1,526,522,527,-1,527,522,523,-1,527,523,525,-1,525,523,521,-1,524,520,526,-1,526,520,522,-1,524,526,528,-1,528,526,529,-1,527,525,530,-1,530,525,531,-1,529,526,530,-1,530,526,527,-1,531,525,528,-1,528,525,524,-1,532,533,534,-1,534,533,535,-1,532,536,533,-1,533,536,537,-1,538,534,539,-1,539,534,535,-1,536,532,538,-1,538,532,534,-1,539,535,537,-1,537,535,533,-1,536,538,540,-1,540,538,541,-1,539,537,542,-1,542,537,543,-1,541,538,542,-1,542,538,539,-1,543,537,540,-1,540,537,536,-1,544,545,546,-1,546,545,547,-1,546,548,544,-1,544,548,549,-1,548,550,549,-1,549,550,551,-1,545,544,551,-1,551,544,549,-1,545,552,547,-1,547,552,553,-1,546,547,548,-1,548,547,550,-1,550,554,551,-1,551,554,555,-1,553,552,556,-1,553,556,557,-1,557,556,558,-1,557,558,559,-1,559,558,560,-1,559,560,561,-1,561,560,562,-1,561,562,563,-1,563,562,564,-1,563,564,565,-1,565,564,566,-1,565,566,567,-1,568,569,570,-1,570,569,571,-1,570,571,572,-1,572,571,573,-1,572,573,574,-1,574,573,575,-1,574,575,576,-1,576,575,577,-1,576,577,578,-1,578,577,579,-1,578,579,554,-1,554,579,555,-1,580,567,581,-1,581,567,566,-1,582,569,583,-1,583,569,568,-1,550,547,554,-1,554,547,553,-1,554,553,578,-1,578,553,557,-1,578,557,576,-1,576,557,559,-1,576,559,574,-1,574,559,561,-1,574,561,572,-1,572,561,563,-1,572,563,570,-1,570,563,565,-1,570,565,568,-1,568,565,567,-1,568,567,583,-1,583,567,580,-1,582,581,569,-1,569,581,566,-1,569,566,571,-1,571,566,564,-1,571,564,573,-1,573,564,562,-1,573,562,575,-1,575,562,560,-1,575,560,577,-1,577,560,558,-1,577,558,579,-1,579,558,556,-1,579,556,555,-1,555,556,552,-1,555,552,551,-1,551,552,545,-1,584,585,586,-1,586,585,587,-1,586,588,584,-1,584,588,589,-1,588,590,589,-1,589,590,591,-1,585,584,591,-1,591,584,589,-1,585,592,587,-1,587,592,593,-1,586,587,588,-1,588,587,590,-1,590,594,591,-1,591,594,595,-1,596,597,598,-1,596,598,599,-1,599,598,600,-1,599,600,601,-1,601,600,602,-1,601,602,603,-1,603,602,604,-1,603,604,605,-1,605,604,606,-1,605,606,607,-1,607,606,595,-1,607,595,594,-1,593,592,608,-1,608,592,609,-1,608,609,610,-1,610,609,611,-1,610,611,612,-1,612,611,613,-1,612,613,614,-1,614,613,615,-1,614,615,616,-1,616,615,617,-1,616,617,618,-1,618,617,619,-1,620,618,621,-1,621,618,619,-1,622,597,623,-1,623,597,596,-1,620,623,618,-1,618,623,596,-1,618,596,616,-1,616,596,599,-1,616,599,614,-1,614,599,601,-1,614,601,612,-1,612,601,603,-1,612,603,610,-1,610,603,605,-1,610,605,608,-1,608,605,607,-1,608,607,593,-1,593,607,594,-1,593,594,587,-1,587,594,590,-1,585,591,592,-1,592,591,595,-1,592,595,609,-1,609,595,606,-1,609,606,611,-1,611,606,604,-1,611,604,613,-1,613,604,602,-1,613,602,615,-1,615,602,600,-1,615,600,617,-1,617,600,598,-1,617,598,619,-1,619,598,597,-1,619,597,621,-1,621,597,622,-1,624,625,626,-1,626,625,627,-1,624,628,625,-1,625,628,629,-1,630,626,631,-1,631,626,627,-1,631,627,629,-1,629,627,625,-1,628,624,630,-1,630,624,626,-1,628,630,632,-1,632,630,633,-1,631,629,634,-1,634,629,635,-1,633,630,634,-1,634,630,631,-1,635,629,632,-1,632,629,628,-1,636,637,638,-1,638,637,639,-1,636,640,637,-1,637,640,641,-1,642,638,643,-1,643,638,639,-1,640,636,642,-1,642,636,638,-1,643,639,641,-1,641,639,637,-1,640,642,644,-1,644,642,645,-1,643,641,646,-1,646,641,647,-1,645,642,646,-1,646,642,643,-1,647,641,644,-1,644,641,640,-1,648,649,650,-1,650,649,651,-1,650,652,648,-1,648,652,653,-1,652,654,653,-1,653,654,655,-1,649,648,655,-1,655,648,653,-1,649,656,651,-1,651,656,657,-1,650,651,652,-1,652,651,654,-1,654,658,655,-1,655,658,659,-1,657,656,660,-1,657,660,661,-1,661,660,662,-1,661,662,663,-1,663,662,664,-1,663,664,665,-1,665,664,666,-1,665,666,667,-1,667,666,668,-1,667,668,669,-1,669,668,670,-1,669,670,671,-1,672,673,674,-1,674,673,675,-1,674,675,676,-1,676,675,677,-1,676,677,678,-1,678,677,679,-1,678,679,680,-1,680,679,681,-1,680,681,682,-1,682,681,683,-1,682,683,658,-1,658,683,659,-1,684,671,685,-1,685,671,670,-1,686,673,687,-1,687,673,672,-1,654,651,658,-1,658,651,657,-1,658,657,682,-1,682,657,661,-1,682,661,680,-1,680,661,663,-1,680,663,678,-1,678,663,665,-1,678,665,676,-1,676,665,667,-1,676,667,674,-1,674,667,669,-1,674,669,672,-1,672,669,671,-1,672,671,687,-1,687,671,684,-1,686,685,673,-1,673,685,670,-1,673,670,675,-1,675,670,668,-1,675,668,677,-1,677,668,666,-1,677,666,679,-1,679,666,664,-1,679,664,681,-1,681,664,662,-1,681,662,683,-1,683,662,660,-1,683,660,659,-1,659,660,656,-1,659,656,655,-1,655,656,649,-1,688,689,690,-1,690,689,691,-1,690,692,688,-1,688,692,693,-1,692,694,693,-1,693,694,695,-1,689,688,695,-1,695,688,693,-1,689,696,691,-1,691,696,697,-1,690,691,692,-1,692,691,694,-1,694,698,695,-1,695,698,699,-1,700,701,702,-1,700,702,703,-1,703,702,704,-1,703,704,705,-1,705,704,706,-1,705,706,707,-1,707,706,708,-1,707,708,709,-1,709,708,710,-1,709,710,711,-1,711,710,699,-1,711,699,698,-1,697,696,712,-1,712,696,713,-1,712,713,714,-1,714,713,715,-1,714,715,716,-1,716,715,717,-1,716,717,718,-1,718,717,719,-1,718,719,720,-1,720,719,721,-1,720,721,722,-1,722,721,723,-1,724,722,725,-1,725,722,723,-1,726,701,727,-1,727,701,700,-1,724,727,722,-1,722,727,700,-1,722,700,720,-1,720,700,703,-1,720,703,718,-1,718,703,705,-1,718,705,716,-1,716,705,707,-1,716,707,714,-1,714,707,709,-1,714,709,712,-1,712,709,711,-1,712,711,697,-1,697,711,698,-1,697,698,691,-1,691,698,694,-1,689,695,696,-1,696,695,699,-1,696,699,713,-1,713,699,710,-1,713,710,715,-1,715,710,708,-1,715,708,717,-1,717,708,706,-1,717,706,719,-1,719,706,704,-1,719,704,721,-1,721,704,702,-1,721,702,723,-1,723,702,701,-1,723,701,725,-1,725,701,726,-1,728,729,730,-1,730,729,731,-1,728,732,729,-1,729,732,733,-1,734,730,735,-1,735,730,731,-1,735,731,733,-1,733,731,729,-1,732,728,734,-1,734,728,730,-1,732,734,736,-1,736,734,737,-1,735,733,738,-1,738,733,739,-1,737,734,738,-1,738,734,735,-1,739,733,736,-1,736,733,732,-1,740,741,742,-1,742,741,743,-1,740,744,741,-1,741,744,745,-1,746,742,747,-1,747,742,743,-1,744,740,746,-1,746,740,742,-1,747,743,745,-1,745,743,741,-1,744,746,748,-1,748,746,749,-1,747,745,750,-1,750,745,751,-1,749,746,750,-1,750,746,747,-1,751,745,748,-1,748,745,744,-1,752,753,754,-1,754,753,755,-1,756,755,757,-1,757,755,753,-1,758,752,759,-1,759,752,754,-1,752,758,753,-1,753,758,757,-1,757,760,756,-1,756,760,761,-1,759,754,756,-1,756,754,755,-1,759,762,758,-1,758,762,763,-1,761,760,764,-1,761,764,765,-1,765,764,766,-1,765,766,767,-1,767,766,768,-1,767,768,769,-1,769,768,770,-1,769,770,771,-1,771,770,772,-1,771,772,773,-1,773,772,774,-1,773,774,775,-1,776,777,778,-1,778,777,779,-1,778,779,780,-1,780,779,781,-1,780,781,782,-1,782,781,783,-1,782,783,784,-1,784,783,785,-1,784,785,786,-1,786,785,787,-1,786,787,762,-1,762,787,763,-1,788,775,789,-1,789,775,774,-1,790,777,791,-1,791,777,776,-1,759,756,762,-1,762,756,761,-1,762,761,786,-1,786,761,765,-1,786,765,784,-1,784,765,767,-1,784,767,782,-1,782,767,769,-1,782,769,780,-1,780,769,771,-1,780,771,778,-1,778,771,773,-1,778,773,776,-1,776,773,775,-1,776,775,791,-1,791,775,788,-1,790,789,777,-1,777,789,774,-1,777,774,779,-1,779,774,772,-1,779,772,781,-1,781,772,770,-1,781,770,783,-1,783,770,768,-1,783,768,785,-1,785,768,766,-1,785,766,787,-1,787,766,764,-1,787,764,763,-1,763,764,760,-1,763,760,758,-1,758,760,757,-1,792,793,794,-1,794,793,795,-1,794,795,796,-1,796,795,797,-1,796,797,798,-1,798,797,799,-1,798,799,800,-1,800,799,801,-1,800,801,802,-1,802,801,803,-1,802,803,804,-1,804,803,805,-1,804,805,806,-1,806,805,807,-1,806,807,808,-1,808,807,809,-1,810,811,812,-1,812,811,813,-1,812,813,814,-1,814,813,815,-1,814,815,816,-1,816,815,817,-1,816,817,818,-1,818,817,819,-1,818,819,820,-1,820,819,821,-1,820,821,822,-1,822,821,823,-1,822,823,824,-1,824,823,825,-1,824,825,826,-1,826,825,827,-1,809,807,811,-1,811,807,813,-1,810,812,808,-1,808,812,806,-1,824,794,822,-1,822,794,796,-1,822,796,820,-1,820,796,798,-1,820,798,818,-1,818,798,800,-1,818,800,816,-1,816,800,802,-1,816,802,814,-1,814,802,804,-1,814,804,812,-1,812,804,806,-1,792,794,826,-1,826,794,824,-1,828,829,830,-1,830,829,831,-1,827,825,793,-1,793,825,795,-1,813,807,805,-1,813,805,815,-1,815,805,803,-1,815,803,817,-1,817,803,801,-1,817,801,819,-1,819,801,799,-1,819,799,821,-1,821,799,797,-1,821,797,823,-1,823,797,795,-1,823,795,825,-1,826,831,792,-1,792,831,829,-1,827,830,826,-1,826,830,831,-1,828,793,829,-1,829,793,792,-1,793,828,827,-1,827,828,830,-1,
        ]
    }
}
Shape{
    appearance Appearance {
        material  Material 	{
            diffuseColor 1.0 1.0 1.0
            specularColor 0.5019607843137255 0.5019607843137255 0.5019607843137255
            ambientIntensity 0.2
            transparency 0
            shininess 0.5
        }
    }
    geometry IndexedFaceSet {
        ccw TRUE
        solid FALSE
        coord DEF co Coordinate {
            point [
                -3.4372 -1.0039 -0.0676, -3.4372 -1.0 -0.0676, -3.4358 -1.0 -0.0808, -3.4358 -1.0039 -0.0808, -3.4325 -1.0 -0.0898, -3.4325 -1.0039 -0.0898, -3.4226 -1.0039 -0.0898, -3.4226 -1.0 -0.0898, -3.4262 -1.0 -0.0816, -3.4262 -1.0039 -0.0816, -3.4279 -1.0 -0.0725, -3.4279 -1.0039 -0.0725, -3.428 -1.0 -0.0691, -3.428 -1.0039 -0.0691, -3.4271 -1.0 -0.0617, -3.4271 -1.0039 -0.0617, -3.4251 -1.0 -0.0559, -3.4251 -1.0039 -0.0559, -3.4214 -1.0 -0.0505, -3.4214 -1.0039 -0.0505, -3.4195 -1.0 -0.0485, -3.4195 -1.0039 -0.0485, -3.4138 -1.0 -0.0445, -3.4138 -1.0039 -0.0445, -3.4073 -1.0 -0.042, -3.4073 -1.0039 -0.042, -3.3974 -1.0 -0.0407, -3.3974 -1.0039 -0.0407, -3.3967 -1.0 -0.0407, -3.3967 -1.0039 -0.0407, -3.3866 -1.0 -0.0418, -3.3866 -1.0039 -0.0418, -3.3794 -1.0 -0.0443, -3.3794 -1.0039 -0.0443, -3.3738 -1.0 -0.0481, -3.3738 -1.0039 -0.0481, -3.3726 -1.0 -0.0491, -3.3726 -1.0039 -0.0491, -3.3683 -1.0 -0.0542, -3.3683 -1.0039 -0.0542, -3.3653 -1.0 -0.0605, -3.3653 -1.0039 -0.0605, -3.3639 -1.0 -0.0674, -3.3639 -1.0039 -0.0674, -3.3637 -1.0 -0.0709, -3.3637 -1.0039 -0.0709, -3.3648 -1.0 -0.0804, -3.3648 -1.0039 -0.0804, -3.3678 -1.0 -0.0885, -3.3678 -1.0039 -0.0885, -3.3685 -1.0 -0.0898, -3.3685 -1.0039 -0.0898, -3.3577 -1.0039 -0.0898, -3.3577 -1.0 -0.0898, -3.3544 -1.0 -0.0708, -3.3544 -1.0039 -0.0708, -3.3544 -1.0039 -0.0716, -3.3553 -1.0 -0.0819, -3.3553 -1.0039 -0.0819, -3.3551 -1.0 -0.079, -3.3544 -1.0 -0.0716, -3.3551 -1.0 -0.0652, -3.3558 -1.0039 -0.0594, -3.3558 -1.0 -0.0594, -3.359 -1.0 -0.051, -3.359 -1.0039 -0.051, -3.3644 -1.0 -0.0432, -3.3644 -1.0039 -0.0432, -3.3662 -1.0 -0.0414, -3.3662 -1.0039 -0.0414, -3.3734 -1.0 -0.0358, -3.3788 -1.0 -0.0334, -3.3822 -1.0039 -0.0319, -3.3734 -1.0039 -0.0358, -3.3822 -1.0 -0.0319, -3.3925 -1.0 -0.03, -3.3925 -1.0039 -0.03, -3.3973 -1.0 -0.0298, -3.3973 -1.0039 -0.0298, -3.4096 -1.0 -0.0312, -3.4155 -1.0 -0.0334, -3.4181 -1.0039 -0.0344, -3.4096 -1.0039 -0.0312, -3.4181 -1.0 -0.0344, -3.425 -1.0 -0.039, -3.425 -1.0039 -0.039, -3.4263 -1.0 -0.0401, -3.4263 -1.0039 -0.0401, -3.4314 -1.0 -0.0462, -3.4314 -1.0039 -0.0462, -3.435 -1.0 -0.0537, -3.435 -1.0039 -0.0537, -3.4369 -1.0 -0.0623, -3.4369 -1.0039 -0.0623, -3.4267 -1.0039 -0.1489, -3.4358 -1.0039 -0.1489, -3.4267 -1.0 -0.1489, -3.4358 -1.0 -0.1489, -3.4267 -1.0 -0.1162, -3.4267 -1.0039 -0.1162, -3.4267 -1.0 -0.1378, -3.3998 -1.0039 -0.1162, -3.3998 -1.0 -0.1162, -3.3998 -1.0039 -0.1448, -3.3998 -1.0 -0.1378, -3.3998 -1.0 -0.1448, -3.3906 -1.0039 -0.1448, -3.3906 -1.0 -0.1448, -3.3906 -1.0 -0.1162, -3.3906 -1.0039 -0.1162, -3.3906 -1.0 -0.1378, -3.365 -1.0039 -0.1162, -3.365 -1.0 -0.1162, -3.365 -1.0039 -0.1471, -3.365 -1.0 -0.1378, -3.365 -1.0 -0.1471, -3.3558 -1.0039 -0.1471, -3.3558 -1.0 -0.1471, -3.3558 -1.0 -0.1058, -3.3558 -1.0039 -0.1058, -3.3558 -1.0 -0.1378, -3.4358 -1.0039 -0.1058, -3.4358 -1.0 -0.1058, -3.4358 -1.0 -0.1378, -3.3996 -1.0039 -0.2181, -3.4005 -1.0039 -0.2289, -3.3951 -1.0039 -0.2183, -3.3948 -1.0039 -0.2292, -3.3859 -1.0039 -0.2174, -3.3836 -1.0039 -0.2278, -3.3798 -1.0039 -0.2152, -3.376 -1.0039 -0.2249, -3.3752 -1.0039 -0.2122, -3.369 -1.0039 -0.2199, -3.3725 -1.0039 -0.2095, -3.3664 -1.0039 -0.2171, -3.3685 -1.0039 -0.2034, -3.3605 -1.0039 -0.2084, -3.366 -1.0039 -0.1964, -3.357 -1.0039 -0.1987, -3.365 -1.0039 -0.1864, -3.3558 -1.0039 -0.1869, -3.365 -1.0039 -0.1743, -3.3558 -1.0039 -0.164, -3.4267 -1.0039 -0.1743, -3.4358 -1.0039 -0.164, -3.4267 -1.0039 -0.186, -3.4358 -1.0039 -0.186, -3.4256 -1.0039 -0.1961, -3.4344 -1.0039 -0.1985, -3.4232 -1.0039 -0.203, -3.4311 -1.0039 -0.2079, -3.4197 -1.0039 -0.2083, -3.4259 -1.0039 -0.2157, -3.4183 -1.0039 -0.2098, -3.4246 -1.0039 -0.2171, -3.4131 -1.0039 -0.214, -3.418 -1.0039 -0.2228, -3.4071 -1.0039 -0.2166, -3.4097 -1.0039 -0.2269, -3.4358 -1.0 -0.186, -3.4358 -1.0 -0.164, -3.4344 -1.0 -0.1985, -3.4337 -1.0 -0.2007, -3.4311 -1.0 -0.2079, -3.4259 -1.0 -0.2157, -3.4246 -1.0 -0.2171, -3.418 -1.0 -0.2228, -3.4097 -1.0 -0.2269, -3.4005 -1.0 -0.2289, -3.3948 -1.0 -0.2292, -3.3836 -1.0 -0.2278, -3.376 -1.0 -0.2249, -3.369 -1.0 -0.2199, -3.3664 -1.0 -0.2171, -3.3558 -1.0 -0.1869, -3.3605 -1.0 -0.2084, -3.3577 -1.0 -0.2007, -3.357 -1.0 -0.1987, -3.3558 -1.0 -0.164, -3.365 -1.0 -0.1864, -3.365 -1.0 -0.1743, -3.4267 -1.0 -0.1743, -3.4267 -1.0 -0.186, -3.4183 -1.0 -0.2098, -3.4197 -1.0 -0.2083, -3.4232 -1.0 -0.203, -3.4256 -1.0 -0.1961, -3.3951 -1.0 -0.2183, -3.3996 -1.0 -0.2181, -3.4071 -1.0 -0.2166, -3.4131 -1.0 -0.214, -3.3725 -1.0 -0.2095, -3.3752 -1.0 -0.2122, -3.3798 -1.0 -0.2152, -3.3859 -1.0 -0.2174, -3.366 -1.0 -0.1964, -3.3685 -1.0 -0.2034, -3.3685 -1.0 -0.2034
            ]
        }
        coordIndex [
            0,1,2,-1,0,2,3,-1,3,2,4,-1,3,4,5,-1,6,5,7,-1,7,5,4,-1,6,7,8,-1,6,8,9,-1,9,8,10,-1,9,10,11,-1,11,10,12,-1,11,12,13,-1,13,12,14,-1,13,14,15,-1,15,14,16,-1,15,16,17,-1,17,16,18,-1,17,18,19,-1,19,18,20,-1,19,20,21,-1,21,20,22,-1,21,22,23,-1,23,22,24,-1,23,24,25,-1,25,24,26,-1,25,26,27,-1,27,26,28,-1,27,28,29,-1,29,28,30,-1,29,30,31,-1,31,30,32,-1,31,32,33,-1,33,32,34,-1,33,34,35,-1,35,34,36,-1,35,36,37,-1,37,36,38,-1,37,38,39,-1,39,38,40,-1,39,40,41,-1,41,40,42,-1,41,42,43,-1,43,42,44,-1,43,44,45,-1,45,44,46,-1,45,46,47,-1,47,46,48,-1,47,48,49,-1,49,48,50,-1,49,50,51,-1,52,51,53,-1,53,51,50,-1,54,55,56,-1,52,53,57,-1,52,57,58,-1,58,57,59,-1,58,59,56,-1,56,59,60,-1,56,60,54,-1,55,54,61,-1,55,61,62,-1,61,63,62,-1,62,63,64,-1,62,64,65,-1,65,64,66,-1,65,66,67,-1,67,66,68,-1,67,68,69,-1,69,68,70,-1,71,72,70,-1,70,72,73,-1,70,73,69,-1,71,74,72,-1,72,74,75,-1,72,75,76,-1,76,75,77,-1,76,77,78,-1,78,77,79,-1,80,81,79,-1,79,81,82,-1,79,82,78,-1,80,83,81,-1,81,83,84,-1,81,84,85,-1,85,84,86,-1,85,86,87,-1,87,86,88,-1,87,88,89,-1,89,88,90,-1,89,90,91,-1,91,90,92,-1,91,92,93,-1,93,92,1,-1,93,1,0,-1,49,51,52,-1,23,25,82,-1,31,33,73,-1,82,25,78,-1,73,33,69,-1,49,52,47,-1,47,52,58,-1,47,58,45,-1,45,58,56,-1,45,56,43,-1,43,56,55,-1,43,55,41,-1,41,55,62,-1,41,62,39,-1,5,6,3,-1,3,6,9,-1,3,9,0,-1,62,65,39,-1,39,65,67,-1,39,67,37,-1,37,67,69,-1,37,69,35,-1,35,69,33,-1,82,81,23,-1,23,81,85,-1,23,85,21,-1,21,85,87,-1,21,87,19,-1,19,87,89,-1,19,89,17,-1,17,89,91,-1,17,91,15,-1,15,91,93,-1,15,93,13,-1,13,93,0,-1,13,0,11,-1,11,0,9,-1,25,27,78,-1,78,27,29,-1,78,29,76,-1,76,29,31,-1,76,31,72,-1,72,31,73,-1,94,95,96,-1,96,95,97,-1,98,99,100,-1,100,99,94,-1,100,94,96,-1,101,99,102,-1,102,99,98,-1,101,102,103,-1,103,102,104,-1,103,104,105,-1,106,103,107,-1,107,103,105,-1,108,109,110,-1,110,109,106,-1,110,106,107,-1,111,109,112,-1,112,109,108,-1,111,112,113,-1,113,112,114,-1,113,114,115,-1,116,113,117,-1,117,113,115,-1,118,119,120,-1,120,119,116,-1,120,116,117,-1,121,119,122,-1,122,119,118,-1,121,122,95,-1,95,122,123,-1,95,123,97,-1,121,95,94,-1,94,99,121,-1,121,99,101,-1,121,101,119,-1,113,116,111,-1,111,116,119,-1,111,119,109,-1,109,119,101,-1,109,101,106,-1,106,101,103,-1,124,125,126,-1,126,125,127,-1,126,127,128,-1,128,127,129,-1,128,129,130,-1,130,129,131,-1,130,131,132,-1,132,131,133,-1,132,133,134,-1,134,133,135,-1,134,135,136,-1,136,135,137,-1,136,137,138,-1,138,137,139,-1,138,139,140,-1,140,139,141,-1,140,141,142,-1,142,141,143,-1,142,143,144,-1,144,143,145,-1,144,145,146,-1,146,145,147,-1,146,147,148,-1,148,147,149,-1,148,149,150,-1,150,149,151,-1,150,151,152,-1,152,151,153,-1,152,153,154,-1,154,153,155,-1,154,155,156,-1,156,155,157,-1,156,157,158,-1,158,157,159,-1,158,159,124,-1,124,159,125,-1,147,145,160,-1,160,145,161,-1,147,160,162,-1,147,162,149,-1,149,162,163,-1,149,163,151,-1,163,164,151,-1,151,164,165,-1,151,165,153,-1,153,165,166,-1,153,166,155,-1,155,166,167,-1,155,167,157,-1,157,167,168,-1,157,168,159,-1,159,168,169,-1,159,169,125,-1,125,169,170,-1,125,170,127,-1,127,170,171,-1,127,171,129,-1,129,171,172,-1,129,172,131,-1,131,172,173,-1,131,173,133,-1,133,173,174,-1,133,174,135,-1,175,141,139,-1,135,174,176,-1,135,176,137,-1,137,176,177,-1,137,177,139,-1,139,177,178,-1,139,178,175,-1,143,141,179,-1,179,141,175,-1,145,143,161,-1,161,143,179,-1,140,142,180,-1,180,142,181,-1,142,144,181,-1,181,144,182,-1,144,146,182,-1,182,146,183,-1,154,184,185,-1,154,185,152,-1,152,185,186,-1,152,186,150,-1,150,186,187,-1,150,187,148,-1,148,187,183,-1,148,183,146,-1,126,188,189,-1,126,189,124,-1,124,189,190,-1,124,190,158,-1,158,190,191,-1,158,191,156,-1,156,191,184,-1,156,184,154,-1,134,192,193,-1,134,193,132,-1,132,193,194,-1,132,194,130,-1,130,194,195,-1,130,195,128,-1,128,195,188,-1,128,188,126,-1,140,180,196,-1,140,196,138,-1,138,196,197,-1,138,197,136,-1,136,197,192,-1,136,192,134,-1,
        ]
    }
}
Shape{
    appearance Appearance {
        material  Material 	{
            diffuseColor 0.25098039215686274 0.25098039215686274 0.25098039215686274
            specularColor 0.2196078431372549 0.2196078431372549 0.2196078431372549
            ambientIntensity 0.2
            transparency 0
            shininess 0.5
        }
    }
    geometry IndexedFaceSet {
        ccw TRUE
        solid FALSE
        coord DEF co Coordinate {
            point [
                -3.365 -1.0 -0.1743, -3.4267 -1.0 -0.1743, -3.365 -1.0 -0.1864, -3.4267 -1.0 -0.186, -3.4256 -1.0 -0.1961, -3.4232 -1.0 -0.203, -3.4197 -1.0 -0.2083, -3.4183 -1.0 -0.2098, -3.4131 -1.0 -0.214, -3.4071 -1.0 -0.2166, -3.3996 -1.0 -0.2181, -3.3951 -1.0 -0.2183, -3.3859 -1.0 -0.2174, -3.3798 -1.0 -0.2152, -3.3752 -1.0 -0.2122, -3.3725 -1.0 -0.2095, -3.366 -1.0 -0.1964, -3.3685 -1.0 -0.2034, -3.3685 -1.0 -0.2034
            ]
        }
        coordIndex [
            0,1,2,-1,2,1,3,-1,2,3,4,-1,4,5,2,-1,2,5,6,-1,2,6,7,-1,7,8,2,-1,2,8,9,-1,2,9,10,-1,10,11,2,-1,2,11,12,-1,2,12,13,-1,13,14,2,-1,2,14,15,-1,2,15,16,-1,16,15,17,-1,
        ]
    }
}
Shape{
    appearance Appearance {
        material  Material 	{
            diffuseColor 1.0 1.0 1.0
            specularColor 0.5019607843137255 0.5019607843137255 0.5019607843137255
            ambientIntensity 0.2
            transparency 0
            shininess 0.5
        }
    }
    geometry IndexedFaceSet {
        ccw TRUE
        solid FALSE
        coord DEF co Coordinate {
            point [
                -3.4049 -1.0039 -0.256, -3.4139 -1.0039 -0.2528, -3.4049 -1.0039 -0.2829, -3.4139 -1.0039 -0.2861, -3.3716 -1.0039 -0.268, -3.3558 -1.0039 -0.2641, -3.4358 -1.0039 -0.2336, -3.4358 -1.0039 -0.2451, -3.3692 -1.0039 -0.2687, -3.366 -1.0039 -0.2693, -3.3558 -1.0039 -0.2752, -3.366 -1.0039 -0.2696, -3.3694 -1.0039 -0.2702, -3.3716 -1.0039 -0.2708, -3.4358 -1.0039 -0.3057, -3.4358 -1.0039 -0.2943, -3.3558 -1.0 -0.2752, -3.4358 -1.0 -0.3057, -3.3558 -1.0 -0.2641, -3.4358 -1.0 -0.2336, -3.3752 -1.0 -0.2567, -3.4358 -1.0 -0.2451, -3.4139 -1.0 -0.2528, -3.4139 -1.0 -0.2861, -3.4139 -1.0 -0.2567, -3.4358 -1.0 -0.2943, -3.4049 -1.0 -0.256, -3.4049 -1.0 -0.2829, -3.3716 -1.0 -0.2708, -3.366 -1.0 -0.2696, -3.3694 -1.0 -0.2702, -3.366 -1.0 -0.2693, -3.3716 -1.0 -0.268, -3.3692 -1.0 -0.2687, -3.3692 -1.0 -0.2687
            ]
        }
        coordIndex [
            0,1,2,-1,2,1,3,-1,4,5,0,-1,0,5,6,-1,0,6,1,-1,1,6,7,-1,4,8,5,-1,5,8,9,-1,5,9,10,-1,10,9,11,-1,10,11,12,-1,12,13,10,-1,10,13,2,-1,10,2,14,-1,14,2,3,-1,14,3,15,-1,10,14,16,-1,16,14,17,-1,5,10,18,-1,18,10,16,-1,19,6,20,-1,20,6,5,-1,20,5,18,-1,7,6,21,-1,21,6,19,-1,1,7,22,-1,22,7,21,-1,23,3,24,-1,24,3,1,-1,24,1,22,-1,15,3,25,-1,25,3,23,-1,14,15,17,-1,17,15,25,-1,0,2,26,-1,26,2,27,-1,2,13,27,-1,27,13,28,-1,11,29,30,-1,11,30,12,-1,12,30,28,-1,12,28,13,-1,11,9,29,-1,29,9,31,-1,4,32,33,-1,4,33,8,-1,8,33,31,-1,8,31,9,-1,4,0,32,-1,32,0,26,-1,
        ]
    }
}
Shape{
    appearance Appearance {
        material  Material 	{
            diffuseColor 0.25098039215686274 0.25098039215686274 0.25098039215686274
            specularColor 0.2196078431372549 0.2196078431372549 0.2196078431372549
            ambientIntensity 0.2
            transparency 0
            shininess 0.5
        }
    }
    geometry IndexedFaceSet {
        ccw TRUE
        solid FALSE
        coord DEF co Coordinate {
            point [
                -3.366 -1.0 -0.2696, -3.366 -1.0 -0.2693, -3.3694 -1.0 -0.2702, -3.3692 -1.0 -0.2687, -3.3716 -1.0 -0.2708, -3.3716 -1.0 -0.268, -3.4049 -1.0 -0.2829, -3.4049 -1.0 -0.256, -3.4049 -1.0 -0.256
            ]
        }
        coordIndex [
            0,1,2,-1,2,1,3,-1,2,3,4,-1,4,3,5,-1,4,5,6,-1,6,5,7,-1,
        ]
    }
}
Shape{
    appearance Appearance {
        material  Material 	{
            diffuseColor 1.0 1.0 1.0
            specularColor 0.5019607843137255 0.5019607843137255 0.5019607843137255
            ambientIntensity 0.2
            transparency 0
            shininess 0.5
        }
    }
    geometry IndexedFaceSet {
        ccw TRUE
        solid FALSE
        coord DEF co Coordinate {
            point [
                -3.5537 -1.0039 -0.0274, -3.5629 -1.0039 -0.0274, -3.5537 -1.0 -0.0274, -3.5629 -1.0 -0.0274, -3.5537 -1.0039 0.0053, -3.5537 -1.0 0.0053, -3.5268 -1.0039 0.0053, -3.5268 -1.0 0.0053, -3.5268 -1.0039 -0.0233, -3.5268 -1.0 -0.0233, -3.5176 -1.0039 -0.0233, -3.5176 -1.0 -0.0233, -3.5176 -1.0039 0.0053, -3.5176 -1.0 0.0053, -3.492 -1.0039 0.0053, -3.492 -1.0 0.0053, -3.492 -1.0039 -0.0256, -3.492 -1.0 -0.0256, -3.4828 -1.0039 -0.0256, -3.4828 -1.0 -0.0256, -3.4828 -1.0039 0.0157, -3.4828 -1.0 0.0157, -3.5629 -1.0039 0.0157, -3.5629 -1.0 0.0157, -3.5629 -1.0039 -0.0729, -3.5629 -1.0039 -0.083, -3.554 -1.0039 -0.0729, -3.5261 -1.0039 -0.083, -3.5265 -1.0039 -0.0729, -3.5384 -1.0039 -0.0512, -3.5373 -1.0039 -0.0536, -3.554 -1.0039 -0.0727, -3.5525 -1.0039 -0.0674, -3.5564 -1.0039 -0.0711, -3.5544 -1.0039 -0.0645, -3.536 -1.0039 -0.0595, -3.5342 -1.0039 -0.0729, -3.5396 -1.0039 -0.0729, -3.5403 -1.0039 -0.0729, -3.5448 -1.0039 -0.0723, -3.5484 -1.0039 -0.0708, -3.5513 -1.0039 -0.0686, -3.5221 -1.0039 -0.0726, -3.5185 -1.0039 -0.0822, -3.5185 -1.0039 -0.0715, -3.5139 -1.0039 -0.0806, -3.5164 -1.0039 -0.0704, -3.5107 -1.0039 -0.0786, -3.5148 -1.0039 -0.0688, -3.5081 -1.0039 -0.0759, -3.5137 -1.0039 -0.0671, -3.5062 -1.0039 -0.0726, -3.5129 -1.0039 -0.0647, -3.5049 -1.0039 -0.0684, -3.5125 -1.0039 -0.0613, -3.5044 -1.0039 -0.0623, -3.5131 -1.0039 -0.0553, -3.5054 -1.0039 -0.0528, -3.5153 -1.0039 -0.049, -3.5082 -1.0039 -0.0453, -3.5194 -1.0039 -0.0426, -3.5097 -1.0039 -0.0426, -3.5525 -1.0039 -0.0492, -3.5597 -1.0039 -0.0419, -3.5534 -1.0039 -0.0501, -3.5621 -1.0039 -0.0453, -3.5548 -1.0039 -0.0521, -3.5635 -1.0039 -0.0491, -3.5556 -1.0039 -0.0544, -3.5642 -1.0039 -0.0551, -3.556 -1.0039 -0.0577, -3.5636 -1.0039 -0.0603, -3.5556 -1.0039 -0.0615, -3.5622 -1.0039 -0.0644, -3.5598 -1.0039 -0.0679, -3.5451 -1.0039 -0.0473, -3.5462 -1.0039 -0.037, -3.5467 -1.0039 -0.0472, -3.5475 -1.0039 -0.037, -3.549 -1.0039 -0.0474, -3.5521 -1.0039 -0.0375, -3.5508 -1.0039 -0.0481, -3.5555 -1.0039 -0.0387, -3.5586 -1.0039 -0.0408, -3.5289 -1.0039 -0.056, -3.5307 -1.0039 -0.0486, -3.5395 -1.0039 -0.0498, -3.5329 -1.0039 -0.0442, -3.541 -1.0039 -0.0486, -3.5355 -1.0039 -0.0411, -3.5428 -1.0039 -0.0478, -3.5384 -1.0039 -0.0391, -3.5419 -1.0039 -0.0377, -3.5044 -1.0 -0.0623, -3.5054 -1.0 -0.0528, -3.5082 -1.0 -0.0453, -3.5097 -1.0 -0.0426, -3.5194 -1.0 -0.0426, -3.5153 -1.0 -0.049, -3.5131 -1.0 -0.0553, -3.5125 -1.0 -0.0613, -3.5129 -1.0 -0.0647, -3.5137 -1.0 -0.0671, -3.5148 -1.0 -0.0688, -3.5164 -1.0 -0.0704, -3.5185 -1.0 -0.0715, -3.5221 -1.0 -0.0726, -3.5265 -1.0 -0.0729, -3.5289 -1.0 -0.056, -3.5307 -1.0 -0.0486, -3.5329 -1.0 -0.0442, -3.5355 -1.0 -0.0411, -3.5384 -1.0 -0.0391, -3.5419 -1.0 -0.0377, -3.5462 -1.0 -0.037, -3.5475 -1.0 -0.037, -3.5521 -1.0 -0.0375, -3.5555 -1.0 -0.0387, -3.5586 -1.0 -0.0408, -3.5597 -1.0 -0.0419, -3.5642 -1.0 -0.0551, -3.5635 -1.0 -0.0493, -3.5635 -1.0 -0.0491, -3.5621 -1.0 -0.0453, -3.5636 -1.0 -0.0603, -3.5635 -1.0 -0.0606, -3.5622 -1.0 -0.0644, -3.5598 -1.0 -0.0679, -3.5564 -1.0 -0.0711, -3.554 -1.0 -0.0727, -3.554 -1.0 -0.0729, -3.5629 -1.0 -0.0729, -3.5629 -1.0 -0.083, -3.5261 -1.0 -0.083, -3.5185 -1.0 -0.0822, -3.5139 -1.0 -0.0806, -3.5107 -1.0 -0.0786, -3.5081 -1.0 -0.0759, -3.5062 -1.0 -0.0726, -3.5049 -1.0 -0.0684, -3.5395 -1.0 -0.0498, -3.5384 -1.0 -0.0512, -3.5373 -1.0 -0.0536, -3.536 -1.0 -0.0595, -3.5467 -1.0 -0.0472, -3.5451 -1.0 -0.0473, -3.5428 -1.0 -0.0478, -3.541 -1.0 -0.0486, -3.5534 -1.0 -0.0501, -3.5525 -1.0 -0.0492, -3.5508 -1.0 -0.0481, -3.549 -1.0 -0.0474, -3.556 -1.0 -0.0577, -3.5556 -1.0 -0.0544, -3.5548 -1.0 -0.0521, -3.5513 -1.0 -0.0686, -3.5525 -1.0 -0.0674, -3.5544 -1.0 -0.0645, -3.5556 -1.0 -0.0615, -3.5396 -1.0 -0.0729, -3.5403 -1.0 -0.0729, -3.5448 -1.0 -0.0723, -3.5484 -1.0 -0.0708, -3.5342 -1.0 -0.0729, -3.5342 -1.0 -0.0729
            ]
        }
        coordIndex [
            0,1,2,-1,2,1,3,-1,4,0,5,-1,5,0,2,-1,6,4,7,-1,7,4,5,-1,8,6,9,-1,9,6,7,-1,10,8,11,-1,11,8,9,-1,12,10,13,-1,13,10,11,-1,14,12,15,-1,15,12,13,-1,16,14,17,-1,17,14,15,-1,18,16,19,-1,19,16,17,-1,20,18,21,-1,21,18,19,-1,22,20,23,-1,23,20,21,-1,1,22,3,-1,3,22,23,-1,16,18,14,-1,14,18,20,-1,14,20,12,-1,1,0,22,-1,22,0,4,-1,22,4,6,-1,8,10,6,-1,6,10,12,-1,6,12,22,-1,22,12,20,-1,24,25,26,-1,26,25,27,-1,28,29,30,-1,31,32,33,-1,33,32,34,-1,35,36,27,-1,27,36,37,-1,37,38,27,-1,27,38,39,-1,27,39,26,-1,26,39,40,-1,26,40,31,-1,31,40,41,-1,31,41,32,-1,30,35,28,-1,28,35,27,-1,28,27,42,-1,42,27,43,-1,42,43,44,-1,44,43,45,-1,44,45,46,-1,46,45,47,-1,46,47,48,-1,48,47,49,-1,48,49,50,-1,50,49,51,-1,50,51,52,-1,52,51,53,-1,52,53,54,-1,54,53,55,-1,54,55,56,-1,56,55,57,-1,56,57,58,-1,58,57,59,-1,58,59,60,-1,60,59,61,-1,62,63,64,-1,64,63,65,-1,64,65,66,-1,66,65,67,-1,66,67,68,-1,68,67,69,-1,68,69,70,-1,70,69,71,-1,70,71,72,-1,72,71,73,-1,72,73,34,-1,34,73,74,-1,34,74,33,-1,75,76,77,-1,77,76,78,-1,77,78,79,-1,79,78,80,-1,79,80,81,-1,81,80,82,-1,81,82,62,-1,62,82,83,-1,62,83,63,-1,28,84,29,-1,29,84,85,-1,29,85,86,-1,86,85,87,-1,86,87,88,-1,88,87,89,-1,88,89,90,-1,90,89,91,-1,90,91,75,-1,75,91,92,-1,75,92,76,-1,55,93,94,-1,55,94,57,-1,57,94,95,-1,57,95,59,-1,59,95,96,-1,59,96,61,-1,60,61,97,-1,97,61,96,-1,60,97,98,-1,60,98,58,-1,58,98,99,-1,58,99,56,-1,56,99,100,-1,56,100,54,-1,54,100,101,-1,54,101,52,-1,52,101,102,-1,52,102,50,-1,50,102,103,-1,50,103,48,-1,48,103,104,-1,48,104,46,-1,46,104,105,-1,46,105,44,-1,44,105,106,-1,44,106,42,-1,42,106,107,-1,42,107,28,-1,84,28,108,-1,108,28,107,-1,84,108,109,-1,84,109,85,-1,85,109,110,-1,85,110,87,-1,87,110,111,-1,87,111,89,-1,89,111,112,-1,89,112,91,-1,91,112,113,-1,91,113,92,-1,92,113,114,-1,92,114,76,-1,76,114,115,-1,76,115,78,-1,78,115,116,-1,78,116,80,-1,80,116,117,-1,80,117,82,-1,82,117,118,-1,82,118,83,-1,83,118,119,-1,83,119,63,-1,120,69,121,-1,121,69,67,-1,121,67,122,-1,122,67,65,-1,122,65,123,-1,123,65,63,-1,123,63,119,-1,69,120,124,-1,69,124,71,-1,71,124,125,-1,71,125,73,-1,125,126,73,-1,73,126,127,-1,73,127,74,-1,74,127,128,-1,74,128,33,-1,33,128,129,-1,33,129,31,-1,26,31,130,-1,130,31,129,-1,24,26,131,-1,131,26,130,-1,25,24,132,-1,132,24,131,-1,27,25,133,-1,133,25,132,-1,27,133,134,-1,27,134,43,-1,43,134,135,-1,43,135,45,-1,45,135,136,-1,45,136,47,-1,47,136,137,-1,47,137,49,-1,49,137,138,-1,49,138,51,-1,51,138,139,-1,51,139,53,-1,53,139,93,-1,53,93,55,-1,86,140,141,-1,86,141,29,-1,29,141,142,-1,29,142,30,-1,30,142,143,-1,30,143,35,-1,77,144,145,-1,77,145,75,-1,75,145,146,-1,75,146,90,-1,90,146,147,-1,90,147,88,-1,88,147,140,-1,88,140,86,-1,64,148,149,-1,64,149,62,-1,62,149,150,-1,62,150,81,-1,81,150,151,-1,81,151,79,-1,79,151,144,-1,79,144,77,-1,70,152,153,-1,70,153,68,-1,68,153,154,-1,68,154,66,-1,66,154,148,-1,66,148,64,-1,41,155,156,-1,41,156,32,-1,32,156,157,-1,32,157,34,-1,34,157,158,-1,34,158,72,-1,72,158,152,-1,72,152,70,-1,37,159,160,-1,37,160,38,-1,38,160,161,-1,38,161,39,-1,39,161,162,-1,39,162,40,-1,40,162,155,-1,40,155,41,-1,37,36,159,-1,159,36,163,-1,36,35,163,-1,163,35,143,-1,
        ]
    }
}
Shape{
    appearance Appearance {
        material  Material 	{
            diffuseColor 0.25098039215686274 0.25098039215686274 0.25098039215686274
            specularColor 0.2196078431372549 0.2196078431372549 0.2196078431372549
            ambientIntensity 0.2
            transparency 0
            shininess 0.5
        }
    }
    geometry IndexedFaceSet {
        ccw TRUE
        solid FALSE
        coord DEF co Coordinate {
            point [
                -3.5342 -1.0 -0.0729, -3.536 -1.0 -0.0595, -3.5396 -1.0 -0.0729, -3.5373 -1.0 -0.0536, -3.5384 -1.0 -0.0512, -3.5395 -1.0 -0.0498, -3.5403 -1.0 -0.0729, -3.5448 -1.0 -0.0723, -3.541 -1.0 -0.0486, -3.5484 -1.0 -0.0708, -3.5525 -1.0 -0.0492, -3.5534 -1.0 -0.0501, -3.5525 -1.0 -0.0674, -3.5508 -1.0 -0.0481, -3.5544 -1.0 -0.0645, -3.5556 -1.0 -0.0615, -3.556 -1.0 -0.0577, -3.5428 -1.0 -0.0478, -3.5451 -1.0 -0.0473, -3.5513 -1.0 -0.0686, -3.5467 -1.0 -0.0472, -3.549 -1.0 -0.0474, -3.5548 -1.0 -0.0521, -3.5556 -1.0 -0.0544, -3.5556 -1.0 -0.0544
            ]
        }
        coordIndex [
            0,1,2,-1,2,1,3,-1,3,4,2,-1,2,4,5,-1,2,5,6,-1,6,5,7,-1,7,5,8,-1,7,8,9,-1,10,11,12,-1,10,12,13,-1,14,12,15,-1,15,12,16,-1,8,17,9,-1,9,17,18,-1,9,18,19,-1,19,18,20,-1,19,20,12,-1,12,20,21,-1,12,21,13,-1,11,22,12,-1,12,22,23,-1,12,23,16,-1,
        ]
    }
}
Shape{
    appearance Appearance {
        material  Material 	{
            diffuseColor 1.0 1.0 1.0
            specularColor 0.5019607843137255 0.5019607843137255 0.5019607843137255
            ambientIntensity 0.2
            transparency 0
            shininess 0.5
        }
    }
    geometry IndexedFaceSet {
        ccw TRUE
        solid FALSE
        coord DEF co Coordinate {
            point [
                -3.5505 -1.0 -0.0965, -3.5505 -1.0039 -0.0965, -3.5529 -1.0039 -0.1005, -3.556 -1.0039 -0.113, -3.556 -1.0 -0.113, -3.5553 -1.0 -0.1068, -3.5553 -1.0039 -0.1068, -3.5532 -1.0 -0.1012, -3.5529 -1.0 -0.1005, -3.5608 -1.0039 -0.0965, -3.5608 -1.0 -0.0965, -3.5634 -1.0039 -0.1037, -3.5625 -1.0 -0.1012, -3.5642 -1.0 -0.1121, -3.5642 -1.0039 -0.1121, -3.5635 -1.0 -0.1055, -3.5634 -1.0 -0.1037, -3.5635 -1.0 -0.1185, -3.5633 -1.0039 -0.1203, -3.5633 -1.0 -0.1203, -3.5614 -1.0 -0.1258, -3.5614 -1.0039 -0.1258, -3.5597 -1.0 -0.1287, -3.5597 -1.0039 -0.1287, -3.5571 -1.0 -0.1316, -3.5571 -1.0039 -0.1316, -3.5545 -1.0 -0.1335, -3.5545 -1.0039 -0.1335, -3.5513 -1.0 -0.1347, -3.5513 -1.0039 -0.1347, -3.5473 -1.0 -0.1352, -3.5473 -1.0039 -0.1352, -3.5436 -1.0 -0.1348, -3.5436 -1.0039 -0.1348, -3.5406 -1.0 -0.1337, -3.5406 -1.0039 -0.1337, -3.5378 -1.0 -0.1318, -3.5378 -1.0039 -0.1318, -3.5357 -1.0 -0.1294, -3.5357 -1.0039 -0.1294, -3.532 -1.0 -0.1228, -3.532 -1.0039 -0.1228, -3.5304 -1.0 -0.1189, -3.5304 -1.0039 -0.1189, -3.5277 -1.0 -0.1127, -3.5277 -1.0039 -0.1127, -3.5255 -1.0 -0.1091, -3.5255 -1.0039 -0.1091, -3.5244 -1.0 -0.1082, -3.5244 -1.0039 -0.1082, -3.5231 -1.0 -0.1074, -3.5231 -1.0039 -0.1074, -3.5215 -1.0 -0.107, -3.5215 -1.0039 -0.107, -3.5202 -1.0 -0.1069, -3.5202 -1.0039 -0.1069, -3.5186 -1.0 -0.1071, -3.5186 -1.0039 -0.1071, -3.5172 -1.0 -0.1076, -3.5172 -1.0039 -0.1076, -3.516 -1.0 -0.1085, -3.516 -1.0039 -0.1085, -3.5146 -1.0 -0.11, -3.5146 -1.0039 -0.11, -3.5134 -1.0 -0.1122, -3.5134 -1.0039 -0.1122, -3.5127 -1.0 -0.1149, -3.5127 -1.0039 -0.1149, -3.5125 -1.0 -0.1179, -3.5125 -1.0039 -0.1179, -3.5132 -1.0 -0.1245, -3.5132 -1.0039 -0.1245, -3.5153 -1.0 -0.1301, -3.5153 -1.0039 -0.1301, -3.5166 -1.0 -0.1324, -3.5166 -1.0039 -0.1324, -3.5069 -1.0039 -0.1324, -3.5069 -1.0 -0.1324, -3.5047 -1.0 -0.1244, -3.5047 -1.0039 -0.1244, -3.5044 -1.0 -0.1189, -3.5044 -1.0039 -0.1189, -3.5052 -1.0 -0.1115, -3.5052 -1.0039 -0.1115, -3.5071 -1.0 -0.106, -3.5071 -1.0039 -0.106, -3.5089 -1.0 -0.103, -3.5089 -1.0039 -0.103, -3.5106 -1.0 -0.1012, -3.5116 -1.0039 -0.1001, -3.5116 -1.0 -0.1001, -3.5143 -1.0 -0.0982, -3.5143 -1.0039 -0.0982, -3.5175 -1.0 -0.097, -3.5175 -1.0039 -0.097, -3.5211 -1.0 -0.0966, -3.5211 -1.0039 -0.0966, -3.525 -1.0 -0.097, -3.525 -1.0039 -0.097, -3.5281 -1.0 -0.0981, -3.5281 -1.0039 -0.0981, -3.5301 -1.0 -0.0995, -3.5301 -1.0039 -0.0995, -3.5377 -1.0 -0.1118, -3.5377 -1.0039 -0.1118, -3.535 -1.0039 -0.1058, -3.5319 -1.0 -0.1011, -3.5319 -1.0039 -0.1011, -3.5319 -1.0 -0.1012, -3.535 -1.0 -0.1058, -3.5405 -1.0 -0.1184, -3.5405 -1.0039 -0.1184, -3.5428 -1.0 -0.1223, -3.5428 -1.0039 -0.1223, -3.5441 -1.0 -0.1235, -3.5441 -1.0039 -0.1235, -3.5455 -1.0 -0.1243, -3.5455 -1.0039 -0.1243, -3.547 -1.0 -0.1248, -3.547 -1.0039 -0.1248, -3.5483 -1.0 -0.1249, -3.5483 -1.0039 -0.1249, -3.5502 -1.0 -0.1247, -3.5502 -1.0039 -0.1247, -3.5516 -1.0 -0.1242, -3.5516 -1.0039 -0.1242, -3.5529 -1.0 -0.1233, -3.5529 -1.0039 -0.1233, -3.5539 -1.0 -0.1221, -3.5539 -1.0039 -0.1221, -3.5545 -1.0 -0.1212, -3.5545 -1.0039 -0.1212, -3.5554 -1.0 -0.1186, -3.5554 -1.0039 -0.1186, -3.556 -1.0 -0.1135, -3.556 -1.0039 -0.1135, -3.5057 -1.0039 -0.1849, -3.5057 -1.0039 -0.1953, -3.5057 -1.0 -0.1849, -3.5057 -1.0 -0.1953, -3.5487 -1.0039 -0.1693, -3.5487 -1.0 -0.1693, -3.5514 -1.0 -0.1685, -3.5514 -1.0039 -0.1685, -3.5534 -1.0 -0.168, -3.5534 -1.0039 -0.168, -3.5534 -1.0039 -0.1678, -3.5534 -1.0 -0.1678, -3.5486 -1.0039 -0.1665, -3.5486 -1.0 -0.1665, -3.5057 -1.0 -0.1516, -3.5057 -1.0039 -0.1516, -3.5196 -1.0 -0.1564, -3.5057 -1.0039 -0.1404, -3.5057 -1.0 -0.1404, -3.5627 -1.0 -0.1628, -3.5627 -1.0039 -0.1628, -3.5465 -1.0 -0.1564, -3.5731 -1.0 -0.1584, -3.5731 -1.0039 -0.1584, -3.5635 -1.0 -0.1625, -3.5767 -1.0 -0.1565, -3.5767 -1.0039 -0.1565, -3.5767 -1.0 -0.1564, -3.5788 -1.0039 -0.1546, -3.5788 -1.0 -0.1546, -3.5801 -1.0 -0.1528, -3.5801 -1.0039 -0.1528, -3.5809 -1.0 -0.1506, -3.5809 -1.0039 -0.1506, -3.5812 -1.0 -0.1481, -3.5812 -1.0039 -0.1481, -3.5807 -1.0 -0.1445, -3.5807 -1.0039 -0.1445, -3.58 -1.0 -0.1425, -3.58 -1.0039 -0.1425, -3.589 -1.0039 -0.1425, -3.589 -1.0 -0.1425, -3.5897 -1.0 -0.1467, -3.5897 -1.0039 -0.1467, -3.5898 -1.0 -0.1489, -3.5898 -1.0039 -0.1489, -3.5893 -1.0 -0.153, -3.5893 -1.0039 -0.153, -3.588 -1.0 -0.1564, -3.5878 -1.0039 -0.1569, -3.5878 -1.0 -0.1569, -3.5854 -1.0 -0.1604, -3.5854 -1.0039 -0.1604, -3.5847 -1.0 -0.1611, -3.5847 -1.0039 -0.1611, -3.5803 -1.0 -0.1648, -3.5803 -1.0039 -0.1648, -3.5715 -1.0 -0.1693, -3.5715 -1.0039 -0.1693, -3.5635 -1.0 -0.1725, -3.5537 -1.0039 -0.2492, -3.5629 -1.0039 -0.2492, -3.5537 -1.0 -0.2492, -3.5629 -1.0 -0.2492, -3.5537 -1.0 -0.2164, -3.5537 -1.0039 -0.2164, -3.5537 -1.0 -0.2314, -3.5268 -1.0039 -0.2164, -3.5268 -1.0 -0.2164, -3.5268 -1.0 -0.2451, -3.5268 -1.0039 -0.2451, -3.5268 -1.0 -0.2314, -3.5176 -1.0039 -0.2451, -3.5176 -1.0 -0.2451, -3.5176 -1.0 -0.2164, -3.5176 -1.0039 -0.2164, -3.5176 -1.0 -0.2314, -3.492 -1.0039 -0.2164, -3.492 -1.0 -0.2164, -3.492 -1.0 -0.2473, -3.492 -1.0039 -0.2473, -3.492 -1.0 -0.2314, -3.4828 -1.0039 -0.2473, -3.4828 -1.0 -0.2473, -3.4828 -1.0 -0.2061, -3.4828 -1.0039 -0.2061, -3.4828 -1.0 -0.2314, -3.5629 -1.0039 -0.2061, -3.5629 -1.0 -0.2061, -3.5629 -1.0 -0.2314, -3.5537 -1.0039 -0.2862, -3.5629 -1.0039 -0.2863, -3.5526 -1.0039 -0.2964, -3.5615 -1.0039 -0.2988, -3.5502 -1.0039 -0.3033, -3.5581 -1.0039 -0.3081, -3.5467 -1.0039 -0.3086, -3.5529 -1.0039 -0.316, -3.5454 -1.0039 -0.31, -3.5516 -1.0039 -0.3174, -3.5401 -1.0039 -0.3142, -3.545 -1.0039 -0.3231, -3.5341 -1.0039 -0.3169, -3.5368 -1.0039 -0.3271, -3.5266 -1.0039 -0.3184, -3.5275 -1.0039 -0.3292, -3.5221 -1.0039 -0.3186, -3.5218 -1.0039 -0.3295, -3.5129 -1.0039 -0.3176, -3.5106 -1.0039 -0.3281, -3.5068 -1.0039 -0.3155, -3.503 -1.0039 -0.3251, -3.5022 -1.0039 -0.3125, -3.4961 -1.0039 -0.3201, -3.4995 -1.0039 -0.3098, -3.4934 -1.0039 -0.3174, -3.4955 -1.0039 -0.3037, -3.4875 -1.0039 -0.3086, -3.493 -1.0039 -0.2967, -3.484 -1.0039 -0.2989, -3.492 -1.0039 -0.2867, -3.4828 -1.0039 -0.2871, -3.492 -1.0039 -0.2746, -3.4828 -1.0039 -0.2643, -3.5537 -1.0039 -0.2746, -3.5629 -1.0039 -0.2643, -3.5629 -1.0 -0.2863, -3.5629 -1.0 -0.2643, -3.5615 -1.0 -0.2988, -3.5581 -1.0 -0.3081, -3.5529 -1.0 -0.316, -3.5516 -1.0 -0.3174, -3.545 -1.0 -0.3231, -3.5368 -1.0 -0.3271, -3.5275 -1.0 -0.3292, -3.5218 -1.0 -0.3295, -3.5106 -1.0 -0.3281, -3.503 -1.0 -0.3251, -3.4961 -1.0 -0.3201, -3.4934 -1.0 -0.3174, -3.4875 -1.0 -0.3086, -3.484 -1.0 -0.2989, -3.4828 -1.0 -0.2871, -3.4828 -1.0 -0.2643, -3.492 -1.0 -0.2867, -3.492 -1.0 -0.2746, -3.5537 -1.0 -0.2746, -3.5537 -1.0 -0.2862, -3.5454 -1.0 -0.31, -3.5467 -1.0 -0.3086, -3.5502 -1.0 -0.3033, -3.5526 -1.0 -0.2964, -3.5221 -1.0 -0.3186, -3.5266 -1.0 -0.3184, -3.5341 -1.0 -0.3169, -3.5401 -1.0 -0.3142, -3.4995 -1.0 -0.3098, -3.5022 -1.0 -0.3125, -3.5068 -1.0 -0.3155, -3.5129 -1.0 -0.3176, -3.493 -1.0 -0.2967, -3.4955 -1.0 -0.3037, -3.4955 -1.0 -0.3037
            ]
        }
        coordIndex [
            0,1,2,-1,3,4,5,-1,3,5,6,-1,6,5,7,-1,6,7,2,-1,2,7,8,-1,2,8,0,-1,9,1,10,-1,10,1,0,-1,9,10,11,-1,11,10,12,-1,13,14,15,-1,15,14,11,-1,15,11,16,-1,16,11,12,-1,13,17,14,-1,14,17,18,-1,17,19,18,-1,18,19,20,-1,18,20,21,-1,21,20,22,-1,21,22,23,-1,23,22,24,-1,23,24,25,-1,25,24,26,-1,25,26,27,-1,27,26,28,-1,27,28,29,-1,29,28,30,-1,29,30,31,-1,31,30,32,-1,31,32,33,-1,33,32,34,-1,33,34,35,-1,35,34,36,-1,35,36,37,-1,37,36,38,-1,37,38,39,-1,39,38,40,-1,39,40,41,-1,41,40,42,-1,41,42,43,-1,43,42,44,-1,43,44,45,-1,45,44,46,-1,45,46,47,-1,47,46,48,-1,47,48,49,-1,49,48,50,-1,49,50,51,-1,51,50,52,-1,51,52,53,-1,53,52,54,-1,53,54,55,-1,55,54,56,-1,55,56,57,-1,57,56,58,-1,57,58,59,-1,59,58,60,-1,59,60,61,-1,61,60,62,-1,61,62,63,-1,63,62,64,-1,63,64,65,-1,65,64,66,-1,65,66,67,-1,67,66,68,-1,67,68,69,-1,69,68,70,-1,69,70,71,-1,71,70,72,-1,71,72,73,-1,73,72,74,-1,73,74,75,-1,76,75,77,-1,77,75,74,-1,76,77,78,-1,76,78,79,-1,79,78,80,-1,79,80,81,-1,81,80,82,-1,81,82,83,-1,83,82,84,-1,83,84,85,-1,85,84,86,-1,85,86,87,-1,86,88,87,-1,87,88,89,-1,88,90,89,-1,89,90,91,-1,89,91,92,-1,92,91,93,-1,92,93,94,-1,94,93,95,-1,94,95,96,-1,96,95,97,-1,96,97,98,-1,98,97,99,-1,98,99,100,-1,100,99,101,-1,100,101,102,-1,103,104,105,-1,102,101,106,-1,102,106,107,-1,107,106,108,-1,107,108,105,-1,105,108,109,-1,105,109,103,-1,104,103,110,-1,104,110,111,-1,111,110,112,-1,111,112,113,-1,113,112,114,-1,113,114,115,-1,115,114,116,-1,115,116,117,-1,117,116,118,-1,117,118,119,-1,119,118,120,-1,119,120,121,-1,121,120,122,-1,121,122,123,-1,123,122,124,-1,123,124,125,-1,125,124,126,-1,125,126,127,-1,127,126,128,-1,127,128,129,-1,129,128,130,-1,129,130,131,-1,131,130,132,-1,131,132,133,-1,133,132,134,-1,133,134,135,-1,135,134,4,-1,135,4,3,-1,61,63,85,-1,85,63,83,-1,111,43,104,-1,104,43,45,-1,21,23,127,-1,127,23,25,-1,127,25,125,-1,125,25,27,-1,125,27,123,-1,123,27,29,-1,123,29,121,-1,121,29,31,-1,121,31,119,-1,119,31,33,-1,119,33,117,-1,117,33,35,-1,117,35,115,-1,115,35,37,-1,115,37,113,-1,113,37,39,-1,113,39,111,-1,111,39,41,-1,111,41,43,-1,14,3,11,-1,11,3,6,-1,11,6,9,-1,9,6,2,-1,9,2,1,-1,63,65,83,-1,83,65,67,-1,83,67,81,-1,81,67,69,-1,81,69,79,-1,79,69,71,-1,79,71,76,-1,76,71,73,-1,76,73,75,-1,127,129,21,-1,21,129,131,-1,21,131,18,-1,18,131,133,-1,18,133,14,-1,14,133,135,-1,14,135,3,-1,85,87,61,-1,61,87,89,-1,61,89,59,-1,59,89,92,-1,59,92,57,-1,57,92,94,-1,57,94,55,-1,55,94,96,-1,55,96,53,-1,53,96,98,-1,53,98,51,-1,51,98,100,-1,51,100,49,-1,49,100,102,-1,49,102,47,-1,47,102,107,-1,47,107,45,-1,45,107,105,-1,45,105,104,-1,136,137,138,-1,138,137,139,-1,140,136,141,-1,141,136,138,-1,140,141,142,-1,140,142,143,-1,143,142,144,-1,143,144,145,-1,146,145,147,-1,147,145,144,-1,148,146,149,-1,149,146,147,-1,150,151,152,-1,152,151,148,-1,152,148,149,-1,153,151,154,-1,154,151,150,-1,155,156,157,-1,157,156,153,-1,157,153,154,-1,158,159,160,-1,160,159,156,-1,160,156,155,-1,159,158,161,-1,159,161,162,-1,162,161,163,-1,162,163,164,-1,163,165,164,-1,164,165,166,-1,164,166,167,-1,167,166,168,-1,167,168,169,-1,169,168,170,-1,169,170,171,-1,171,170,172,-1,171,172,173,-1,173,172,174,-1,173,174,175,-1,176,175,177,-1,177,175,174,-1,176,177,178,-1,176,178,179,-1,179,178,180,-1,179,180,181,-1,181,180,182,-1,181,182,183,-1,183,182,184,-1,183,184,185,-1,184,186,185,-1,185,186,187,-1,185,187,188,-1,188,187,189,-1,188,189,190,-1,190,189,191,-1,190,191,192,-1,192,191,193,-1,192,193,194,-1,139,137,195,-1,195,137,194,-1,195,194,193,-1,143,145,194,-1,137,136,194,-1,194,136,140,-1,194,140,143,-1,151,153,148,-1,148,153,156,-1,148,156,146,-1,192,162,190,-1,190,162,164,-1,175,176,173,-1,173,176,179,-1,173,179,171,-1,171,179,181,-1,171,181,169,-1,169,181,183,-1,169,183,167,-1,167,183,185,-1,167,185,164,-1,164,185,188,-1,164,188,190,-1,145,146,194,-1,194,146,156,-1,194,156,192,-1,192,156,159,-1,192,159,162,-1,196,197,198,-1,198,197,199,-1,200,201,202,-1,202,201,196,-1,202,196,198,-1,203,201,204,-1,204,201,200,-1,205,206,207,-1,207,206,203,-1,207,203,204,-1,208,206,209,-1,209,206,205,-1,210,211,212,-1,212,211,208,-1,212,208,209,-1,213,211,214,-1,214,211,210,-1,215,216,217,-1,217,216,213,-1,217,213,214,-1,218,216,219,-1,219,216,215,-1,220,221,222,-1,222,221,218,-1,222,218,219,-1,223,221,224,-1,224,221,220,-1,199,197,225,-1,225,197,223,-1,225,223,224,-1,216,218,213,-1,213,218,221,-1,213,221,211,-1,197,196,223,-1,223,196,201,-1,223,201,203,-1,206,208,203,-1,203,208,211,-1,203,211,223,-1,223,211,221,-1,226,227,228,-1,228,227,229,-1,228,229,230,-1,230,229,231,-1,230,231,232,-1,232,231,233,-1,232,233,234,-1,234,233,235,-1,234,235,236,-1,236,235,237,-1,236,237,238,-1,238,237,239,-1,238,239,240,-1,240,239,241,-1,240,241,242,-1,242,241,243,-1,242,243,244,-1,244,243,245,-1,244,245,246,-1,246,245,247,-1,246,247,248,-1,248,247,249,-1,248,249,250,-1,250,249,251,-1,250,251,252,-1,252,251,253,-1,252,253,254,-1,254,253,255,-1,254,255,256,-1,256,255,257,-1,256,257,258,-1,258,257,259,-1,258,259,260,-1,260,259,261,-1,260,261,226,-1,226,261,227,-1,227,261,262,-1,262,261,263,-1,227,262,264,-1,227,264,229,-1,229,264,265,-1,229,265,231,-1,231,265,266,-1,231,266,233,-1,233,266,267,-1,233,267,235,-1,235,267,268,-1,235,268,237,-1,237,268,269,-1,237,269,239,-1,239,269,270,-1,239,270,241,-1,241,270,271,-1,241,271,243,-1,243,271,272,-1,243,272,245,-1,245,272,273,-1,245,273,247,-1,247,273,274,-1,247,274,249,-1,249,274,275,-1,249,275,251,-1,251,275,276,-1,251,276,253,-1,253,276,277,-1,253,277,255,-1,255,277,278,-1,255,278,257,-1,259,257,279,-1,279,257,278,-1,261,259,263,-1,263,259,279,-1,256,258,280,-1,280,258,281,-1,258,260,281,-1,281,260,282,-1,260,226,282,-1,282,226,283,-1,234,284,285,-1,234,285,232,-1,232,285,286,-1,232,286,230,-1,230,286,287,-1,230,287,228,-1,228,287,283,-1,228,283,226,-1,242,288,289,-1,242,289,240,-1,240,289,290,-1,240,290,238,-1,238,290,291,-1,238,291,236,-1,236,291,284,-1,236,284,234,-1,250,292,293,-1,250,293,248,-1,248,293,294,-1,248,294,246,-1,246,294,295,-1,246,295,244,-1,244,295,288,-1,244,288,242,-1,256,280,296,-1,256,296,254,-1,254,296,297,-1,254,297,252,-1,252,297,292,-1,252,292,250,-1,
        ]
    }
}
Shape{
    appearance Appearance {
        material  Material 	{
            diffuseColor 0.25098039215686274 0.25098039215686274 0.25098039215686274
            specularColor 0.2196078431372549 0.2196078431372549 0.2196078431372549
            ambientIntensity 0.2
            transparency 0
            shininess 0.5
        }
    }
    geometry IndexedFaceSet {
        ccw TRUE
        solid FALSE
        coord DEF co Coordinate {
            point [
                -3.492 -1.0 -0.2746, -3.5537 -1.0 -0.2746, -3.492 -1.0 -0.2867, -3.5537 -1.0 -0.2862, -3.5526 -1.0 -0.2964, -3.5502 -1.0 -0.3033, -3.5467 -1.0 -0.3086, -3.5454 -1.0 -0.31, -3.5401 -1.0 -0.3142, -3.5341 -1.0 -0.3169, -3.5266 -1.0 -0.3184, -3.5221 -1.0 -0.3186, -3.5129 -1.0 -0.3176, -3.5068 -1.0 -0.3155, -3.5022 -1.0 -0.3125, -3.4995 -1.0 -0.3098, -3.493 -1.0 -0.2967, -3.4955 -1.0 -0.3037, -3.4955 -1.0 -0.3037
            ]
        }
        coordIndex [
            0,1,2,-1,2,1,3,-1,2,3,4,-1,4,5,2,-1,2,5,6,-1,2,6,7,-1,7,8,2,-1,2,8,9,-1,2,9,10,-1,10,11,2,-1,2,11,12,-1,2,12,13,-1,13,14,2,-1,2,14,15,-1,2,15,16,-1,16,15,17,-1,
        ]
    }
}
Shape{
    appearance Appearance {
        material  Material 	{
            diffuseColor 1.0 1.0 1.0
            specularColor 0.5019607843137255 0.5019607843137255 0.5019607843137255
            ambientIntensity 0.2
            transparency 0
            shininess 0.5
        }
    }
    geometry IndexedFaceSet {
        ccw TRUE
        solid FALSE
        coord DEF co Coordinate {
            point [
                -3.5319 -1.0039 -0.3563, -3.541 -1.0039 -0.353, -3.5319 -1.0039 -0.3832, -3.541 -1.0039 -0.3864, -3.4986 -1.0039 -0.3683, -3.4828 -1.0039 -0.3644, -3.5629 -1.0039 -0.3339, -3.5629 -1.0039 -0.3453, -3.4962 -1.0039 -0.369, -3.493 -1.0039 -0.3696, -3.4828 -1.0039 -0.3755, -3.493 -1.0039 -0.3698, -3.4964 -1.0039 -0.3705, -3.4986 -1.0039 -0.3711, -3.5629 -1.0039 -0.406, -3.5629 -1.0039 -0.3945, -3.4828 -1.0 -0.3755, -3.5629 -1.0 -0.406, -3.4828 -1.0 -0.3644, -3.5629 -1.0 -0.3339, -3.5629 -1.0 -0.3453, -3.541 -1.0 -0.353, -3.541 -1.0 -0.3864, -3.5629 -1.0 -0.3945, -3.5319 -1.0 -0.3563, -3.5319 -1.0 -0.3832, -3.4986 -1.0 -0.3711, -3.493 -1.0 -0.3698, -3.4964 -1.0 -0.3705, -3.493 -1.0 -0.3696, -3.4986 -1.0 -0.3683, -3.4962 -1.0 -0.369, -3.4962 -1.0 -0.369
            ]
        }
        coordIndex [
            0,1,2,-1,2,1,3,-1,4,5,0,-1,0,5,6,-1,0,6,1,-1,1,6,7,-1,4,8,5,-1,5,8,9,-1,5,9,10,-1,10,9,11,-1,10,11,12,-1,12,13,10,-1,10,13,2,-1,10,2,14,-1,14,2,3,-1,14,3,15,-1,10,14,16,-1,16,14,17,-1,5,10,18,-1,18,10,16,-1,6,5,19,-1,19,5,18,-1,7,6,20,-1,20,6,19,-1,1,7,21,-1,21,7,20,-1,3,1,22,-1,22,1,21,-1,15,3,23,-1,23,3,22,-1,14,15,17,-1,17,15,23,-1,0,2,24,-1,24,2,25,-1,2,13,25,-1,25,13,26,-1,11,27,28,-1,11,28,12,-1,12,28,26,-1,12,26,13,-1,11,9,27,-1,27,9,29,-1,4,30,31,-1,4,31,8,-1,8,31,29,-1,8,29,9,-1,4,0,30,-1,30,0,24,-1,
        ]
    }
}
Shape{
    appearance Appearance {
        material  Material 	{
            diffuseColor 0.25098039215686274 0.25098039215686274 0.25098039215686274
            specularColor 0.2196078431372549 0.2196078431372549 0.2196078431372549
            ambientIntensity 0.2
            transparency 0
            shininess 0.5
        }
    }
    geometry IndexedFaceSet {
        ccw TRUE
        solid FALSE
        coord DEF co Coordinate {
            point [
                -3.493 -1.0 -0.3698, -3.493 -1.0 -0.3696, -3.4964 -1.0 -0.3705, -3.4962 -1.0 -0.369, -3.4986 -1.0 -0.3711, -3.4986 -1.0 -0.3683, -3.5319 -1.0 -0.3832, -3.5319 -1.0 -0.3563, -3.5319 -1.0 -0.3563
            ]
        }
        coordIndex [
            0,1,2,-1,2,1,3,-1,2,3,4,-1,4,3,5,-1,4,5,6,-1,6,5,7,-1,
        ]
    }
}
Shape{
    appearance Appearance {
        material  Material 	{
            diffuseColor 1.0 1.0 1.0
            specularColor 0.5019607843137255 0.5019607843137255 0.5019607843137255
            ambientIntensity 0.2
            transparency 0
            shininess 0.5
        }
    }
    geometry IndexedFaceSet {
        ccw TRUE
        solid FALSE
        coord DEF co Coordinate {
            point [
                -3.546 -1.0039 0.3436, -3.5404 -1.0039 0.3433, -3.5238 -1.0039 0.3744, -3.4253 -1.0039 0.3848, -3.4184 -1.0039 0.3721, -3.3832 -1.0039 0.3747, -3.3815 -1.0039 0.3391, -3.4231 -1.0039 0.3215, -3.405 -1.0039 0.3127, -3.5923 -1.0039 0.3509, -3.5836 -1.0039 0.3618, -3.573 -1.0039 0.37, -3.4869 -1.0039 0.3126, -3.4863 -1.0039 0.3209, -3.5229 -1.0039 0.327, -3.3804 -1.0039 0.3522, -3.5227 -1.0039 0.3167, -3.5245 -1.0039 0.3114, -3.5381 -1.0039 0.264, -3.5276 -1.0039 0.3069, -3.5317 -1.0039 0.3032, -3.496 -1.0039 0.1843, -3.4658 -1.0039 0.2019, -3.5056 -1.0039 0.2782, -3.5221 -1.0039 0.3215, -3.522 -1.0039 0.3737, -3.5351 -1.0039 0.3417, -3.5103 -1.0039 0.3672, -3.5304 -1.0039 0.3387, -3.4998 -1.0039 0.3575, -3.528 -1.0039 0.3365, -3.4921 -1.0039 0.3457, -3.4906 -1.0039 0.299, -3.5248 -1.0039 0.332, -3.4876 -1.0039 0.333, -3.5364 -1.0039 0.3007, -3.5417 -1.0039 0.2994, -3.5438 -1.0039 0.264, -3.5469 -1.0039 0.2994, -3.4396 -1.0039 0.1655, -3.4396 -1.0039 0.1609, -3.4089 -1.0039 0.1376, -3.4409 -1.0039 0.1502, -3.4098 -1.0039 0.1349, -3.4447 -1.0039 0.1403, -3.4834 -1.0039 0.0812, -3.4647 -1.0039 0.0839, -3.4685 -1.0039 0.1193, -3.3679 -1.0039 0.3274, -3.3898 -1.0039 0.3, -3.3565 -1.0039 0.3141, -3.3787 -1.0039 0.2848, -3.3479 -1.0039 0.3002, -3.5174 -1.0039 0.3853, -3.5598 -1.0039 0.3822, -3.562 -1.0039 0.375, -3.4149 -1.0039 0.3581, -3.4145 -1.0039 0.3516, -3.3807 -1.0039 0.3457, -3.4158 -1.0039 0.3399, -3.4201 -1.0039 0.3271, -3.4973 -1.0039 0.2871, -3.4586 -1.0039 0.1245, -3.4473 -1.0039 0.0909, -3.4508 -1.0039 0.1315, -3.4312 -1.0039 0.1025, -3.4181 -1.0039 0.118, -3.5375 -1.0039 0.1023, -3.5155 -1.0039 0.1294, -3.5506 -1.0039 0.1177, -3.5222 -1.0039 0.1379, -3.5591 -1.0039 0.1351, -3.5267 -1.0039 0.1481, -3.5631 -1.0039 0.1541, -3.5284 -1.0039 0.1575, -3.5631 -1.0039 0.1877, -3.5284 -1.0039 0.1831, -3.5626 -1.0039 0.1909, -3.3914 -1.0039 0.3958, -3.4041 -1.0039 0.4139, -3.4349 -1.0039 0.3952, -3.4077 -1.0039 0.4177, -3.4465 -1.0039 0.4027, -3.4253 -1.0039 0.4314, -3.4593 -1.0039 0.4072, -3.4795 -1.0039 0.1168, -3.484 -1.0039 0.1165, -3.5037 -1.0039 0.0838, -3.4948 -1.0039 0.1178, -3.5217 -1.0039 0.091, -3.505 -1.0039 0.1217, -3.5139 -1.0039 0.1279, -3.3639 -1.0039 0.1683, -3.3899 -1.0039 0.1908, -3.3856 -1.0039 0.1496, -3.4051 -1.0039 0.1779, -3.4235 -1.0039 0.1691, -3.5635 -1.0039 0.3327, -3.5657 -1.0039 0.3276, -3.5982 -1.0039 0.3379, -3.5665 -1.0039 0.3224, -3.6006 -1.0039 0.3246, -3.5665 -1.0039 0.3215, -3.6007 -1.0039 0.3209, -3.5658 -1.0039 0.3158, -3.5994 -1.0039 0.3087, -3.5638 -1.0039 0.3108, -3.5949 -1.0039 0.2959, -3.5607 -1.0039 0.3065, -3.5873 -1.0039 0.2844, -3.5572 -1.0039 0.3034, -3.5769 -1.0039 0.2747, -3.5524 -1.0039 0.3008, -3.5643 -1.0039 0.2678, -3.5503 -1.0039 0.2643, -3.3378 -1.0039 0.2739, -3.3712 -1.0039 0.2662, -3.3343 -1.0039 0.2458, -3.3684 -1.0039 0.2452, -3.3367 -1.0039 0.2223, -3.3708 -1.0039 0.2258, -3.3468 -1.0039 0.1937, -3.3777 -1.0039 0.2079, -3.3888 -1.0039 0.192, -3.5601 -1.0039 0.3371, -3.5561 -1.0039 0.3403, -3.5513 -1.0039 0.3426, -3.5279 -1.0039 0.186, -3.5572 -1.0039 0.1997, -3.5585 -1.0039 0.1984, -3.4458 -1.0039 0.4405, -3.4672 -1.0039 0.4443, -3.4715 -1.0039 0.4086, -3.4726 -1.0039 0.4444, -3.4812 -1.0039 0.4077, -3.495 -1.0039 0.4417, -3.4951 -1.0039 0.4034, -3.5162 -1.0039 0.4335, -3.5073 -1.0039 0.3958, -3.5347 -1.0039 0.4205, -3.5498 -1.0039 0.4028, -3.5283 -1.0039 0.1843, -3.5611 -1.0039 0.1947, -3.5455 -1.0039 0.2042, -3.5497 -1.0039 0.2037, -3.5536 -1.0039 0.2022, -3.5284 -1.0039 0.191, -3.5299 -1.0039 0.1949, -3.5432 -1.0039 0.2041, -3.5324 -1.0039 0.1984, -3.535 -1.0039 0.2007, -3.5389 -1.0039 0.2029, -3.5278 -1.0039 0.1866, -3.4834 -1.0 0.0812, -3.4647 -1.0 0.0839, -3.46 -1.0 0.0858, -3.4473 -1.0 0.0909, -3.4312 -1.0 0.1025, -3.4181 -1.0 0.118, -3.4098 -1.0 0.1349, -3.4089 -1.0 0.1376, -3.3856 -1.0 0.1496, -3.3639 -1.0 0.1683, -3.3551 -1.0 0.1814, -3.3468 -1.0 0.1937, -3.3367 -1.0 0.2223, -3.3343 -1.0 0.2458, -3.3378 -1.0 0.2739, -3.3479 -1.0 0.3002, -3.3551 -1.0 0.3118, -3.3565 -1.0 0.3141, -3.3679 -1.0 0.3274, -3.3815 -1.0 0.3391, -3.3807 -1.0 0.3457, -3.3804 -1.0 0.3522, -3.3832 -1.0 0.3747, -3.3914 -1.0 0.3958, -3.4041 -1.0 0.4139, -3.4077 -1.0 0.4177, -3.4458 -1.0 0.4405, -3.4253 -1.0 0.4314, -3.46 -1.0 0.443, -3.4672 -1.0 0.4443, -3.4726 -1.0 0.4444, -3.495 -1.0 0.4417, -3.5162 -1.0 0.4335, -3.5347 -1.0 0.4205, -3.5498 -1.0 0.4028, -3.5598 -1.0 0.3822, -3.562 -1.0 0.375, -3.5635 -1.0 0.3743, -3.573 -1.0 0.37, -3.5836 -1.0 0.3618, -3.5923 -1.0 0.3509, -3.5952 -1.0 0.3444, -3.5982 -1.0 0.3379, -3.6006 -1.0 0.3246, -3.6007 -1.0 0.3209, -3.5438 -1.0 0.264, -3.5994 -1.0 0.3087, -3.5952 -1.0 0.2969, -3.5949 -1.0 0.2959, -3.5873 -1.0 0.2844, -3.5769 -1.0 0.2747, -3.5643 -1.0 0.2678, -3.5635 -1.0 0.2676, -3.5503 -1.0 0.2643, -3.5381 -1.0 0.264, -3.496 -1.0 0.1843, -3.4658 -1.0 0.2019, -3.5056 -1.0 0.2782, -3.4973 -1.0 0.2871, -3.4906 -1.0 0.299, -3.4869 -1.0 0.3126, -3.4863 -1.0 0.3209, -3.4876 -1.0 0.333, -3.4921 -1.0 0.3457, -3.4998 -1.0 0.3575, -3.5103 -1.0 0.3672, -3.522 -1.0 0.3737, -3.5238 -1.0 0.3744, -3.5174 -1.0 0.3853, -3.5073 -1.0 0.3958, -3.4951 -1.0 0.4034, -3.4812 -1.0 0.4077, -3.4715 -1.0 0.4086, -3.46 -1.0 0.4073, -3.4593 -1.0 0.4072, -3.4465 -1.0 0.4027, -3.4349 -1.0 0.3952, -3.4253 -1.0 0.3848, -3.4184 -1.0 0.3721, -3.4149 -1.0 0.3581, -3.4145 -1.0 0.3516, -3.4158 -1.0 0.3399, -3.4201 -1.0 0.3271, -3.4231 -1.0 0.3215, -3.405 -1.0 0.3127, -3.3898 -1.0 0.3, -3.3787 -1.0 0.2848, -3.3712 -1.0 0.2662, -3.3684 -1.0 0.2452, -3.3708 -1.0 0.2258, -3.3777 -1.0 0.2079, -3.3888 -1.0 0.192, -3.3899 -1.0 0.1908, -3.4051 -1.0 0.1779, -3.4235 -1.0 0.1691, -3.4396 -1.0 0.1655, -3.4396 -1.0 0.1609, -3.4409 -1.0 0.1502, -3.4447 -1.0 0.1403, -3.4508 -1.0 0.1315, -3.4586 -1.0 0.1245, -3.46 -1.0 0.1238, -3.4685 -1.0 0.1193, -3.4795 -1.0 0.1168, -3.484 -1.0 0.1165, -3.4948 -1.0 0.1178, -3.505 -1.0 0.1217, -3.5139 -1.0 0.1279, -3.5155 -1.0 0.1294, -3.5222 -1.0 0.1379, -3.5267 -1.0 0.1481, -3.5284 -1.0 0.1575, -3.5284 -1.0 0.1831, -3.5283 -1.0 0.1843, -3.5279 -1.0 0.186, -3.5278 -1.0 0.1866, -3.5284 -1.0 0.191, -3.5299 -1.0 0.1949, -3.5324 -1.0 0.1984, -3.535 -1.0 0.2007, -3.5389 -1.0 0.2029, -3.5432 -1.0 0.2041, -3.5455 -1.0 0.2042, -3.5497 -1.0 0.2037, -3.5536 -1.0 0.2022, -3.5572 -1.0 0.1997, -3.5585 -1.0 0.1984, -3.5611 -1.0 0.1947, -3.5626 -1.0 0.1909, -3.5631 -1.0 0.1877, -3.5631 -1.0 0.1541, -3.5591 -1.0 0.1351, -3.5506 -1.0 0.1177, -3.5375 -1.0 0.1023, -3.5217 -1.0 0.091, -3.5037 -1.0 0.0838, -3.5221 -1.0 0.3215, -3.5227 -1.0 0.3167, -3.5245 -1.0 0.3114, -3.5276 -1.0 0.3069, -3.5317 -1.0 0.3032, -3.5364 -1.0 0.3007, -3.5417 -1.0 0.2994, -3.5469 -1.0 0.2994, -3.5524 -1.0 0.3008, -3.5572 -1.0 0.3034, -3.5607 -1.0 0.3065, -3.5638 -1.0 0.3108, -3.5658 -1.0 0.3158, -3.5665 -1.0 0.3215, -3.5665 -1.0 0.3224, -3.5657 -1.0 0.3276, -3.5635 -1.0 0.3327, -3.5601 -1.0 0.3371, -3.5561 -1.0 0.3403, -3.5513 -1.0 0.3426, -3.546 -1.0 0.3436, -3.5404 -1.0 0.3433, -3.5351 -1.0 0.3417, -3.5304 -1.0 0.3387, -3.528 -1.0 0.3365, -3.5248 -1.0 0.332, -3.5229 -1.0 0.327, -3.5229 -1.0 0.327
            ]
        }
        coordIndex [
            0,1,2,-1,3,4,5,-1,6,7,8,-1,9,2,10,-1,10,2,11,-1,12,13,14,-1,5,4,15,-1,16,17,18,-1,18,17,19,-1,18,19,20,-1,21,22,18,-1,18,22,23,-1,18,23,16,-1,16,23,24,-1,2,1,25,-1,25,1,26,-1,25,26,27,-1,27,26,28,-1,27,28,29,-1,29,28,30,-1,29,30,31,-1,12,14,32,-1,30,33,31,-1,31,33,14,-1,31,14,34,-1,34,14,13,-1,20,35,18,-1,18,35,36,-1,18,36,37,-1,37,36,38,-1,39,40,41,-1,41,40,42,-1,41,42,43,-1,43,42,44,-1,45,46,47,-1,6,8,48,-1,48,8,49,-1,48,49,50,-1,50,49,51,-1,50,51,52,-1,53,54,2,-1,2,54,55,-1,2,55,11,-1,4,56,15,-1,15,56,57,-1,15,57,58,-1,58,57,59,-1,58,59,6,-1,6,59,60,-1,6,60,7,-1,24,23,14,-1,14,23,61,-1,14,61,32,-1,47,46,62,-1,62,46,63,-1,62,63,64,-1,64,63,65,-1,64,65,44,-1,44,65,66,-1,44,66,43,-1,67,68,69,-1,69,68,70,-1,69,70,71,-1,71,70,72,-1,71,72,73,-1,73,72,74,-1,73,74,75,-1,75,74,76,-1,75,76,77,-1,5,78,3,-1,3,78,79,-1,3,79,80,-1,80,79,81,-1,80,81,82,-1,82,81,83,-1,82,83,84,-1,47,85,45,-1,45,85,86,-1,45,86,87,-1,87,86,88,-1,87,88,89,-1,89,88,90,-1,89,90,67,-1,67,90,91,-1,67,91,68,-1,92,93,94,-1,94,93,95,-1,94,95,41,-1,41,95,96,-1,41,96,39,-1,97,9,98,-1,98,9,99,-1,98,99,100,-1,100,99,101,-1,100,101,102,-1,102,101,103,-1,102,103,104,-1,104,103,105,-1,104,105,106,-1,106,105,107,-1,106,107,108,-1,108,107,109,-1,108,109,110,-1,110,109,111,-1,110,111,112,-1,112,111,113,-1,112,113,38,-1,38,113,114,-1,38,114,37,-1,52,51,115,-1,115,51,116,-1,115,116,117,-1,117,116,118,-1,117,118,119,-1,119,118,120,-1,119,120,121,-1,121,120,122,-1,121,122,92,-1,92,122,123,-1,92,123,93,-1,97,124,9,-1,9,124,125,-1,9,125,2,-1,2,125,126,-1,2,126,0,-1,127,128,129,-1,83,130,84,-1,84,130,131,-1,84,131,132,-1,132,131,133,-1,132,133,134,-1,134,133,135,-1,134,135,136,-1,136,135,137,-1,136,137,138,-1,138,137,139,-1,138,139,53,-1,53,139,140,-1,53,140,54,-1,76,141,77,-1,77,141,127,-1,77,127,142,-1,142,127,129,-1,143,144,127,-1,127,144,145,-1,127,145,128,-1,146,147,148,-1,147,149,148,-1,148,149,150,-1,148,150,151,-1,143,127,148,-1,148,127,152,-1,148,152,146,-1,45,153,154,-1,45,154,46,-1,46,154,155,-1,46,155,63,-1,155,156,63,-1,63,156,157,-1,63,157,65,-1,65,157,158,-1,65,158,66,-1,66,158,159,-1,66,159,43,-1,43,159,160,-1,43,160,41,-1,41,160,161,-1,41,161,94,-1,94,161,162,-1,94,162,92,-1,121,92,163,-1,163,92,162,-1,163,164,121,-1,121,164,165,-1,121,165,119,-1,119,165,166,-1,119,166,117,-1,117,166,167,-1,117,167,115,-1,115,167,168,-1,115,168,52,-1,52,168,50,-1,50,168,169,-1,50,169,170,-1,50,170,171,-1,50,171,48,-1,48,171,172,-1,48,172,6,-1,6,172,173,-1,6,173,58,-1,58,173,174,-1,58,174,15,-1,15,174,175,-1,15,175,5,-1,5,175,176,-1,5,176,78,-1,78,176,177,-1,78,177,79,-1,79,177,178,-1,79,178,81,-1,179,83,180,-1,180,83,81,-1,180,81,178,-1,181,131,179,-1,179,131,130,-1,179,130,83,-1,181,182,131,-1,131,182,183,-1,131,183,133,-1,133,183,184,-1,133,184,135,-1,135,184,185,-1,135,185,137,-1,137,185,186,-1,137,186,139,-1,139,186,187,-1,139,187,140,-1,140,187,188,-1,140,188,54,-1,54,188,189,-1,54,189,55,-1,55,189,190,-1,55,190,11,-1,190,191,11,-1,11,191,192,-1,11,192,10,-1,10,192,193,-1,194,99,193,-1,193,99,9,-1,193,9,10,-1,194,195,99,-1,99,195,196,-1,99,196,101,-1,101,196,197,-1,101,197,103,-1,198,37,114,-1,103,197,199,-1,103,199,105,-1,105,199,200,-1,105,200,107,-1,200,201,107,-1,107,201,202,-1,107,202,109,-1,109,202,203,-1,109,203,111,-1,111,203,204,-1,111,204,113,-1,113,204,205,-1,113,205,114,-1,114,205,206,-1,114,206,198,-1,18,37,207,-1,207,37,198,-1,21,18,208,-1,208,18,207,-1,22,21,209,-1,209,21,208,-1,23,22,210,-1,210,22,209,-1,23,210,211,-1,23,211,61,-1,61,211,212,-1,61,212,32,-1,32,212,213,-1,32,213,12,-1,12,213,214,-1,12,214,13,-1,13,214,215,-1,13,215,34,-1,34,215,216,-1,34,216,31,-1,31,216,217,-1,31,217,29,-1,29,217,218,-1,29,218,27,-1,27,218,219,-1,27,219,25,-1,25,219,220,-1,25,220,2,-1,2,220,221,-1,2,221,53,-1,53,221,222,-1,53,222,138,-1,138,222,223,-1,138,223,136,-1,136,223,224,-1,136,224,134,-1,134,224,225,-1,134,225,132,-1,225,226,132,-1,132,226,84,-1,226,227,84,-1,84,227,228,-1,84,228,82,-1,82,228,229,-1,82,229,80,-1,80,229,230,-1,80,230,3,-1,3,230,231,-1,3,231,4,-1,4,231,232,-1,4,232,56,-1,56,232,233,-1,56,233,57,-1,57,233,234,-1,57,234,59,-1,59,234,235,-1,59,235,60,-1,60,235,236,-1,60,236,7,-1,7,236,237,-1,7,237,8,-1,8,237,238,-1,8,238,49,-1,49,238,239,-1,49,239,51,-1,51,239,240,-1,51,240,116,-1,116,240,241,-1,116,241,118,-1,118,241,242,-1,118,242,120,-1,120,242,243,-1,120,243,122,-1,122,243,244,-1,122,244,123,-1,123,244,245,-1,123,245,93,-1,93,245,246,-1,93,246,95,-1,95,246,247,-1,95,247,96,-1,96,247,248,-1,96,248,39,-1,40,39,249,-1,249,39,248,-1,40,249,250,-1,40,250,42,-1,42,250,251,-1,42,251,44,-1,44,251,252,-1,44,252,64,-1,64,252,253,-1,64,253,62,-1,62,253,254,-1,62,254,47,-1,254,255,47,-1,47,255,256,-1,47,256,85,-1,85,256,257,-1,85,257,86,-1,86,257,258,-1,86,258,88,-1,88,258,259,-1,88,259,90,-1,90,259,260,-1,90,260,91,-1,91,260,261,-1,91,261,68,-1,68,261,262,-1,68,262,70,-1,70,262,263,-1,70,263,72,-1,72,263,264,-1,72,264,74,-1,76,74,265,-1,265,74,264,-1,76,265,266,-1,76,266,141,-1,141,266,267,-1,141,267,127,-1,127,267,268,-1,127,268,152,-1,152,268,269,-1,152,269,146,-1,146,269,270,-1,146,270,147,-1,147,270,271,-1,147,271,149,-1,149,271,272,-1,149,272,150,-1,150,272,273,-1,150,273,151,-1,151,273,274,-1,151,274,148,-1,148,274,275,-1,148,275,143,-1,143,275,276,-1,143,276,144,-1,144,276,277,-1,144,277,145,-1,145,277,278,-1,145,278,128,-1,128,278,279,-1,128,279,129,-1,129,279,280,-1,129,280,142,-1,142,280,281,-1,142,281,77,-1,77,281,282,-1,77,282,75,-1,73,75,283,-1,283,75,282,-1,73,283,284,-1,73,284,71,-1,71,284,285,-1,71,285,69,-1,69,285,286,-1,69,286,67,-1,67,286,287,-1,67,287,89,-1,89,287,288,-1,89,288,87,-1,87,288,153,-1,87,153,45,-1,24,289,290,-1,24,290,16,-1,16,290,291,-1,16,291,17,-1,17,291,292,-1,17,292,19,-1,19,292,293,-1,19,293,20,-1,20,293,294,-1,20,294,35,-1,35,294,295,-1,35,295,36,-1,36,295,296,-1,36,296,38,-1,38,296,297,-1,38,297,112,-1,112,297,298,-1,112,298,110,-1,110,298,299,-1,110,299,108,-1,108,299,300,-1,108,300,106,-1,106,300,301,-1,106,301,104,-1,104,301,302,-1,104,302,102,-1,102,302,303,-1,102,303,100,-1,100,303,304,-1,100,304,98,-1,98,304,305,-1,98,305,97,-1,97,305,306,-1,97,306,124,-1,124,306,307,-1,124,307,125,-1,125,307,308,-1,125,308,126,-1,126,308,309,-1,126,309,0,-1,0,309,310,-1,0,310,1,-1,1,310,311,-1,1,311,26,-1,26,311,312,-1,26,312,28,-1,28,312,313,-1,28,313,30,-1,30,313,314,-1,30,314,33,-1,33,314,315,-1,33,315,14,-1,14,315,289,-1,14,289,24,-1,
        ]
    }
}
Shape{
    appearance Appearance {
        material  Material 	{
            diffuseColor 0.25098039215686274 0.25098039215686274 0.25098039215686274
            specularColor 0.2196078431372549 0.2196078431372549 0.2196078431372549
            ambientIntensity 0.2
            transparency 0
            shininess 0.5
        }
    }
    geometry IndexedFaceSet {
        ccw TRUE
        solid FALSE
        coord DEF co Coordinate {
            point [
                -3.5665 -1.0 0.3224, -3.528 -1.0 0.3365, -3.5304 -1.0 0.3387, -3.5658 -1.0 0.3158, -3.5638 -1.0 0.3108, -3.5227 -1.0 0.3167, -3.5221 -1.0 0.3215, -3.5229 -1.0 0.327, -3.5248 -1.0 0.332, -3.5513 -1.0 0.3426, -3.5561 -1.0 0.3403, -3.5601 -1.0 0.3371, -3.5665 -1.0 0.3215, -3.5351 -1.0 0.3417, -3.5404 -1.0 0.3433, -3.546 -1.0 0.3436, -3.5635 -1.0 0.3327, -3.5657 -1.0 0.3276, -3.5607 -1.0 0.3065, -3.5572 -1.0 0.3034, -3.5524 -1.0 0.3008, -3.5469 -1.0 0.2994, -3.5417 -1.0 0.2994, -3.5364 -1.0 0.3007, -3.5317 -1.0 0.3032, -3.5276 -1.0 0.3069, -3.5245 -1.0 0.3114, -3.5245 -1.0 0.3114
            ]
        }
        coordIndex [
            0,1,2,-1,3,4,5,-1,6,7,0,-1,0,7,8,-1,0,8,1,-1,9,10,2,-1,2,10,11,-1,6,0,5,-1,5,0,12,-1,5,12,3,-1,13,14,2,-1,2,14,15,-1,2,15,9,-1,11,16,2,-1,2,16,17,-1,2,17,0,-1,4,18,5,-1,5,18,19,-1,5,19,20,-1,20,21,5,-1,5,21,22,-1,5,22,23,-1,23,24,5,-1,5,24,25,-1,5,25,26,-1,
        ]
    }
}