#VRML V2.0 utf8
# 3D model generated by easyeda2kicad.py (https://github.com/uPesy/easyeda2kicad.py)

Shape{
    appearance Appearance {
        material  Material 	{
            diffuseColor 0.2235294117647059 0.2235294117647059 0.2235294117647059
            specularColor 0.11372549019607843 0.11372549019607843 0.11372549019607843
            ambientIntensity 0.2
            transparency 0
            shininess 0.5
        }
    }
    geometry IndexedFaceSet {
        ccw TRUE
        solid FALSE
        coord DEF co Coordinate {
            point [
                0.0443 -0.2461 0.315, 0.0443 -0.2461 0.2461, 0.2116 -0.2461 0.315, 0.2116 -0.2461 0.2461, -0.2116 -0.2461 0.315, -0.2116 -0.2461 0.2461, -0.0443 -0.2461 0.315, -0.0443 -0.2461 0.2461, 0.0443 0.2461 0.2461, 0.0443 0.2461 0.315, 0.2116 0.2461 0.2461, 0.2116 0.2461 0.315, -0.2116 0.2461 0.2461, -0.2116 0.2461 0.315, -0.0443 0.2461 0.2461, -0.0443 0.2461 0.315, -0.3622 0.2461 0.2461, -0.3622 0.2461 0.315, -0.3002 0.2461 0.2461, -0.3002 0.2461 0.315, -0.3622 -0.2461 0.315, -0.3622 -0.2461 0.2461, -0.3002 -0.2461 0.315, -0.3002 -0.2461 0.2461, 0.3752 0.1131 0.1141, 0.3685 0.1131 0.0665, 0.3685 0.1751 0.0665, 0.3752 0.0439 0.1141, 0.3685 0.0439 0.0665, 0.3685 0.0549 0.0665, 0.3765 0.0883 0.1237, 0.3765 0.083 0.1237, 0.3765 0.083 0.1235, 0.3765 0.0499 0.1237, 0.3765 0.0489 0.1235, 0.3765 0.0549 0.1235, 0.3852 0.0313 0.1852, 0.3852 0.0331 0.1855, 0.3852 0.0236 0.1855, 0.3819 0.0401 0.1623, 0.3819 0.0395 0.1621, 0.3808 0.0395 0.1543, 0.3852 -0.0409 0.1855, 0.3848 -0.0369 0.1828, 0.3852 -0.001 0.1855, 0.3839 -0.0314 0.1765, 0.3829 -0.0277 0.1695, 0.3829 -0.0265 0.169, 0.3825 -0.0214 0.1664, 0.3855 -0.0765 0.1876, 0.3859 -0.0686 0.1906, 0.3899 -0.211 0.2189, 0.3861 -0.0602 0.1916, 0.3899 -0.001 0.2189, 0.3859 -0.0531 0.1909, 0.3855 -0.0446 0.1879, 0.3815 -0.1183 0.1595, 0.3852 -0.2064 0.1855, 0.3808 -0.1194 0.1543, 0.3808 -0.202 0.1543, 0.3806 -0.1197 0.1528, 0.3852 -0.08 0.1855, 0.3851 -0.0807 0.185, 0.3824 -0.1153 0.1654, 0.383 -0.1118 0.1698, 0.3832 -0.11 0.1714, 0.3837 -0.1042 0.1752, 0.384 -0.0978 0.1773, 0.3841 -0.0921 0.1779, 0.3846 -0.0847 0.1816, 0.3841 -0.0901 0.1778, 0.3841 -0.0882 0.1776, 0.3766 -0.1011 0.1246, 0.3771 -0.1073 0.1276, 0.3765 -0.1977 0.1235, 0.3777 -0.1126 0.1321, 0.3785 -0.1165 0.1376, 0.3793 -0.1189 0.1439, 0.3803 -0.1198 0.1505, 0.3765 -0.0989 0.124, 0.3765 -0.0987 0.1235, 0.376 -0.0972 0.1204, 0.3752 -0.1963 0.1141, 0.3756 -0.0947 0.1173, 0.3752 -0.0914 0.1148, 0.3685 0.0221 0.0665, 0.3752 -0.001 0.1141, 0.3685 -0.001 0.0665, 0.3752 -0.0756 0.1141, 0.3685 -0.1896 0.0665, 0.375 -0.0874 0.1131, 0.3752 -0.0898 0.1141, 0.375 -0.0786 0.113, 0.3749 -0.0827 0.1125, 0.3749 -0.0834 0.1125, 0.3765 -0.0667 0.1235, 0.3765 -0.0667 0.1235, 0.3759 -0.0687 0.1197, 0.3755 -0.0714 0.1168, 0.3752 -0.0748 0.1144, 0.3789 -0.0699 0.1407, 0.3806 -0.047 0.1526, 0.3793 -0.0729 0.1434, 0.3795 -0.0765 0.1453, 0.382 -0.0169 0.1625, 0.3813 -0.0135 0.1576, 0.3808 -0.001 0.1543, 0.3808 -0.0122 0.1543, 0.3805 -0.0115 0.1524, 0.377 -0.0222 0.1271, 0.3766 -0.0275 0.1247, 0.3765 -0.001 0.1235, 0.3765 -0.0327 0.1236, 0.3767 -0.0457 0.1248, 0.3768 -0.0464 0.1255, 0.38 -0.0215 0.1486, 0.3805 -0.0223 0.1519, 0.3808 -0.0236 0.1543, 0.3808 -0.1086 0.1543, 0.3778 -0.0459 0.1329, 0.3779 -0.0448 0.1336, 0.3793 -0.0417 0.1436, 0.378 -0.0436 0.134, 0.3782 -0.014 0.1355, 0.3776 -0.0171 0.1313, 0.3775 -0.0177 0.1307, 0.3765 -0.0428 0.1236, 0.3765 -0.0434 0.1237, 0.3766 -0.0446 0.1241, 0.3794 -0.1076 0.1442, 0.3789 -0.1055 0.1407, 0.3786 -0.0969 0.139, 0.3785 -0.1025 0.1376, 0.3781 -0.0988 0.1353, 0.3794 -0.0906 0.1446, 0.3791 -0.094 0.1422, 0.3803 -0.109 0.1509, 0.38 -0.1088 0.1483, 0.3798 -0.0108 0.1473, 0.3797 -0.0108 0.1463, 0.3789 -0.0117 0.1408, 0.3796 -0.0868 0.146, 0.3797 -0.0827 0.1465, 0.3797 -0.0806 0.1464, 0.3772 -0.0477 0.1289, 0.3773 -0.0477 0.1294, 0.3775 -0.0656 0.1311, 0.3775 -0.0474 0.1307, 0.3777 -0.0467 0.1319, 0.378 -0.0424 0.1341, 0.378 -0.0422 0.1341, 0.378 -0.0417 0.134, 0.3769 -0.0471 0.1266, 0.3771 -0.0476 0.1277, 0.3771 -0.0657 0.1277, 0.3773 -0.0656 0.1294, 0.3785 -0.0249 0.1382, 0.3789 -0.023 0.1409, 0.3793 -0.0218 0.1439, 0.3798 -0.0214 0.1472, 0.3779 -0.0414 0.134, 0.3779 -0.0337 0.134, 0.378 -0.0307 0.1345, 0.3782 -0.0276 0.1359, 0.3785 -0.0251 0.138, 0.3821 -0.0367 0.1634, 0.3829 -0.0389 0.169, 0.3836 -0.0424 0.1739, 0.3843 -0.0494 0.179, 0.3845 -0.0547 0.1809, 0.3817 -0.0361 0.1603, 0.3823 -0.0829 0.1653, 0.3824 -0.0842 0.1659, 0.3826 -0.088 0.1673, 0.383 -0.0806 0.1701, 0.3817 -0.0347 0.1603, 0.3809 -0.0239 0.1548, 0.3812 -0.0259 0.157, 0.3814 -0.0285 0.1588, 0.3816 -0.0315 0.16, 0.3838 -0.0445 0.1758, 0.3846 -0.06 0.1815, 0.3846 -0.061 0.1815, 0.3845 -0.0667 0.1806, 0.3826 -0.0979 0.1667, 0.3823 -0.1017 0.1647, 0.3827 -0.0937 0.1677, 0.3819 -0.1047 0.1621, 0.3814 -0.1071 0.1587, 0.3842 -0.0722 0.1783, 0.3837 -0.0769 0.1747, 0.3827 -0.0919 0.1678, 0.3809 -0.1085 0.155, 0.3827 0.0994 0.168, 0.3827 0.0906 0.168, 0.3818 0.1018 0.1615, 0.3808 0.0906 0.1543, 0.3818 0.1053 0.1615, 0.3808 0.1131 0.1543, 0.3843 0.0906 0.1795, 0.3852 0.0928 0.1853, 0.3852 0.0906 0.1855, 0.3852 0.0961 0.1853, 0.3852 0.1131 0.1855, 0.3818 0.0836 0.1615, 0.3808 0.083 0.1543, 0.3818 0.0871 0.1615, 0.3827 0.0894 0.168, 0.3822 0.0484 0.1642, 0.3822 0.0549 0.1642, 0.3833 0.0484 0.1722, 0.3833 0.0549 0.1722, 0.3852 0.0549 0.1855, 0.3852 0.0577 0.1853, 0.3852 0.0605 0.1855, 0.3848 0.0577 0.1825, 0.3833 0.057 0.1722, 0.3822 0.0582 0.1642, 0.3837 0.057 0.1749, 0.3848 0.0549 0.1825, 0.3837 0.0549 0.1749, 0.3848 0.0484 0.1825, 0.3837 0.0484 0.1749, 0.3818 0.0453 0.1615, 0.3808 0.0439 0.1543, 0.3818 0.0549 0.1615, 0.3808 0.0549 0.1543, 0.3818 0.0582 0.1615, 0.3808 0.0605 0.1543, 0.3852 0.0439 0.1855, 0.3852 0.0453 0.1853, 0.3852 0.0549 0.1853, 0.3824 0.0405 0.1654, 0.382 0.0405 0.1625, 0.3821 0.0354 0.1638, 0.3822 0.0381 0.1643, 0.3847 0.0395 0.1819, 0.3823 0.0395 0.1649, 0.3846 0.0402 0.1816, 0.3846 0.0405 0.1815, 0.3827 0.0269 0.1679, 0.3825 0.0281 0.1663, 0.3824 0.0286 0.1659, 0.3823 0.0302 0.1648, 0.3845 0.0283 0.1802, 0.3842 0.027 0.1785, 0.3846 0.0299 0.1816, 0.3848 0.0318 0.1824, 0.3848 0.0378 0.1825, 0.3848 0.0348 0.1829, 0.3833 0.0258 0.1722, 0.3848 0.0339 0.1828, 0.3834 0.0258 0.1731, 0.3839 0.0262 0.1764, 0.3822 0.0319 0.1641, 0.3821 0.0343 0.1638, 0.383 0.0262 0.1698, 0.3852 0.0373 0.1855, 0.3852 0.038 0.1854, 0.3852 0.0395 0.1855, 0.3851 0.0395 0.185, 0.3851 0.0405 0.1847, 0.3899 0.0395 0.2189, 0.3852 0.0348 0.1857, 0.3852 0.0349 0.1857, 0.3844 0.0242 0.1799, 0.3847 0.026 0.1822, 0.3848 0.0265 0.1827, 0.385 0.0288 0.1843, 0.3852 0.0221 0.1855, 0.384 0.0231 0.1773, 0.3842 0.0236 0.1784, 0.3827 0.0236 0.1675, 0.3829 0.0229 0.1694, 0.3808 0.0221 0.1543, 0.3834 0.0225 0.1729, 0.3836 0.0225 0.1742, 0.3818 0.0298 0.1617, 0.382 0.0275 0.1627, 0.3808 0.0236 0.1543, 0.3822 0.0256 0.1643, 0.3823 0.0252 0.1647, 0.3826 0.0238 0.1668, 0.3818 0.0375 0.1614, 0.3818 0.0338 0.1611, 0.3818 0.0324 0.1611, 0.3852 0.1751 0.1855, 0.3852 0.2064 0.1855, 0.3899 0.211 0.2189, 0.3765 0.1751 0.1235, 0.3808 0.202 0.1543, 0.3808 0.1751 0.1543, 0.3752 0.1751 0.1141, 0.3752 0.1963 0.1141, 0.3765 0.1977 0.1235, 0.3776 0.0259 0.1318, 0.3783 0.0263 0.1366, 0.3775 0.0253 0.131, 0.3774 0.0249 0.1299, 0.3765 0.0395 0.1235, 0.3765 0.0384 0.1237, 0.3765 0.0354 0.1237, 0.3765 0.0236 0.1235, 0.3768 0.0252 0.1259, 0.377 0.0248 0.1269, 0.3778 0.0268 0.1326, 0.3778 0.0281 0.1333, 0.3785 0.0284 0.1379, 0.3779 0.0303 0.1338, 0.3786 0.033 0.1386, 0.3786 0.032 0.1387, 0.3786 0.0303 0.1385, 0.3765 0.0271 0.124, 0.3766 0.0261 0.1247, 0.3767 0.0258 0.125, 0.3789 0.034 0.141, 0.3789 0.0353 0.1406, 0.3788 0.0363 0.14, 0.3787 0.0371 0.1393, 0.3769 0.0354 0.1264, 0.3769 0.0354 0.1264, 0.3768 0.0348 0.1256, 0.3766 0.0339 0.1246, 0.3786 0.0377 0.1383, 0.3784 0.0382 0.137, 0.378 0.0384 0.1347, 0.3771 0.0247 0.1283, 0.3772 0.0247 0.1286, 0.3787 0.0263 0.1395, 0.3788 0.0269 0.1399, 0.3789 0.0292 0.1407, 0.379 0.0322 0.1411, 0.378 0.0354 0.1345, 0.3782 0.0353 0.1358, 0.3784 0.035 0.1369, 0.3784 0.0347 0.1375, 0.3785 0.0342 0.138, 0.3786 0.0337 0.1383, 0.3765 0.0328 0.1239, 0.3765 0.0317 0.1235, 0.3752 0.0395 0.1141, 0.3765 0.0315 0.1235, 0.3765 0.0301 0.1233, 0.3752 0.0236 0.1141, 0.3765 0.0296 0.1233, 0.3765 0.0284 0.1235, 0.3765 0.0282 0.1236, 0.3784 0.0426 0.1372, 0.3785 0.043 0.1381, 0.3765 0.0439 0.1238, 0.3766 0.0425 0.1243, 0.377 0.0425 0.1274, 0.378 0.043 0.134, 0.3781 0.0427 0.1349, 0.3769 0.0436 0.1267, 0.3769 0.0439 0.1266, 0.3778 0.0439 0.1329, 0.3783 0.0425 0.1361, 0.3786 0.0435 0.1389, 0.3779 0.0434 0.1334, 0.3778 0.0439 0.1329, 0.3765 0.0446 0.1236, 0.3765 0.0439 0.1235, 0.3765 0.0452 0.1235, 0.3765 0.0472 0.1233, 0.3788 0.0533 0.1404, 0.3784 0.0533 0.1375, 0.3769 0.0536 0.1263, 0.3768 0.0531 0.1255, 0.3787 0.0439 0.1393, 0.3788 0.0445 0.1398, 0.3788 0.0452 0.1402, 0.377 0.054 0.1272, 0.3789 0.0468 0.1408, 0.379 0.0492 0.1411, 0.3789 0.0513 0.1409, 0.3766 0.0522 0.1247, 0.3766 0.0515 0.1243, 0.3776 0.0531 0.1312, 0.3774 0.0536 0.1304, 0.3773 0.054 0.1295, 0.3772 0.0541 0.1284, 0.3786 0.0489 0.1387, 0.3786 0.048 0.1386, 0.3783 0.0456 0.1364, 0.3786 0.0472 0.1384, 0.3785 0.0466 0.1381, 0.3782 0.0457 0.136, 0.3782 0.0458 0.1355, 0.3781 0.046 0.1351, 0.3781 0.0463 0.1348, 0.378 0.0474 0.1342, 0.3786 0.051 0.1384, 0.3779 0.0492 0.1334, 0.3785 0.0527 0.1378, 0.3778 0.0504 0.1329, 0.3776 0.0524 0.1318, 0.3785 0.0461 0.1377, 0.3784 0.0458 0.1373, 0.3784 0.0457 0.1369, 0.3768 0.0455 0.126, 0.3776 0.0471 0.1312, 0.3777 0.0453 0.132, 0.3768 0.0475 0.1258, 0.3768 0.0476 0.1258, 0.3774 0.0491 0.1304, 0.3768 0.0491 0.1259, 0.3771 0.051 0.1281, 0.3772 0.051 0.1284, 0.3769 0.0499 0.1262, 0.3769 0.0502 0.1264, 0.3769 0.0505 0.1267, 0.377 0.0508 0.1271, 0.377 0.051 0.1275, 0.3772 0.0508 0.1289, 0.3773 0.0506 0.1293, 0.3773 0.0502 0.1297, 0.3765 0.0653 0.1235, 0.3765 0.0754 0.1237, 0.3789 0.0721 0.1407, 0.3799 0.0754 0.1475, 0.3771 0.0635 0.128, 0.3769 0.0639 0.1266, 0.3769 0.064 0.1266, 0.377 0.0641 0.1271, 0.3771 0.0643 0.1279, 0.3783 0.0605 0.1366, 0.3789 0.069 0.1407, 0.3765 0.0605 0.1235, 0.3772 0.0605 0.1286, 0.3789 0.0557 0.1407, 0.3789 0.059 0.1407, 0.3765 0.0624 0.1238, 0.3765 0.0623 0.1235, 0.3761 0.0611 0.1207, 0.3752 0.0549 0.1141, 0.3754 0.0563 0.116, 0.3758 0.0563 0.1186, 0.3758 0.0569 0.1184, 0.3757 0.058 0.1183, 0.3757 0.0583 0.1183, 0.3758 0.0589 0.1184, 0.3758 0.0596 0.1187, 0.3758 0.0599 0.1189, 0.3759 0.0604 0.1195, 0.3759 0.0605 0.1196, 0.3755 0.0605 0.1163, 0.3754 0.0595 0.1159, 0.3752 0.0605 0.1141, 0.3754 0.0582 0.1157, 0.3754 0.0575 0.1158, 0.3752 0.083 0.1141, 0.3761 0.0644 0.1212, 0.3758 0.0629 0.1185, 0.3756 0.0618 0.1172, 0.3756 0.0617 0.1171, 0.3755 0.0607 0.1163, 0.3769 0.0785 0.1264, 0.3769 0.083 0.1264, 0.378 0.0785 0.1344, 0.378 0.083 0.1344, 0.3799 0.083 0.1475, 0.3799 0.0878 0.1475, 0.3795 0.0878 0.1448, 0.378 0.0871 0.1344, 0.3769 0.0883 0.1264, 0.3784 0.0871 0.1372, 0.3795 0.083 0.1448, 0.3784 0.083 0.1372, 0.3795 0.0785 0.1448, 0.3784 0.0785 0.1372, 0.3752 0.0221 0.1141, 0.3685 0.0236 0.0665, 0.3685 0.0395 0.0665, 0.3685 0.0605 0.0665, 0.3685 0.083 0.0665, 0.3685 0.0906 0.0665, 0.3752 0.0906 0.1141, 0.3765 0.0906 0.1235, 0.3765 0.1131 0.1235, 0.3765 0.0221 0.1235, 0.3765 0.0218 0.1237, 0.3765 0.0089 0.1237, 0.3769 0.0218 0.1264, 0.3795 0.0212 0.1448, 0.3799 0.0089 0.1475, 0.3799 0.0212 0.1475, 0.378 0.012 0.1344, 0.3769 0.012 0.1264, 0.378 0.0205 0.1344, 0.3784 0.0205 0.1372, 0.3784 0.012 0.1372, 0.3795 0.012 0.1448, 0.3685 0.1896 0.0665, 0.3765 0.0994 0.1237, 0.3765 0.0928 0.1237, 0.3776 0.1117 0.1316, 0.3773 0.1106 0.1292, 0.377 0.1088 0.1271, 0.3767 0.1063 0.1253, 0.3766 0.1036 0.1242, 0.3799 0.0928 0.1475, 0.3799 0.0997 0.1475, 0.3798 0.1034 0.1471, 0.3796 0.1063 0.1461, 0.3794 0.1088 0.1444, 0.3793 0.1096 0.1436, 0.379 0.1111 0.1415, 0.3787 0.112 0.1392, 0.3782 0.1124 0.1359, 0.378 0.1123 0.1344, 0.3765 0.1172 0.1237, 0.3765 0.1137 0.1237, 0.3765 0.1319 0.1237, 0.3774 0.1295 0.1302, 0.3774 0.1195 0.1302, 0.3799 0.1229 0.1475, 0.3799 0.1262 0.1475, 0.3765 0.1353 0.1237, 0.3852 0.012 0.1853, 0.3822 0.012 0.1642, 0.3822 0.0215 0.1642, 0.3818 0.0089 0.1615, 0.3852 0.0089 0.1853, 0.3818 0.0215 0.1615, 0.3818 0.0628 0.1615, 0.3833 0.0822 0.1722, 0.3829 0.0817 0.1694, 0.3826 0.0805 0.1669, 0.3823 0.0787 0.1648, 0.3843 0.081 0.1792, 0.384 0.0819 0.177, 0.3852 0.083 0.1855, 0.3835 0.0823 0.1737, 0.382 0.0762 0.163, 0.3819 0.0735 0.162, 0.3818 0.0694 0.1615, 0.3852 0.0628 0.1853, 0.3852 0.0696 0.1853, 0.3851 0.0733 0.1849, 0.385 0.0762 0.1838, 0.3847 0.0787 0.1821, 0.3846 0.0795 0.1813, 0.3899 0.0236 0.2189, 0.3899 0.0221 0.2189, 0.3937 0.2149 0.2461, 0.3937 0.2146 0.2461, 0.3899 0.1751 0.2189, 0.3899 0.1131 0.2189, 0.3899 0.0906 0.2189, 0.3899 0.083 0.2189, 0.3899 0.0605 0.2189, 0.3899 0.0549 0.2189, 0.3899 0.0439 0.2189, 0.3937 0.1751 0.2461, 0.3937 0.1131 0.2461, 0.3937 0.0906 0.2461, 0.3937 0.083 0.2461, 0.3937 0.0605 0.2461, 0.3937 0.0549 0.2461, 0.3937 0.0439 0.2461, 0.3937 0.0395 0.2461, 0.3937 0.0236 0.2461, 0.3937 0.0221 0.2461, 0.3937 -0.001 0.2461, 0.3937 -0.2146 0.2461, 0.3937 -0.2149 0.2461, 0.3937 -0.2146 0.315, 0.3937 0.2146 0.315, 0.3002 0.2461 0.315, 0.3622 0.2461 0.315, 0.3002 0.2461 0.2461, 0.3622 0.2461 0.2461, -0.3937 -0.2146 0.315, -0.3937 0.2146 0.315, -0.3937 -0.2146 0.2461, -0.3937 0.2146 0.2461, 0.3002 -0.2461 0.2461, 0.3622 -0.2461 0.2461, 0.3002 -0.2461 0.315, 0.3622 -0.2461 0.315, -0.2597 -0.1641 0.3937, 0.3553 -0.2076 0.3937, -0.2547 -0.1576 0.3937, -0.2516 -0.1501 0.3937, -0.309 -0.1576 0.3937, -0.3122 -0.1501 0.3937, -0.3553 -0.2076 0.3937, -0.2597 -0.1198 0.3937, -0.2547 -0.1263 0.3937, 0.3553 0.2076 0.3937, -0.2516 -0.1339 0.3937, -0.2505 -0.142 0.3937, -0.2662 -0.1691 0.3937, -0.2738 -0.1722 0.3937, -0.2819 -0.1733 0.3937, -0.29 -0.1722 0.3937, -0.2976 -0.1691 0.3937, -0.304 -0.1641 0.3937, -0.3132 -0.142 0.3937, -0.3122 -0.1339 0.3937, -0.3553 0.2076 0.3937, -0.309 -0.1263 0.3937, -0.304 -0.1198 0.3937, -0.2976 -0.1148 0.3937, -0.29 -0.1117 0.3937, -0.2819 -0.1106 0.3937, -0.2738 -0.1117 0.3937, -0.2662 -0.1148 0.3937, -0.3373 -0.1896 0.0394, -0.3373 0.1896 0.0394, 0.3373 -0.1896 0.0394, 0.3373 0.1896 0.0394, 0.3553 0.2388 0.3666, 0.3625 0.2461 0.315, -0.3553 0.2388 0.3666, -0.3625 0.2461 0.315, -0.3937 -0.2149 0.315, -0.3864 -0.2076 0.3666, -0.3864 0.2076 0.3666, -0.3937 0.2149 0.315, 0.3937 0.2149 0.315, 0.3864 0.2076 0.3666, 0.3864 -0.2076 0.3666, 0.3937 -0.2149 0.315, -0.3553 -0.2388 0.3666, -0.3625 -0.2461 0.315, 0.3553 -0.2388 0.3666, 0.3625 -0.2461 0.315, 0.3373 -0.2208 0.0665, 0.3625 -0.2461 0.2461, -0.3373 -0.2208 0.0665, -0.3625 -0.2461 0.2461, -0.3937 0.2149 0.2461, -0.3685 0.1896 0.0665, -0.3685 -0.1896 0.0665, -0.3937 -0.2149 0.2461, -0.3373 0.2208 0.0665, -0.3625 0.2461 0.2461, 0.3373 0.2208 0.0665, 0.3625 0.2461 0.2461, 0.3553 0.237 0.3736, -0.3553 0.237 0.3736, 0.3553 0.2369 0.3738, -0.3553 0.2369 0.3738, 0.3553 0.2334 0.3803, -0.3553 0.2334 0.3803, 0.3553 0.2333 0.3804, -0.3553 0.2333 0.3804, 0.3553 0.2284 0.3859, -0.3553 0.2284 0.3859, 0.3553 0.2283 0.386, -0.3553 0.2283 0.386, 0.3553 0.2222 0.3901, -0.3553 0.2222 0.3901, 0.3553 0.2221 0.3902, -0.3553 0.2221 0.3902, 0.3553 0.2151 0.3928, -0.3553 0.2151 0.3928, 0.3553 0.2151 0.3928, -0.3553 0.2151 0.3928, 0.3606 0.2277 0.3859, 0.359 0.2217 0.3901, 0.3572 0.2148 0.3928, 0.359 0.2141 0.3928, 0.3617 0.2114 0.3928, 0.3605 0.2129 0.3928, 0.3625 0.2096 0.3928, 0.3629 0.236 0.3736, 0.3633 0.2376 0.3675, 0.3632 0.2376 0.3675, 0.3707 0.2344 0.3681, 0.3699 0.233 0.3736, 0.3707 0.2344 0.3681, 0.376 0.2284 0.3736, 0.3771 0.2295 0.3683, 0.3807 0.2223 0.3736, 0.382 0.2231 0.3681, 0.3821 0.223 0.3681, 0.3836 0.2152 0.3736, 0.3852 0.2156 0.3675, 0.3853 0.2156 0.3675, 0.3846 0.2076 0.3736, 0.3627 0.2076 0.3928, 0.3625 0.2202 0.3901, 0.3655 0.2179 0.3901, 0.3678 0.2149 0.3901, 0.3693 0.2114 0.3901, 0.3627 0.2076 0.3928, 0.3697 0.2076 0.3902, 0.3698 0.2076 0.3901, 0.3759 0.2076 0.386, 0.3656 0.2256 0.3859, 0.3699 0.2223 0.3859, 0.3732 0.218 0.3859, 0.3753 0.213 0.3859, 0.3619 0.2325 0.3803, 0.3682 0.23 0.3803, 0.3735 0.2259 0.3803, 0.3776 0.2205 0.3803, 0.3802 0.2143 0.3803, 0.376 0.2076 0.3859, 0.3809 0.2076 0.3804, 0.3811 0.2076 0.3803, 0.3845 0.2076 0.3738, -0.3809 0.2076 0.3804, -0.376 0.2076 0.3859, -0.3753 0.213 0.3859, -0.3693 0.2114 0.3901, -0.3625 0.2096 0.3928, -0.3617 0.2114 0.3928, -0.359 0.2141 0.3928, -0.3605 0.2129 0.3928, -0.3572 0.2148 0.3928, -0.3627 0.2076 0.3928, -0.3836 0.2152 0.3736, -0.3852 0.2156 0.3675, -0.3853 0.2156 0.3675, -0.3821 0.223 0.3681, -0.3807 0.2223 0.3736, -0.382 0.2231 0.3681, -0.376 0.2284 0.3736, -0.3771 0.2295 0.3683, -0.3699 0.233 0.3736, -0.3707 0.2344 0.3681, -0.3707 0.2344 0.3681, -0.3629 0.236 0.3736, -0.3633 0.2376 0.3675, -0.3632 0.2376 0.3675, -0.3759 0.2076 0.386, -0.3698 0.2076 0.3901, -0.3697 0.2076 0.3902, -0.3627 0.2076 0.3928, -0.3678 0.2149 0.3901, -0.3655 0.2179 0.3901, -0.3625 0.2202 0.3901, -0.359 0.2217 0.3901, -0.3732 0.218 0.3859, -0.3699 0.2223 0.3859, -0.3656 0.2256 0.3859, -0.3606 0.2277 0.3859, -0.3845 0.2076 0.3738, -0.3811 0.2076 0.3803, -0.3802 0.2143 0.3803, -0.3776 0.2205 0.3803, -0.3735 0.2259 0.3803, -0.3682 0.23 0.3803, -0.3619 0.2325 0.3803, -0.3846 0.2076 0.3736, 0.3846 -0.2076 0.3736, 0.3845 -0.2076 0.3738, 0.3811 -0.2076 0.3803, 0.3809 -0.2076 0.3804, 0.376 -0.2076 0.3859, 0.3759 -0.2076 0.386, 0.3698 -0.2076 0.3901, 0.3697 -0.2076 0.3902, 0.3627 -0.2076 0.3928, 0.3627 -0.2076 0.3928, 0.378 0.2418 0.3158, 0.3779 0.2418 0.3158, 0.3706 0.2449 0.3155, 0.3704 0.245 0.3154, 0.3845 0.2368 0.3159, 0.3894 0.2304 0.3158, 0.3895 0.2303 0.3158, 0.3926 0.2229 0.3155, 0.3926 0.2227 0.3154, -0.3894 0.2304 0.3158, -0.3895 0.2303 0.3158, -0.3926 0.2229 0.3155, -0.3926 0.2227 0.3154, -0.3845 0.2368 0.3159, -0.378 0.2418 0.3158, -0.3779 0.2418 0.3158, -0.3706 0.2449 0.3155, -0.3704 0.245 0.3154, -0.3846 -0.2076 0.3736, -0.3845 -0.2076 0.3738, -0.3811 -0.2076 0.3803, -0.3809 -0.2076 0.3804, -0.376 -0.2076 0.3859, -0.3759 -0.2076 0.386, -0.3698 -0.2076 0.3901, -0.3697 -0.2076 0.3902, -0.3627 -0.2076 0.3928, -0.3627 -0.2076 0.3928, -0.3553 -0.237 0.3736, 0.3553 -0.237 0.3736, -0.3553 -0.2369 0.3738, 0.3553 -0.2369 0.3738, -0.3553 -0.2334 0.3803, 0.3553 -0.2334 0.3803, -0.3553 -0.2333 0.3804, 0.3553 -0.2333 0.3804, -0.3553 -0.2284 0.3859, 0.3553 -0.2284 0.3859, -0.3553 -0.2283 0.386, 0.3553 -0.2283 0.386, -0.3553 -0.2222 0.3901, 0.3553 -0.2222 0.3901, -0.3553 -0.2221 0.3902, 0.3553 -0.2221 0.3902, -0.3553 -0.2151 0.3928, 0.3553 -0.2151 0.3928, -0.3553 -0.2151 0.3928, 0.3553 -0.2151 0.3928, 0.3753 -0.213 0.3859, 0.3693 -0.2114 0.3901, 0.3625 -0.2096 0.3928, 0.3617 -0.2114 0.3928, 0.359 -0.2141 0.3928, 0.3605 -0.2129 0.3928, 0.3572 -0.2148 0.3928, 0.3836 -0.2152 0.3736, 0.3852 -0.2156 0.3675, 0.3853 -0.2156 0.3675, 0.3821 -0.223 0.3681, 0.3807 -0.2223 0.3736, 0.382 -0.2231 0.3681, 0.376 -0.2284 0.3736, 0.3771 -0.2295 0.3683, 0.3699 -0.233 0.3736, 0.3707 -0.2344 0.3681, 0.3707 -0.2344 0.3681, 0.3629 -0.236 0.3736, 0.3633 -0.2376 0.3675, 0.3632 -0.2376 0.3675, 0.3678 -0.2149 0.3901, 0.3655 -0.2179 0.3901, 0.3625 -0.2202 0.3901, 0.359 -0.2217 0.3901, 0.3732 -0.218 0.3859, 0.3699 -0.2223 0.3859, 0.3656 -0.2256 0.3859, 0.3606 -0.2277 0.3859, 0.3802 -0.2143 0.3803, 0.3776 -0.2205 0.3803, 0.3735 -0.2259 0.3803, 0.3682 -0.23 0.3803, 0.3619 -0.2325 0.3803, 0.3704 0.245 0.2456, 0.3706 0.2449 0.2456, 0.3779 0.2418 0.2453, 0.378 0.2418 0.2453, 0.3845 0.2368 0.2452, 0.3894 0.2304 0.2453, 0.3895 0.2303 0.2453, 0.3926 0.2229 0.2456, 0.3926 0.2227 0.2456, -0.3704 0.245 0.2456, -0.3706 0.2449 0.2456, -0.3779 0.2418 0.2453, -0.378 0.2418 0.2453, -0.3845 0.2368 0.2452, -0.3894 0.2304 0.2453, -0.3895 0.2303 0.2453, -0.3926 0.2229 0.2456, -0.3926 0.2227 0.2456, -0.3606 -0.2277 0.3859, -0.359 -0.2217 0.3901, -0.3572 -0.2148 0.3928, -0.359 -0.2141 0.3928, -0.3617 -0.2114 0.3928, -0.3605 -0.2129 0.3928, -0.3625 -0.2096 0.3928, -0.3629 -0.236 0.3736, -0.3633 -0.2376 0.3675, -0.3632 -0.2376 0.3675, -0.3707 -0.2344 0.3681, -0.3699 -0.233 0.3736, -0.3707 -0.2344 0.3681, -0.376 -0.2284 0.3736, -0.3771 -0.2295 0.3683, -0.3807 -0.2223 0.3736, -0.382 -0.2231 0.3681, -0.3821 -0.223 0.3681, -0.3836 -0.2152 0.3736, -0.3852 -0.2156 0.3675, -0.3853 -0.2156 0.3675, -0.3625 -0.2202 0.3901, -0.3655 -0.2179 0.3901, -0.3678 -0.2149 0.3901, -0.3693 -0.2114 0.3901, -0.3656 -0.2256 0.3859, -0.3699 -0.2223 0.3859, -0.3732 -0.218 0.3859, -0.3753 -0.213 0.3859, -0.3619 -0.2325 0.3803, -0.3682 -0.23 0.3803, -0.3735 -0.2259 0.3803, -0.3776 -0.2205 0.3803, -0.3802 -0.2143 0.3803, 0.3894 -0.2304 0.3158, 0.3895 -0.2303 0.3158, 0.3926 -0.2229 0.3155, 0.3926 -0.2227 0.3154, 0.3845 -0.2368 0.3159, 0.378 -0.2418 0.3158, 0.3779 -0.2418 0.3158, 0.3706 -0.2449 0.3155, 0.3704 -0.245 0.3154, 0.3673 0.1976 0.0655, 0.3672 0.1977 0.0655, 0.3641 0.2051 0.0649, 0.3641 0.2051 0.0649, 0.3591 0.2115 0.0647, 0.3527 0.2164 0.0649, 0.3527 0.2164 0.0649, 0.3453 0.2196 0.0655, 0.3452 0.2196 0.0655, -0.3373 0.219 0.0594, 0.3373 0.219 0.0594, -0.3373 0.2189 0.0592, 0.3373 0.2189 0.0592, -0.3373 0.2154 0.0528, 0.3373 0.2154 0.0528, -0.3373 0.2153 0.0527, 0.3373 0.2153 0.0527, -0.3373 0.2104 0.0472, 0.3373 0.2104 0.0472, -0.3373 0.2103 0.0471, 0.3373 0.2103 0.0471, -0.3373 0.2042 0.0429, 0.3373 0.2042 0.0429, -0.3373 0.2041 0.0429, 0.3373 0.2041 0.0429, -0.3373 0.1971 0.0403, 0.3373 0.1971 0.0403, -0.3373 0.1971 0.0403, 0.3373 0.1971 0.0403, -0.3452 0.2196 0.0655, -0.3453 0.2196 0.0655, -0.3527 0.2164 0.0649, -0.3527 0.2164 0.0649, -0.3591 0.2115 0.0647, -0.3641 0.2051 0.0649, -0.3641 0.2051 0.0649, -0.3672 0.1977 0.0655, -0.3673 0.1976 0.0655, -0.378 -0.2418 0.3158, -0.3779 -0.2418 0.3158, -0.3706 -0.2449 0.3155, -0.3704 -0.245 0.3154, -0.3845 -0.2368 0.3159, -0.3894 -0.2304 0.3158, -0.3895 -0.2303 0.3158, -0.3926 -0.2229 0.3155, -0.3926 -0.2227 0.3154, 0.3704 -0.245 0.2456, 0.3706 -0.2449 0.2456, 0.3779 -0.2418 0.2453, 0.378 -0.2418 0.2453, 0.3845 -0.2368 0.2452, 0.3894 -0.2304 0.2453, 0.3895 -0.2303 0.2453, 0.3926 -0.2229 0.2456, 0.3926 -0.2227 0.2456, 0.3447 0.1896 0.0403, 0.3445 0.1916 0.0403, 0.341 0.2037 0.0429, 0.3426 0.2097 0.0472, 0.3439 0.2146 0.0528, 0.3449 0.218 0.0594, 0.3519 0.2151 0.0594, 0.3666 0.1896 0.0594, 0.3656 0.1972 0.0594, 0.3665 0.1896 0.0592, 0.3622 0.1963 0.0528, 0.3502 0.212 0.0528, 0.358 0.2104 0.0594, 0.3631 0.1896 0.0528, 0.363 0.1896 0.0527, 0.3573 0.195 0.0472, 0.3477 0.2076 0.0472, 0.3555 0.2079 0.0528, 0.358 0.1896 0.0472, 0.3579 0.1896 0.0471, 0.3513 0.1934 0.0429, 0.352 0.2043 0.0472, 0.3445 0.2022 0.0429, 0.3392 0.1969 0.0403, 0.3627 0.2043 0.0594, 0.3596 0.2025 0.0528, 0.3553 0.2 0.0472, 0.3499 0.1969 0.0429, 0.3438 0.1934 0.0403, 0.3476 0.1999 0.0429, 0.341 0.1961 0.0403, 0.3426 0.1949 0.0403, 0.3518 0.1896 0.0429, 0.3517 0.1896 0.0429, 0.3448 0.1896 0.0403, -0.3392 0.1969 0.0403, -0.3517 0.1896 0.0429, -0.3518 0.1896 0.0429, -0.3513 0.1934 0.0429, -0.3579 0.1896 0.0471, -0.358 0.1896 0.0472, -0.3573 0.195 0.0472, -0.3622 0.1963 0.0528, -0.3656 0.1972 0.0594, -0.3627 0.2043 0.0594, -0.3449 0.218 0.0594, -0.3666 0.1896 0.0594, -0.3665 0.1896 0.0592, -0.3631 0.1896 0.0528, -0.363 0.1896 0.0527, -0.3439 0.2146 0.0528, -0.3596 0.2025 0.0528, -0.358 0.2104 0.0594, -0.3426 0.2097 0.0472, -0.3553 0.2 0.0472, -0.3555 0.2079 0.0528, -0.341 0.2037 0.0429, -0.352 0.2043 0.0472, -0.3499 0.1969 0.0429, -0.3445 0.1916 0.0403, -0.3519 0.2151 0.0594, -0.3502 0.212 0.0528, -0.3477 0.2076 0.0472, -0.3445 0.2022 0.0429, -0.341 0.1961 0.0403, -0.3447 0.1896 0.0403, -0.3448 0.1896 0.0403, -0.3476 0.1999 0.0429, -0.3438 0.1934 0.0403, -0.3426 0.1949 0.0403, -0.3926 -0.2227 0.2456, -0.3926 -0.2229 0.2456, -0.3895 -0.2303 0.2453, -0.3894 -0.2304 0.2453, -0.3845 -0.2368 0.2452, -0.378 -0.2418 0.2453, -0.3779 -0.2418 0.2453, -0.3706 -0.2449 0.2456, -0.3704 -0.245 0.2456, 0.3452 -0.2196 0.0655, 0.3453 -0.2196 0.0655, 0.3527 -0.2164 0.0649, 0.3527 -0.2164 0.0649, 0.3673 -0.1976 0.0655, 0.3591 -0.2115 0.0647, 0.3641 -0.2051 0.0649, 0.3641 -0.2051 0.0649, 0.3672 -0.1977 0.0655, 0.3666 -0.1896 0.0594, 0.3665 -0.1896 0.0592, 0.3631 -0.1896 0.0528, 0.363 -0.1896 0.0527, 0.358 -0.1896 0.0472, 0.3579 -0.1896 0.0471, 0.3518 -0.1896 0.0429, 0.3517 -0.1896 0.0429, 0.3448 -0.1896 0.0403, 0.3447 -0.1896 0.0403, -0.3666 -0.1896 0.0594, -0.3665 -0.1896 0.0592, -0.3631 -0.1896 0.0528, -0.363 -0.1896 0.0527, -0.358 -0.1896 0.0472, -0.3579 -0.1896 0.0471, -0.3518 -0.1896 0.0429, -0.3517 -0.1896 0.0429, -0.3448 -0.1896 0.0403, -0.3447 -0.1896 0.0403, -0.3673 -0.1976 0.0655, -0.3672 -0.1977 0.0655, -0.3641 -0.2051 0.0649, -0.3641 -0.2051 0.0649, -0.3591 -0.2115 0.0647, -0.3527 -0.2164 0.0649, -0.3527 -0.2164 0.0649, -0.3453 -0.2196 0.0655, -0.3452 -0.2196 0.0655, 0.3373 -0.1971 0.0403, 0.3392 -0.1969 0.0403, 0.3513 -0.1934 0.0429, 0.3573 -0.195 0.0472, 0.3622 -0.1963 0.0528, 0.3656 -0.1972 0.0594, 0.3627 -0.2043 0.0594, 0.3373 -0.219 0.0594, 0.3449 -0.218 0.0594, 0.3373 -0.2189 0.0592, 0.3439 -0.2146 0.0528, 0.3596 -0.2025 0.0528, 0.358 -0.2104 0.0594, 0.3373 -0.2154 0.0528, 0.3373 -0.2153 0.0527, 0.3426 -0.2097 0.0472, 0.3553 -0.2 0.0472, 0.3555 -0.2079 0.0528, 0.3373 -0.2104 0.0472, 0.3373 -0.2103 0.0471, 0.341 -0.2037 0.0429, 0.352 -0.2043 0.0472, 0.3499 -0.1969 0.0429, 0.3445 -0.1916 0.0403, 0.3519 -0.2151 0.0594, 0.3502 -0.212 0.0528, 0.3477 -0.2076 0.0472, 0.3445 -0.2022 0.0429, 0.341 -0.1961 0.0403, 0.3476 -0.1999 0.0429, 0.3438 -0.1934 0.0403, 0.3426 -0.1949 0.0403, 0.3373 -0.2042 0.0429, 0.3373 -0.2041 0.0429, 0.3373 -0.1971 0.0403, -0.3445 -0.1916 0.0403, -0.3373 -0.2041 0.0429, -0.3373 -0.2042 0.0429, -0.341 -0.2037 0.0429, -0.3373 -0.2103 0.0471, -0.3373 -0.2104 0.0472, -0.3426 -0.2097 0.0472, -0.3439 -0.2146 0.0528, -0.3449 -0.218 0.0594, -0.3519 -0.2151 0.0594, -0.3656 -0.1972 0.0594, -0.3373 -0.219 0.0594, -0.3373 -0.2189 0.0592, -0.3373 -0.2154 0.0528, -0.3373 -0.2153 0.0527, -0.3622 -0.1963 0.0528, -0.3502 -0.212 0.0528, -0.358 -0.2104 0.0594, -0.3573 -0.195 0.0472, -0.3477 -0.2076 0.0472, -0.3555 -0.2079 0.0528, -0.3513 -0.1934 0.0429, -0.352 -0.2043 0.0472, -0.3445 -0.2022 0.0429, -0.3392 -0.1969 0.0403, -0.3627 -0.2043 0.0594, -0.3596 -0.2025 0.0528, -0.3553 -0.2 0.0472, -0.3499 -0.1969 0.0429, -0.3438 -0.1934 0.0403, -0.3373 -0.1971 0.0403, -0.3373 -0.1971 0.0403, -0.3476 -0.1999 0.0429, -0.341 -0.1961 0.0403, -0.3426 -0.1949 0.0403, -0.3426 -0.1949 0.0403
            ]
        }
        coordIndex [
            0,1,2,-1,2,1,3,-1,4,5,6,-1,6,5,7,-1,8,9,10,-1,10,9,11,-1,12,13,14,-1,14,13,15,-1,16,17,18,-1,18,17,19,-1,20,21,22,-1,22,21,23,-1,24,25,26,-1,27,28,29,-1,30,31,32,-1,33,34,35,-1,36,37,38,-1,39,40,41,-1,42,43,44,-1,44,43,45,-1,45,46,44,-1,44,46,47,-1,44,47,48,-1,49,50,51,-1,51,50,52,-1,51,52,53,-1,53,52,54,-1,53,54,55,-1,56,57,58,-1,58,57,59,-1,58,59,60,-1,49,51,61,-1,61,51,57,-1,61,57,62,-1,56,63,57,-1,57,63,64,-1,57,64,65,-1,65,66,57,-1,57,66,67,-1,57,67,62,-1,62,67,68,-1,62,68,69,-1,69,68,70,-1,69,70,71,-1,72,73,74,-1,74,73,75,-1,75,76,74,-1,74,76,77,-1,74,77,59,-1,59,77,78,-1,59,78,60,-1,79,72,80,-1,80,72,74,-1,80,74,81,-1,81,74,82,-1,81,82,83,-1,83,82,84,-1,85,86,87,-1,87,86,88,-1,89,90,82,-1,82,90,91,-1,82,91,84,-1,88,92,87,-1,87,92,93,-1,87,93,89,-1,89,93,94,-1,89,94,90,-1,95,96,86,-1,86,96,97,-1,97,98,86,-1,86,98,99,-1,86,99,88,-1,100,101,102,-1,102,101,103,-1,48,104,44,-1,44,104,105,-1,44,105,106,-1,106,105,107,-1,106,107,108,-1,109,110,111,-1,111,110,112,-1,95,113,114,-1,115,116,101,-1,101,116,117,-1,101,117,118,-1,119,120,121,-1,121,120,122,-1,123,124,111,-1,111,124,125,-1,111,125,109,-1,126,127,95,-1,95,127,128,-1,95,128,113,-1,129,130,131,-1,131,130,132,-1,131,132,133,-1,134,118,135,-1,135,118,136,-1,135,136,131,-1,131,136,137,-1,131,137,129,-1,108,138,106,-1,106,138,139,-1,106,139,111,-1,111,139,140,-1,111,140,123,-1,134,141,118,-1,118,141,142,-1,118,142,101,-1,101,142,143,-1,101,143,103,-1,144,145,146,-1,146,145,147,-1,146,147,121,-1,121,147,148,-1,121,148,119,-1,122,149,121,-1,121,149,150,-1,121,150,151,-1,114,152,95,-1,95,152,153,-1,95,153,154,-1,154,153,144,-1,154,144,155,-1,155,144,146,-1,156,157,121,-1,121,157,158,-1,121,158,101,-1,101,158,159,-1,101,159,115,-1,151,160,121,-1,121,160,161,-1,121,161,162,-1,162,163,121,-1,121,163,164,-1,121,164,156,-1,165,166,167,-1,168,169,170,-1,117,171,118,-1,118,171,172,-1,118,172,173,-1,174,171,170,-1,170,171,117,-1,170,117,175,-1,175,117,176,-1,176,177,175,-1,175,177,178,-1,175,178,179,-1,165,167,170,-1,170,167,180,-1,170,180,168,-1,169,181,170,-1,170,181,182,-1,170,182,183,-1,184,185,186,-1,186,185,187,-1,186,187,188,-1,183,189,170,-1,170,189,190,-1,170,190,174,-1,173,191,118,-1,118,191,186,-1,118,186,192,-1,192,186,188,-1,193,194,195,-1,195,194,196,-1,195,196,197,-1,197,196,198,-1,199,200,201,-1,201,200,202,-1,201,202,203,-1,204,205,206,-1,206,205,196,-1,206,196,207,-1,207,196,194,-1,208,209,210,-1,210,209,211,-1,212,213,214,-1,214,213,215,-1,211,209,216,-1,216,209,217,-1,216,217,218,-1,215,219,220,-1,220,219,221,-1,220,221,222,-1,223,224,225,-1,225,224,226,-1,225,226,227,-1,227,226,228,-1,227,228,217,-1,229,230,212,-1,212,230,231,-1,212,231,213,-1,232,233,224,-1,234,235,236,-1,236,235,237,-1,236,237,238,-1,238,237,232,-1,238,232,239,-1,239,232,224,-1,239,224,229,-1,229,224,223,-1,229,223,230,-1,240,241,236,-1,236,241,242,-1,236,242,243,-1,244,245,246,-1,246,245,247,-1,248,249,250,-1,250,249,251,-1,250,251,252,-1,252,251,247,-1,252,247,253,-1,253,247,245,-1,243,254,236,-1,236,254,255,-1,236,255,234,-1,248,250,236,-1,236,250,256,-1,236,256,240,-1,257,258,259,-1,259,258,260,-1,259,260,229,-1,229,260,261,-1,229,261,239,-1,262,263,264,-1,38,265,266,-1,266,267,38,-1,38,267,268,-1,38,268,36,-1,269,270,38,-1,38,270,271,-1,38,271,265,-1,272,273,274,-1,274,273,275,-1,274,275,269,-1,269,275,276,-1,269,276,270,-1,277,278,279,-1,278,280,279,-1,279,280,281,-1,279,281,282,-1,40,283,41,-1,41,283,284,-1,41,284,279,-1,279,284,285,-1,279,285,277,-1,286,287,288,-1,289,290,291,-1,291,290,287,-1,292,293,294,-1,295,296,297,-1,297,296,298,-1,299,300,301,-1,302,303,304,-1,295,305,296,-1,296,305,306,-1,296,306,307,-1,307,306,308,-1,309,310,308,-1,308,310,311,-1,308,311,307,-1,312,313,302,-1,302,313,314,-1,302,314,303,-1,315,316,41,-1,41,316,317,-1,41,317,318,-1,319,320,301,-1,301,320,321,-1,301,321,322,-1,318,323,41,-1,41,323,324,-1,41,324,325,-1,304,326,302,-1,302,326,327,-1,302,327,279,-1,279,327,298,-1,279,298,328,-1,328,298,296,-1,328,329,279,-1,279,329,330,-1,279,330,41,-1,41,330,331,-1,41,331,315,-1,332,333,308,-1,308,333,334,-1,308,334,335,-1,335,336,308,-1,308,336,337,-1,308,337,309,-1,322,338,301,-1,301,338,339,-1,301,339,299,-1,299,339,340,-1,341,342,343,-1,342,344,343,-1,343,344,345,-1,343,345,302,-1,302,345,346,-1,302,346,312,-1,347,348,41,-1,349,350,299,-1,299,350,351,-1,352,353,351,-1,354,355,356,-1,347,41,357,-1,348,358,41,-1,41,358,224,-1,41,224,39,-1,39,224,233,-1,352,351,359,-1,354,356,351,-1,351,356,360,-1,351,360,359,-1,353,357,351,-1,351,357,41,-1,351,41,299,-1,299,41,325,-1,299,325,300,-1,361,362,363,-1,363,362,27,-1,363,27,364,-1,365,366,35,-1,367,368,35,-1,358,369,224,-1,224,369,370,-1,224,370,371,-1,367,35,372,-1,371,373,224,-1,224,373,374,-1,224,374,226,-1,226,374,375,-1,226,375,365,-1,368,376,35,-1,35,376,377,-1,35,377,33,-1,378,379,366,-1,366,379,380,-1,366,380,35,-1,35,380,381,-1,35,381,372,-1,382,383,384,-1,384,383,385,-1,384,385,386,-1,384,387,382,-1,382,387,388,-1,382,388,389,-1,389,390,382,-1,382,390,391,-1,382,391,392,-1,392,391,393,-1,392,393,394,-1,394,393,395,-1,394,395,366,-1,366,395,396,-1,366,396,378,-1,397,398,386,-1,386,398,399,-1,386,399,384,-1,400,401,355,-1,355,401,402,-1,355,402,356,-1,400,403,401,-1,401,403,404,-1,401,404,405,-1,405,404,406,-1,405,407,408,-1,406,409,405,-1,405,409,410,-1,405,410,411,-1,411,412,405,-1,405,412,413,-1,405,413,407,-1,408,414,405,-1,405,414,415,-1,405,415,416,-1,417,418,419,-1,419,418,420,-1,421,422,423,-1,423,424,421,-1,421,424,425,-1,421,425,426,-1,426,425,427,-1,426,427,228,-1,428,429,35,-1,35,429,430,-1,365,35,226,-1,226,35,430,-1,226,430,228,-1,228,430,431,-1,228,431,426,-1,432,429,433,-1,433,429,428,-1,433,428,434,-1,435,436,437,-1,438,439,35,-1,364,27,34,-1,34,27,435,-1,34,435,35,-1,35,435,437,-1,35,437,438,-1,439,440,35,-1,35,440,441,-1,35,441,442,-1,442,443,35,-1,35,443,444,-1,35,444,428,-1,428,444,445,-1,428,445,434,-1,446,447,448,-1,448,447,449,-1,448,449,435,-1,435,449,450,-1,435,450,436,-1,31,418,32,-1,32,418,417,-1,32,417,451,-1,451,417,452,-1,451,452,453,-1,453,454,451,-1,451,454,455,-1,451,455,448,-1,448,455,456,-1,448,456,446,-1,457,458,459,-1,459,458,460,-1,427,419,228,-1,228,419,420,-1,228,420,205,-1,205,420,461,-1,205,461,196,-1,196,461,462,-1,196,462,463,-1,460,458,464,-1,464,458,465,-1,464,465,466,-1,463,467,468,-1,468,467,469,-1,468,469,470,-1,85,471,86,-1,86,471,111,-1,86,111,95,-1,95,111,112,-1,95,112,126,-1,472,473,343,-1,343,473,340,-1,343,340,341,-1,341,340,339,-1,27,29,435,-1,435,29,474,-1,435,474,448,-1,448,474,475,-1,448,475,451,-1,476,25,477,-1,477,25,24,-1,477,24,478,-1,473,28,340,-1,340,28,27,-1,340,27,299,-1,299,27,362,-1,299,362,349,-1,349,362,361,-1,475,476,451,-1,451,476,477,-1,451,477,32,-1,32,477,478,-1,32,478,30,-1,30,478,465,-1,479,292,289,-1,289,292,294,-1,289,294,290,-1,480,481,482,-1,481,480,483,-1,483,480,274,-1,483,274,484,-1,471,480,111,-1,111,480,482,-1,111,482,106,-1,106,482,485,-1,106,485,274,-1,274,485,486,-1,274,486,484,-1,487,488,489,-1,489,488,483,-1,489,483,490,-1,490,483,484,-1,490,484,491,-1,491,484,492,-1,85,472,471,-1,471,472,343,-1,471,343,480,-1,480,343,302,-1,480,302,274,-1,274,302,279,-1,274,279,272,-1,272,279,282,-1,493,293,26,-1,26,293,292,-1,26,292,24,-1,24,292,479,-1,24,479,478,-1,478,479,494,-1,494,495,478,-1,478,495,196,-1,478,196,465,-1,465,196,463,-1,465,463,466,-1,466,463,468,-1,496,497,479,-1,479,497,498,-1,498,499,479,-1,479,499,500,-1,479,500,494,-1,495,501,196,-1,196,501,502,-1,196,502,198,-1,198,502,503,-1,198,503,504,-1,504,505,198,-1,198,505,506,-1,198,506,507,-1,507,508,198,-1,198,508,509,-1,198,509,479,-1,479,509,510,-1,479,510,496,-1,511,512,479,-1,513,514,515,-1,479,512,198,-1,198,512,516,-1,198,516,517,-1,515,511,513,-1,513,511,479,-1,513,479,518,-1,518,479,289,-1,518,289,517,-1,517,289,291,-1,517,291,198,-1,519,520,521,-1,522,523,44,-1,44,523,519,-1,44,519,269,-1,269,519,521,-1,269,521,274,-1,274,521,524,-1,274,524,106,-1,106,524,522,-1,106,522,44,-1,220,218,215,-1,215,218,217,-1,215,217,214,-1,214,217,228,-1,214,228,525,-1,526,527,205,-1,205,527,528,-1,205,528,529,-1,530,531,532,-1,532,531,533,-1,529,534,205,-1,205,534,535,-1,205,535,228,-1,228,535,536,-1,228,536,525,-1,525,537,214,-1,214,537,538,-1,214,538,532,-1,532,538,539,-1,532,539,540,-1,540,541,532,-1,532,541,542,-1,532,542,530,-1,199,201,204,-1,204,201,532,-1,204,532,205,-1,205,532,533,-1,205,533,526,-1,287,286,291,-1,291,286,203,-1,291,203,198,-1,198,203,202,-1,198,202,197,-1,263,262,37,-1,37,262,543,-1,37,543,38,-1,38,543,544,-1,38,544,269,-1,269,544,53,-1,269,53,44,-1,44,53,55,-1,44,55,42,-1,545,546,288,-1,288,546,547,-1,288,547,286,-1,286,547,548,-1,286,548,203,-1,203,548,549,-1,203,549,201,-1,201,549,550,-1,201,550,532,-1,532,550,551,-1,532,551,214,-1,214,551,552,-1,214,552,212,-1,212,552,553,-1,212,553,229,-1,229,553,262,-1,229,262,259,-1,259,262,264,-1,259,264,257,-1,546,554,547,-1,547,554,555,-1,547,555,548,-1,548,555,556,-1,548,556,549,-1,549,556,557,-1,549,557,550,-1,550,557,558,-1,550,558,551,-1,551,558,559,-1,551,559,552,-1,552,559,560,-1,552,560,553,-1,553,560,561,-1,553,561,262,-1,262,561,562,-1,262,562,543,-1,543,562,563,-1,543,563,544,-1,544,563,564,-1,544,564,53,-1,53,564,565,-1,53,565,51,-1,51,565,566,-1,567,565,564,-1,567,564,568,-1,568,564,563,-1,568,563,562,-1,562,561,568,-1,568,561,560,-1,568,560,559,-1,559,558,568,-1,568,558,557,-1,568,557,556,-1,556,555,568,-1,568,555,554,-1,568,554,546,-1,569,570,571,-1,571,570,572,-1,573,574,575,-1,575,574,576,-1,577,578,579,-1,579,578,580,-1,581,582,583,-1,583,582,584,-1,585,586,587,-1,588,589,590,-1,590,589,591,-1,590,591,582,-1,582,591,592,-1,582,592,584,-1,581,593,582,-1,582,593,594,-1,582,594,587,-1,587,594,595,-1,587,595,596,-1,596,597,587,-1,587,597,598,-1,587,598,585,-1,586,599,587,-1,587,599,600,-1,587,600,601,-1,601,600,602,-1,602,603,601,-1,601,603,604,-1,601,604,605,-1,605,606,601,-1,601,606,607,-1,601,607,590,-1,590,607,608,-1,590,608,588,-1,609,610,611,-1,611,610,612,-1,569,613,570,-1,570,613,614,-1,569,11,613,-1,613,11,9,-1,613,9,615,-1,615,9,15,-1,615,15,13,-1,13,19,615,-1,615,19,17,-1,615,17,616,-1,617,618,573,-1,573,618,619,-1,573,619,574,-1,574,619,620,-1,621,622,568,-1,568,622,623,-1,568,623,567,-1,567,623,624,-1,22,625,20,-1,20,625,626,-1,2,579,627,-1,627,579,580,-1,627,580,628,-1,22,4,625,-1,625,4,6,-1,625,6,627,-1,627,6,0,-1,627,0,2,-1,577,629,578,-1,578,629,630,-1,577,3,629,-1,629,3,1,-1,629,1,631,-1,631,1,7,-1,631,7,5,-1,5,23,631,-1,631,23,21,-1,631,21,632,-1,633,634,576,-1,576,634,635,-1,576,635,575,-1,575,635,636,-1,18,637,16,-1,16,637,638,-1,18,12,637,-1,637,12,14,-1,637,14,639,-1,639,14,8,-1,639,8,10,-1,10,571,639,-1,639,571,572,-1,639,572,640,-1,613,615,641,-1,641,615,642,-1,641,642,643,-1,643,642,644,-1,643,644,645,-1,645,644,646,-1,645,646,647,-1,647,646,648,-1,647,648,649,-1,649,648,650,-1,649,650,651,-1,651,650,652,-1,651,652,653,-1,653,652,654,-1,653,654,655,-1,655,654,656,-1,655,656,657,-1,657,656,658,-1,657,658,659,-1,658,660,659,-1,659,660,601,-1,659,601,590,-1,647,649,661,-1,662,663,664,-1,590,665,666,-1,667,665,590,-1,664,663,590,-1,659,590,663,-1,668,669,670,-1,669,668,671,-1,671,668,672,-1,671,672,673,-1,673,672,674,-1,673,674,675,-1,675,674,676,-1,675,676,677,-1,677,676,678,-1,678,676,679,-1,678,679,680,-1,680,679,681,-1,681,679,682,-1,681,682,622,-1,683,667,590,-1,651,653,662,-1,662,653,655,-1,662,655,663,-1,663,655,657,-1,663,657,659,-1,684,666,685,-1,685,666,665,-1,685,665,686,-1,686,665,667,-1,686,667,687,-1,683,688,667,-1,667,688,689,-1,667,689,687,-1,687,689,690,-1,687,690,691,-1,661,684,692,-1,692,684,685,-1,692,685,693,-1,693,685,686,-1,693,686,694,-1,694,686,687,-1,694,687,695,-1,695,687,691,-1,643,645,696,-1,696,645,647,-1,647,661,696,-1,696,661,692,-1,696,692,697,-1,697,692,693,-1,697,693,698,-1,698,693,694,-1,698,694,699,-1,699,694,695,-1,699,695,700,-1,649,651,661,-1,661,651,662,-1,661,662,684,-1,684,662,664,-1,684,664,666,-1,666,664,590,-1,643,668,641,-1,641,668,670,-1,641,670,613,-1,691,701,695,-1,695,701,702,-1,695,702,700,-1,700,702,703,-1,700,703,704,-1,643,696,668,-1,668,696,697,-1,668,697,672,-1,672,697,698,-1,672,698,674,-1,674,698,699,-1,674,699,676,-1,676,699,700,-1,676,700,679,-1,679,700,704,-1,679,704,682,-1,705,706,707,-1,708,709,710,-1,601,711,712,-1,713,711,601,-1,710,709,601,-1,714,601,709,-1,715,716,717,-1,716,715,718,-1,718,715,719,-1,718,719,720,-1,720,719,721,-1,720,721,722,-1,722,721,723,-1,722,723,724,-1,724,723,725,-1,725,723,726,-1,725,726,727,-1,727,726,728,-1,728,726,642,-1,728,642,615,-1,660,713,601,-1,729,730,708,-1,708,730,731,-1,708,731,709,-1,709,731,732,-1,709,732,714,-1,733,712,734,-1,734,712,711,-1,734,711,735,-1,735,711,713,-1,735,713,736,-1,660,658,713,-1,713,658,656,-1,713,656,736,-1,736,656,654,-1,736,654,652,-1,707,733,737,-1,737,733,734,-1,737,734,738,-1,738,734,735,-1,738,735,739,-1,739,735,736,-1,739,736,740,-1,740,736,652,-1,741,742,743,-1,743,742,705,-1,705,707,743,-1,743,707,737,-1,743,737,744,-1,744,737,738,-1,744,738,745,-1,745,738,739,-1,745,739,746,-1,746,739,740,-1,746,740,747,-1,706,729,707,-1,707,729,708,-1,707,708,733,-1,733,708,710,-1,733,710,712,-1,712,710,601,-1,741,715,748,-1,748,715,717,-1,748,717,619,-1,652,650,740,-1,740,650,648,-1,740,648,747,-1,747,648,646,-1,747,646,644,-1,741,743,715,-1,715,743,744,-1,715,744,719,-1,719,744,745,-1,719,745,721,-1,721,745,746,-1,721,746,723,-1,723,746,747,-1,723,747,726,-1,726,747,644,-1,726,644,642,-1,623,622,749,-1,749,622,682,-1,749,682,750,-1,750,682,704,-1,750,704,751,-1,751,704,703,-1,751,703,752,-1,752,703,702,-1,752,702,753,-1,753,702,701,-1,753,701,754,-1,754,701,691,-1,754,691,755,-1,755,691,690,-1,755,690,756,-1,756,690,689,-1,756,689,757,-1,757,689,688,-1,757,688,758,-1,688,683,758,-1,758,683,590,-1,758,590,582,-1,759,760,670,-1,670,760,761,-1,670,761,613,-1,613,761,762,-1,613,762,614,-1,670,669,759,-1,759,669,671,-1,759,671,763,-1,763,671,673,-1,673,675,763,-1,763,675,677,-1,763,677,764,-1,764,677,678,-1,764,678,765,-1,765,678,680,-1,765,680,766,-1,766,680,681,-1,766,681,767,-1,767,681,622,-1,767,622,621,-1,768,769,717,-1,717,769,770,-1,717,770,619,-1,619,770,771,-1,619,771,620,-1,717,716,768,-1,768,716,718,-1,768,718,772,-1,772,718,720,-1,720,722,772,-1,772,722,724,-1,772,724,773,-1,773,724,725,-1,773,725,774,-1,774,725,727,-1,774,727,775,-1,775,727,728,-1,775,728,776,-1,776,728,615,-1,776,615,616,-1,619,618,748,-1,748,618,777,-1,748,777,741,-1,741,777,778,-1,741,778,742,-1,742,778,779,-1,742,779,705,-1,705,779,780,-1,705,780,706,-1,706,780,781,-1,706,781,729,-1,729,781,782,-1,729,782,730,-1,730,782,783,-1,730,783,731,-1,731,783,784,-1,731,784,732,-1,732,784,785,-1,732,785,714,-1,785,786,714,-1,714,786,587,-1,714,587,601,-1,625,627,787,-1,787,627,788,-1,787,788,789,-1,789,788,790,-1,789,790,791,-1,791,790,792,-1,791,792,793,-1,793,792,794,-1,793,794,795,-1,795,794,796,-1,795,796,797,-1,797,796,798,-1,797,798,799,-1,799,798,800,-1,799,800,801,-1,801,800,802,-1,801,802,803,-1,803,802,804,-1,803,804,805,-1,804,806,805,-1,805,806,582,-1,805,582,587,-1,752,753,807,-1,808,809,810,-1,582,811,812,-1,813,811,582,-1,810,809,582,-1,758,582,809,-1,814,815,816,-1,815,814,817,-1,817,814,818,-1,817,818,819,-1,819,818,820,-1,819,820,821,-1,821,820,822,-1,821,822,823,-1,823,822,824,-1,824,822,825,-1,824,825,826,-1,826,825,827,-1,827,825,788,-1,827,788,627,-1,806,813,582,-1,754,755,808,-1,808,755,756,-1,808,756,809,-1,809,756,757,-1,809,757,758,-1,828,812,829,-1,829,812,811,-1,829,811,830,-1,830,811,813,-1,830,813,831,-1,806,804,813,-1,813,804,802,-1,813,802,831,-1,831,802,800,-1,831,800,798,-1,807,828,832,-1,832,828,829,-1,832,829,833,-1,833,829,830,-1,833,830,834,-1,834,830,831,-1,834,831,835,-1,835,831,798,-1,750,751,836,-1,836,751,752,-1,752,807,836,-1,836,807,832,-1,836,832,837,-1,837,832,833,-1,837,833,838,-1,838,833,834,-1,838,834,839,-1,839,834,835,-1,839,835,840,-1,753,754,807,-1,807,754,808,-1,807,808,828,-1,828,808,810,-1,828,810,812,-1,812,810,582,-1,750,814,749,-1,749,814,816,-1,749,816,623,-1,798,796,835,-1,835,796,794,-1,835,794,840,-1,840,794,792,-1,840,792,790,-1,750,836,814,-1,814,836,837,-1,814,837,818,-1,818,837,838,-1,818,838,820,-1,820,838,839,-1,820,839,822,-1,822,839,840,-1,822,840,825,-1,825,840,790,-1,825,790,788,-1,572,570,640,-1,640,570,614,-1,640,614,841,-1,841,614,762,-1,841,762,842,-1,842,762,761,-1,842,761,843,-1,843,761,760,-1,843,760,844,-1,844,760,759,-1,844,759,845,-1,845,759,763,-1,845,763,846,-1,846,763,764,-1,846,764,847,-1,847,764,765,-1,847,765,848,-1,848,765,766,-1,848,766,849,-1,849,766,767,-1,849,767,545,-1,545,767,621,-1,545,621,546,-1,546,621,568,-1,17,16,616,-1,616,16,638,-1,616,638,776,-1,776,638,850,-1,776,850,775,-1,775,850,851,-1,775,851,774,-1,774,851,852,-1,774,852,773,-1,773,852,853,-1,773,853,772,-1,772,853,854,-1,772,854,768,-1,768,854,855,-1,768,855,769,-1,769,855,856,-1,769,856,770,-1,770,856,857,-1,770,857,771,-1,771,857,858,-1,771,858,620,-1,620,858,633,-1,620,633,574,-1,574,633,576,-1,793,795,859,-1,860,861,862,-1,587,863,864,-1,865,863,587,-1,862,861,587,-1,805,587,861,-1,866,867,868,-1,867,866,869,-1,869,866,870,-1,869,870,871,-1,871,870,872,-1,871,872,873,-1,873,872,874,-1,873,874,875,-1,875,874,876,-1,876,874,877,-1,876,877,878,-1,878,877,879,-1,879,877,777,-1,879,777,618,-1,786,865,587,-1,797,799,860,-1,860,799,801,-1,860,801,861,-1,861,801,803,-1,861,803,805,-1,880,864,881,-1,881,864,863,-1,881,863,882,-1,882,863,865,-1,882,865,883,-1,786,785,865,-1,865,785,784,-1,865,784,883,-1,883,784,783,-1,883,783,782,-1,859,880,884,-1,884,880,881,-1,884,881,885,-1,885,881,882,-1,885,882,886,-1,886,882,883,-1,886,883,887,-1,887,883,782,-1,789,791,888,-1,888,791,793,-1,793,859,888,-1,888,859,884,-1,888,884,889,-1,889,884,885,-1,889,885,890,-1,890,885,886,-1,890,886,891,-1,891,886,887,-1,891,887,892,-1,795,797,859,-1,859,797,860,-1,859,860,880,-1,880,860,862,-1,880,862,864,-1,864,862,587,-1,789,866,787,-1,787,866,868,-1,787,868,625,-1,782,781,887,-1,887,781,780,-1,887,780,892,-1,892,780,779,-1,892,779,778,-1,789,888,866,-1,866,888,889,-1,866,889,870,-1,870,889,890,-1,870,890,872,-1,872,890,891,-1,872,891,874,-1,874,891,892,-1,874,892,877,-1,877,892,778,-1,877,778,777,-1,893,894,816,-1,816,894,895,-1,816,895,623,-1,623,895,896,-1,623,896,624,-1,816,815,893,-1,893,815,817,-1,893,817,897,-1,897,817,819,-1,819,821,897,-1,897,821,823,-1,897,823,898,-1,898,823,824,-1,898,824,899,-1,899,824,826,-1,899,826,900,-1,900,826,827,-1,900,827,901,-1,901,827,627,-1,901,627,628,-1,287,848,288,-1,288,848,849,-1,288,849,545,-1,290,294,902,-1,902,294,293,-1,902,293,493,-1,287,290,848,-1,848,290,902,-1,848,902,847,-1,847,902,846,-1,902,903,846,-1,846,903,904,-1,846,904,845,-1,845,904,905,-1,905,906,845,-1,845,906,907,-1,845,907,844,-1,844,907,908,-1,844,908,843,-1,843,908,909,-1,843,909,842,-1,842,909,910,-1,842,910,841,-1,841,910,639,-1,841,639,640,-1,637,639,911,-1,911,639,912,-1,911,912,913,-1,913,912,914,-1,913,914,915,-1,915,914,916,-1,915,916,917,-1,917,916,918,-1,917,918,919,-1,919,918,920,-1,919,920,921,-1,921,920,922,-1,921,922,923,-1,923,922,924,-1,923,924,925,-1,925,924,926,-1,925,926,927,-1,927,926,928,-1,927,928,929,-1,928,930,929,-1,929,930,612,-1,929,612,610,-1,853,852,931,-1,931,852,851,-1,931,851,637,-1,637,851,850,-1,637,850,638,-1,931,932,853,-1,853,932,933,-1,853,933,854,-1,854,933,934,-1,934,935,854,-1,854,935,936,-1,854,936,855,-1,855,936,937,-1,855,937,856,-1,856,937,938,-1,856,938,857,-1,857,938,939,-1,857,939,858,-1,858,939,634,-1,858,634,633,-1,940,941,868,-1,868,941,942,-1,868,942,625,-1,625,942,943,-1,625,943,626,-1,868,867,940,-1,940,867,869,-1,940,869,944,-1,944,869,871,-1,871,873,944,-1,944,873,875,-1,944,875,945,-1,945,875,876,-1,945,876,946,-1,946,876,878,-1,946,878,947,-1,947,878,879,-1,947,879,948,-1,948,879,618,-1,948,618,617,-1,580,578,628,-1,628,578,630,-1,628,630,901,-1,901,630,949,-1,901,949,900,-1,900,949,950,-1,900,950,899,-1,899,950,951,-1,899,951,898,-1,898,951,952,-1,898,952,897,-1,897,952,953,-1,897,953,893,-1,893,953,954,-1,893,954,894,-1,894,954,955,-1,894,955,895,-1,895,955,956,-1,895,956,896,-1,896,956,957,-1,896,957,624,-1,624,957,566,-1,624,566,567,-1,567,566,565,-1,958,612,959,-1,926,924,960,-1,922,920,961,-1,962,963,964,-1,902,493,965,-1,904,903,966,-1,966,903,902,-1,910,909,963,-1,963,909,908,-1,963,908,964,-1,964,908,907,-1,964,907,906,-1,639,910,912,-1,912,910,963,-1,912,963,914,-1,914,963,962,-1,914,962,916,-1,916,962,918,-1,902,965,966,-1,966,965,967,-1,966,967,968,-1,920,918,961,-1,961,918,962,-1,961,962,969,-1,969,962,964,-1,969,964,970,-1,970,964,906,-1,967,971,968,-1,968,971,972,-1,968,972,973,-1,924,922,960,-1,960,922,961,-1,960,961,974,-1,974,961,969,-1,974,969,975,-1,975,969,970,-1,972,976,973,-1,973,976,977,-1,973,977,978,-1,975,979,974,-1,974,979,980,-1,974,980,960,-1,960,980,981,-1,960,981,926,-1,905,904,982,-1,982,904,966,-1,982,966,983,-1,983,966,968,-1,983,968,984,-1,984,968,973,-1,984,973,985,-1,985,973,978,-1,985,978,986,-1,986,978,959,-1,986,959,612,-1,612,930,981,-1,981,930,928,-1,981,928,926,-1,979,987,980,-1,980,987,988,-1,980,988,981,-1,981,988,612,-1,987,989,988,-1,988,989,612,-1,977,990,978,-1,978,990,991,-1,978,991,959,-1,959,991,992,-1,959,992,958,-1,906,905,970,-1,970,905,982,-1,970,982,975,-1,975,982,983,-1,975,983,979,-1,979,983,984,-1,979,984,987,-1,987,984,985,-1,987,985,989,-1,989,985,986,-1,989,986,612,-1,929,610,993,-1,994,995,996,-1,997,998,999,-1,1000,1001,1002,-1,931,637,911,-1,933,932,1003,-1,1003,932,931,-1,939,938,1001,-1,1001,938,937,-1,1001,937,1002,-1,1002,937,936,-1,1002,936,935,-1,634,939,1004,-1,1004,939,1001,-1,1004,1001,1005,-1,1005,1001,1000,-1,1005,1000,1006,-1,1006,1000,1007,-1,931,911,1003,-1,1003,911,913,-1,1003,913,1008,-1,998,1007,999,-1,999,1007,1000,-1,999,1000,1009,-1,1009,1000,1002,-1,1009,1002,1010,-1,1010,1002,935,-1,913,915,1008,-1,1008,915,917,-1,1008,917,1011,-1,995,997,996,-1,996,997,999,-1,996,999,1012,-1,1012,999,1009,-1,1012,1009,1013,-1,1013,1009,1010,-1,917,919,1011,-1,1011,919,921,-1,1011,921,1014,-1,1013,1015,1012,-1,1012,1015,1016,-1,1012,1016,996,-1,996,1016,1017,-1,996,1017,994,-1,934,933,1018,-1,1018,933,1003,-1,1018,1003,1019,-1,1019,1003,1008,-1,1019,1008,1020,-1,1020,1008,1011,-1,1020,1011,1021,-1,1021,1011,1014,-1,1021,1014,1022,-1,1022,1014,993,-1,1022,993,610,-1,610,1023,1017,-1,1017,1023,1024,-1,1017,1024,994,-1,1015,1025,1016,-1,1016,1025,1026,-1,1016,1026,1017,-1,1017,1026,610,-1,1025,1027,1026,-1,1026,1027,610,-1,921,923,1014,-1,1014,923,925,-1,1014,925,993,-1,993,925,927,-1,993,927,929,-1,935,934,1010,-1,1010,934,1018,-1,1010,1018,1013,-1,1013,1018,1019,-1,1013,1019,1015,-1,1015,1019,1020,-1,1015,1020,1025,-1,1025,1020,1021,-1,1025,1021,1027,-1,1027,1021,1022,-1,1027,1022,610,-1,573,575,617,-1,617,575,636,-1,617,636,948,-1,948,636,1028,-1,948,1028,947,-1,947,1028,1029,-1,947,1029,946,-1,946,1029,1030,-1,946,1030,945,-1,945,1030,1031,-1,945,1031,944,-1,944,1031,1032,-1,944,1032,940,-1,940,1032,1033,-1,940,1033,941,-1,941,1033,1034,-1,941,1034,942,-1,942,1034,1035,-1,942,1035,943,-1,943,1035,1036,-1,943,1036,626,-1,626,1036,632,-1,626,632,20,-1,20,632,21,-1,952,951,1037,-1,1037,951,950,-1,1037,950,629,-1,629,950,949,-1,629,949,630,-1,1037,1038,952,-1,952,1038,1039,-1,952,1039,953,-1,953,1039,1040,-1,51,566,957,-1,89,82,1041,-1,1041,82,74,-1,1041,74,59,-1,51,957,57,-1,1040,1042,953,-1,953,1042,1043,-1,953,1043,954,-1,954,1043,1044,-1,954,1044,955,-1,955,1044,1045,-1,955,1045,956,-1,956,1045,1041,-1,956,1041,957,-1,957,1041,59,-1,957,59,57,-1,493,26,965,-1,965,26,25,-1,25,476,965,-1,965,476,475,-1,965,475,474,-1,29,28,1046,-1,1046,28,473,-1,1046,473,472,-1,472,85,1046,-1,1046,85,87,-1,1046,87,89,-1,474,29,965,-1,965,29,1046,-1,965,1046,967,-1,967,1046,1047,-1,967,1047,971,-1,971,1047,1048,-1,971,1048,972,-1,972,1048,1049,-1,972,1049,976,-1,976,1049,1050,-1,976,1050,977,-1,977,1050,1051,-1,977,1051,990,-1,990,1051,1052,-1,990,1052,991,-1,991,1052,1053,-1,991,1053,992,-1,992,1053,1054,-1,992,1054,958,-1,1054,1055,958,-1,958,1055,611,-1,958,611,612,-1,635,634,1056,-1,1056,634,1004,-1,1056,1004,1057,-1,1057,1004,1005,-1,1057,1005,1058,-1,1058,1005,1006,-1,1058,1006,1059,-1,1059,1006,1007,-1,1059,1007,1060,-1,1060,1007,998,-1,1060,998,1061,-1,1061,998,997,-1,1061,997,1062,-1,1062,997,995,-1,1062,995,1063,-1,1063,995,994,-1,1063,994,1064,-1,1064,994,1024,-1,1064,1024,1065,-1,1024,1023,1065,-1,1065,1023,610,-1,1065,610,609,-1,1031,1030,1066,-1,1066,1030,1029,-1,1066,1029,635,-1,635,1029,1028,-1,635,1028,636,-1,1066,1067,1031,-1,1031,1067,1068,-1,1031,1068,1032,-1,1032,1068,1069,-1,1069,1070,1032,-1,1032,1070,1071,-1,1032,1071,1033,-1,1033,1071,1072,-1,1033,1072,1034,-1,1034,1072,1073,-1,1034,1073,1035,-1,1035,1073,1074,-1,1035,1074,1036,-1,1036,1074,631,-1,1036,631,632,-1,1075,611,1076,-1,1053,1052,1077,-1,1051,1050,1078,-1,1079,1080,1081,-1,1037,629,1082,-1,1039,1038,1083,-1,1083,1038,1037,-1,1041,1045,1080,-1,1080,1045,1044,-1,1080,1044,1081,-1,1081,1044,1043,-1,1081,1043,1042,-1,89,1041,1046,-1,1046,1041,1080,-1,1046,1080,1047,-1,1047,1080,1079,-1,1047,1079,1048,-1,1048,1079,1049,-1,1037,1082,1083,-1,1083,1082,1084,-1,1083,1084,1085,-1,1050,1049,1078,-1,1078,1049,1079,-1,1078,1079,1086,-1,1086,1079,1081,-1,1086,1081,1087,-1,1087,1081,1042,-1,1084,1088,1085,-1,1085,1088,1089,-1,1085,1089,1090,-1,1052,1051,1077,-1,1077,1051,1078,-1,1077,1078,1091,-1,1091,1078,1086,-1,1091,1086,1092,-1,1092,1086,1087,-1,1089,1093,1090,-1,1090,1093,1094,-1,1090,1094,1095,-1,1092,1096,1091,-1,1091,1096,1097,-1,1091,1097,1077,-1,1077,1097,1098,-1,1077,1098,1053,-1,1040,1039,1099,-1,1099,1039,1083,-1,1099,1083,1100,-1,1100,1083,1085,-1,1100,1085,1101,-1,1101,1085,1090,-1,1101,1090,1102,-1,1102,1090,1095,-1,1102,1095,1103,-1,1103,1095,1076,-1,1103,1076,611,-1,611,1055,1098,-1,1098,1055,1054,-1,1098,1054,1053,-1,1096,1104,1097,-1,1097,1104,1105,-1,1097,1105,1098,-1,1098,1105,611,-1,1104,1106,1105,-1,1105,1106,611,-1,1094,1107,1095,-1,1095,1107,1108,-1,1095,1108,1076,-1,1076,1108,1109,-1,1076,1109,1075,-1,1042,1040,1087,-1,1087,1040,1099,-1,1087,1099,1092,-1,1092,1099,1100,-1,1092,1100,1096,-1,1096,1100,1101,-1,1096,1101,1104,-1,1104,1101,1102,-1,1104,1102,1106,-1,1106,1102,1103,-1,1106,1103,611,-1,1065,609,1110,-1,1111,1112,1113,-1,1114,1115,1116,-1,1117,1118,1119,-1,1066,635,1056,-1,1068,1067,1120,-1,1120,1067,1066,-1,1074,1073,1118,-1,1118,1073,1072,-1,1118,1072,1119,-1,1119,1072,1071,-1,1119,1071,1070,-1,631,1074,1121,-1,1121,1074,1118,-1,1121,1118,1122,-1,1122,1118,1117,-1,1122,1117,1123,-1,1123,1117,1124,-1,1066,1056,1120,-1,1120,1056,1057,-1,1120,1057,1125,-1,1115,1124,1116,-1,1116,1124,1117,-1,1116,1117,1126,-1,1126,1117,1119,-1,1126,1119,1127,-1,1127,1119,1070,-1,1057,1058,1125,-1,1125,1058,1059,-1,1125,1059,1128,-1,1112,1114,1113,-1,1113,1114,1116,-1,1113,1116,1129,-1,1129,1116,1126,-1,1129,1126,1130,-1,1130,1126,1127,-1,1059,1060,1128,-1,1128,1060,1061,-1,1128,1061,1131,-1,1130,1132,1129,-1,1129,1132,1133,-1,1129,1133,1113,-1,1113,1133,1134,-1,1113,1134,1111,-1,1069,1068,1135,-1,1135,1068,1120,-1,1135,1120,1136,-1,1136,1120,1125,-1,1136,1125,1137,-1,1137,1125,1128,-1,1137,1128,1138,-1,1138,1128,1131,-1,1138,1131,1139,-1,1139,1131,1110,-1,1139,1110,609,-1,609,1140,1134,-1,1134,1140,1141,-1,1134,1141,1111,-1,1132,1142,1133,-1,1133,1142,1143,-1,1133,1143,1134,-1,1134,1143,609,-1,1142,1144,1143,-1,1143,1144,609,-1,1061,1062,1131,-1,1131,1062,1063,-1,1131,1063,1110,-1,1110,1063,1064,-1,1110,1064,1065,-1,1070,1069,1127,-1,1127,1069,1135,-1,1127,1135,1130,-1,1130,1135,1136,-1,1130,1136,1132,-1,1132,1136,1137,-1,1132,1137,1142,-1,1142,1137,1138,-1,1142,1138,1144,-1,1144,1138,1139,-1,1144,1139,609,-1,629,631,1082,-1,1082,631,1121,-1,1082,1121,1084,-1,1084,1121,1122,-1,1084,1122,1088,-1,1088,1122,1123,-1,1088,1123,1089,-1,1089,1123,1124,-1,1089,1124,1093,-1,1093,1124,1115,-1,1093,1115,1094,-1,1094,1115,1114,-1,1094,1114,1107,-1,1107,1114,1112,-1,1107,1112,1108,-1,1108,1112,1111,-1,1108,1111,1109,-1,1109,1111,1141,-1,1109,1141,1075,-1,1141,1140,1075,-1,1075,1140,609,-1,1075,609,611,-1,
        ]
    }
}
Shape{
    appearance Appearance {
        material  Material 	{
            diffuseColor 0.4392156862745098 0.4392156862745098 0.4392156862745098
            specularColor 0.2196078431372549 0.2196078431372549 0.2196078431372549
            ambientIntensity 0.2
            transparency 0
            shininess 0.5
        }
    }
    geometry IndexedFaceSet {
        ccw TRUE
        solid FALSE
        coord DEF co Coordinate {
            point [
                -0.2505 -0.142 0.3898, -0.2505 -0.142 0.3937, -0.2516 -0.1339 0.3898, -0.2516 -0.1339 0.3937, -0.2547 -0.1263 0.3898, -0.2547 -0.1263 0.3937, -0.2597 -0.1198 0.3898, -0.2597 -0.1198 0.3937, -0.2662 -0.1148 0.3898, -0.2662 -0.1148 0.3937, -0.2738 -0.1117 0.3898, -0.2738 -0.1117 0.3937, -0.2819 -0.1106 0.3898, -0.2819 -0.1106 0.3937, -0.29 -0.1117 0.3898, -0.29 -0.1117 0.3937, -0.2976 -0.1148 0.3898, -0.2976 -0.1148 0.3937, -0.304 -0.1198 0.3898, -0.304 -0.1198 0.3937, -0.309 -0.1263 0.3898, -0.309 -0.1263 0.3937, -0.3122 -0.1339 0.3898, -0.3122 -0.1339 0.3937, -0.3132 -0.142 0.3898, -0.3132 -0.142 0.3937, -0.3122 -0.1501 0.3898, -0.3122 -0.1501 0.3937, -0.309 -0.1576 0.3898, -0.309 -0.1576 0.3937, -0.304 -0.1641 0.3898, -0.304 -0.1641 0.3937, -0.2976 -0.1691 0.3898, -0.2976 -0.1691 0.3937, -0.29 -0.1722 0.3898, -0.29 -0.1722 0.3937, -0.2819 -0.1733 0.3898, -0.2819 -0.1733 0.3937, -0.2738 -0.1722 0.3898, -0.2738 -0.1722 0.3937, -0.2662 -0.1691 0.3898, -0.2662 -0.1691 0.3937, -0.2597 -0.1641 0.3898, -0.2597 -0.1641 0.3937, -0.2547 -0.1576 0.3898, -0.2547 -0.1576 0.3937, -0.2516 -0.1501 0.3898, -0.2516 -0.1501 0.3937, -0.2819 -0.142 0.3898, -0.2819 -0.142 0.3898
            ]
        }
        coordIndex [
            0,1,2,-1,2,1,3,-1,2,3,4,-1,4,3,5,-1,4,5,6,-1,6,5,7,-1,6,7,8,-1,8,7,9,-1,8,9,10,-1,10,9,11,-1,10,11,12,-1,12,11,13,-1,12,13,14,-1,14,13,15,-1,14,15,16,-1,16,15,17,-1,16,17,18,-1,18,17,19,-1,18,19,20,-1,20,19,21,-1,20,21,22,-1,22,21,23,-1,22,23,24,-1,24,23,25,-1,24,25,26,-1,26,25,27,-1,26,27,28,-1,28,27,29,-1,28,29,30,-1,30,29,31,-1,30,31,32,-1,32,31,33,-1,32,33,34,-1,34,33,35,-1,34,35,36,-1,36,35,37,-1,36,37,38,-1,38,37,39,-1,38,39,40,-1,40,39,41,-1,40,41,42,-1,42,41,43,-1,42,43,44,-1,44,43,45,-1,44,45,46,-1,46,45,47,-1,46,47,0,-1,0,47,1,-1,44,46,48,-1,48,46,0,-1,48,0,2,-1,38,40,48,-1,48,40,42,-1,48,42,44,-1,32,34,48,-1,48,34,36,-1,48,36,38,-1,26,28,48,-1,48,28,30,-1,48,30,32,-1,20,22,48,-1,48,22,24,-1,48,24,26,-1,14,16,48,-1,48,16,18,-1,48,18,20,-1,8,10,48,-1,48,10,12,-1,48,12,14,-1,2,4,48,-1,48,4,6,-1,48,6,8,-1,
        ]
    }
}
Shape{
    appearance Appearance {
        material  Material 	{
            diffuseColor 1.0 1.0 1.0
            specularColor 0.5019607843137255 0.5019607843137255 0.5019607843137255
            ambientIntensity 0.2
            transparency 0
            shininess 0.5
        }
    }
    geometry IndexedFaceSet {
        ccw TRUE
        solid FALSE
        coord DEF co Coordinate {
            point [
                0.3826 0.0215 0.1641, 0.3822 0.0215 0.1614, 0.3822 0.0215 0.1642, 0.3818 0.0215 0.1615, 0.3826 0.012 0.1641, 0.3822 0.012 0.1642, 0.3855 0.012 0.1852, 0.3852 0.012 0.1853, 0.3855 0.0089 0.1852, 0.3852 0.0089 0.1853, 0.3822 0.0089 0.1614, 0.3818 0.0089 0.1615, 0.3821 0.0338 0.161, 0.3818 0.0338 0.1611, 0.3818 0.0375 0.1614, 0.3819 0.0395 0.1621, 0.3823 0.0401 0.1622, 0.3822 0.0375 0.1614, 0.3819 0.0401 0.1623, 0.382 0.0405 0.1625, 0.3823 0.0405 0.1624, 0.3828 0.0405 0.1653, 0.3824 0.0405 0.1654, 0.3823 0.0395 0.1649, 0.3826 0.0381 0.1643, 0.3822 0.0381 0.1643, 0.3821 0.0354 0.1638, 0.3825 0.0354 0.1638, 0.3821 0.0343 0.1638, 0.3825 0.0343 0.1637, 0.3822 0.0319 0.1641, 0.3826 0.0319 0.164, 0.3823 0.0302 0.1648, 0.3827 0.0302 0.1647, 0.3824 0.0286 0.1659, 0.3828 0.0286 0.1658, 0.3825 0.0281 0.1663, 0.3829 0.0281 0.1663, 0.3827 0.0269 0.1679, 0.3831 0.0269 0.1679, 0.383 0.0262 0.1698, 0.3834 0.0262 0.1698, 0.3833 0.0258 0.1722, 0.3837 0.0258 0.1722, 0.3834 0.0258 0.1731, 0.3838 0.0258 0.173, 0.3839 0.0262 0.1764, 0.3843 0.0262 0.1764, 0.3842 0.027 0.1785, 0.3846 0.027 0.1784, 0.3845 0.0283 0.1802, 0.3848 0.0283 0.1802, 0.3846 0.0299 0.1816, 0.385 0.0299 0.1815, 0.3848 0.0318 0.1824, 0.3852 0.0318 0.1824, 0.3848 0.0339 0.1828, 0.3852 0.0339 0.1828, 0.3848 0.0348 0.1829, 0.3852 0.0348 0.1828, 0.3848 0.0378 0.1825, 0.3847 0.0395 0.1819, 0.385 0.0402 0.1816, 0.3852 0.0378 0.1825, 0.3846 0.0402 0.1816, 0.3846 0.0405 0.1815, 0.385 0.0405 0.1814, 0.3855 0.0405 0.1846, 0.3851 0.0405 0.1847, 0.3852 0.0348 0.1857, 0.3856 0.0348 0.1856, 0.3856 0.0349 0.1856, 0.3851 0.0395 0.185, 0.3856 0.038 0.1853, 0.3852 0.038 0.1854, 0.3852 0.0373 0.1855, 0.3852 0.0349 0.1857, 0.3852 0.0331 0.1855, 0.3855 0.0313 0.1852, 0.3852 0.0313 0.1852, 0.385 0.0288 0.1843, 0.3854 0.0288 0.1842, 0.3848 0.0265 0.1827, 0.3852 0.0265 0.1826, 0.3847 0.026 0.1822, 0.3851 0.026 0.1821, 0.3844 0.0242 0.1799, 0.3848 0.0242 0.1798, 0.3842 0.0236 0.1784, 0.3844 0.0231 0.1772, 0.384 0.0231 0.1773, 0.3836 0.0225 0.1742, 0.384 0.0225 0.1741, 0.3834 0.0225 0.1729, 0.3838 0.0225 0.1729, 0.3829 0.0229 0.1694, 0.3827 0.0236 0.1675, 0.383 0.0238 0.1668, 0.3833 0.0229 0.1693, 0.3826 0.0238 0.1668, 0.3823 0.0252 0.1647, 0.3827 0.0252 0.1647, 0.3822 0.0256 0.1643, 0.3826 0.0256 0.1643, 0.382 0.0275 0.1627, 0.3824 0.0275 0.1627, 0.3818 0.0298 0.1617, 0.3822 0.0298 0.1616, 0.3818 0.0324 0.1611, 0.3822 0.0324 0.1611, 0.3826 0.0582 0.1641, 0.3822 0.0582 0.1614, 0.3822 0.0582 0.1642, 0.3818 0.0582 0.1615, 0.3822 0.0484 0.1642, 0.3826 0.0484 0.1641, 0.3822 0.0549 0.1642, 0.3837 0.0484 0.1721, 0.3833 0.0484 0.1722, 0.3833 0.057 0.1722, 0.3837 0.057 0.1721, 0.3833 0.0549 0.1722, 0.3841 0.057 0.1749, 0.3837 0.057 0.1749, 0.3837 0.0484 0.1749, 0.3841 0.0484 0.1749, 0.3837 0.0549 0.1749, 0.3852 0.0484 0.1825, 0.3848 0.0484 0.1825, 0.3848 0.0577 0.1825, 0.3852 0.0577 0.1825, 0.3848 0.0549 0.1825, 0.3855 0.0577 0.1852, 0.3852 0.0577 0.1853, 0.3852 0.0453 0.1853, 0.3855 0.0453 0.1852, 0.3852 0.0549 0.1853, 0.3822 0.0453 0.1614, 0.3818 0.0453 0.1615, 0.3818 0.0549 0.1615, 0.3831 0.0777 0.1681, 0.3829 0.0765 0.1666, 0.3827 0.0787 0.1647, 0.3829 0.076 0.1662, 0.3824 0.0762 0.163, 0.3827 0.0745 0.1652, 0.3823 0.0735 0.1619, 0.3826 0.0724 0.1645, 0.3822 0.0694 0.1614, 0.3826 0.0693 0.1641, 0.3822 0.0628 0.1614, 0.3826 0.0659 0.1641, 0.3855 0.0628 0.1852, 0.3852 0.0659 0.1825, 0.3855 0.0696 0.1852, 0.3852 0.0695 0.1825, 0.3855 0.0733 0.1848, 0.3851 0.0726 0.1821, 0.3853 0.0762 0.1838, 0.385 0.0747 0.1814, 0.3851 0.0787 0.1821, 0.3848 0.0764 0.1802, 0.385 0.0795 0.1813, 0.3847 0.0772 0.1794, 0.3847 0.081 0.1792, 0.3845 0.0781 0.1781, 0.3844 0.0819 0.1769, 0.3843 0.0788 0.1763, 0.3839 0.0823 0.1736, 0.3839 0.0791 0.1735, 0.3837 0.0822 0.1721, 0.3837 0.079 0.172, 0.3833 0.0817 0.1693, 0.3834 0.0785 0.1698, 0.383 0.0805 0.1669, 0.3818 0.0694 0.1615, 0.3818 0.0628 0.1615, 0.3819 0.0735 0.162, 0.382 0.0762 0.163, 0.3823 0.0787 0.1648, 0.3826 0.0805 0.1669, 0.3829 0.0817 0.1694, 0.3833 0.0822 0.1722, 0.3835 0.0823 0.1737, 0.384 0.0819 0.177, 0.3843 0.081 0.1792, 0.3846 0.0795 0.1813, 0.3847 0.0787 0.1821, 0.385 0.0762 0.1838, 0.3851 0.0733 0.1849, 0.3852 0.0696 0.1853, 0.3852 0.0628 0.1853, 0.3848 0.0695 0.1825, 0.3848 0.0659 0.1825, 0.3822 0.0659 0.1642, 0.3822 0.0693 0.1642, 0.3825 0.0765 0.1667, 0.3825 0.076 0.1663, 0.3823 0.0745 0.1652, 0.3822 0.0724 0.1645, 0.3835 0.0791 0.1736, 0.3833 0.079 0.1721, 0.383 0.0785 0.1699, 0.3827 0.0777 0.1681, 0.3845 0.0764 0.1803, 0.3843 0.0772 0.1795, 0.3842 0.0781 0.1781, 0.3839 0.0788 0.1763, 0.3847 0.0726 0.1822, 0.3846 0.0747 0.1814, 0.3846 0.0747 0.1814
            ]
        }
        coordIndex [
            0,1,2,-1,2,1,3,-1,4,0,5,-1,5,0,2,-1,6,4,7,-1,7,4,5,-1,8,6,9,-1,9,6,7,-1,10,8,11,-1,11,8,9,-1,1,10,3,-1,3,10,11,-1,6,8,4,-1,4,8,10,-1,4,10,0,-1,0,10,1,-1,12,13,14,-1,15,16,14,-1,14,16,17,-1,14,17,12,-1,15,18,16,-1,16,18,19,-1,16,19,20,-1,21,20,22,-1,22,20,19,-1,21,22,23,-1,21,23,24,-1,23,25,24,-1,24,25,26,-1,24,26,27,-1,27,26,28,-1,27,28,29,-1,29,28,30,-1,29,30,31,-1,31,30,32,-1,31,32,33,-1,33,32,34,-1,33,34,35,-1,35,34,36,-1,35,36,37,-1,37,36,38,-1,37,38,39,-1,39,38,40,-1,39,40,41,-1,41,40,42,-1,41,42,43,-1,43,42,44,-1,43,44,45,-1,45,44,46,-1,45,46,47,-1,47,46,48,-1,47,48,49,-1,49,48,50,-1,49,50,51,-1,51,50,52,-1,51,52,53,-1,53,52,54,-1,53,54,55,-1,55,54,56,-1,55,56,57,-1,57,56,58,-1,57,58,59,-1,59,58,60,-1,61,62,60,-1,60,62,63,-1,60,63,59,-1,61,64,62,-1,62,64,65,-1,62,65,66,-1,67,66,68,-1,68,66,65,-1,69,70,71,-1,67,68,72,-1,67,72,73,-1,72,74,73,-1,73,74,75,-1,73,75,71,-1,71,75,76,-1,71,76,69,-1,70,69,77,-1,70,77,78,-1,77,79,78,-1,78,79,80,-1,78,80,81,-1,81,80,82,-1,81,82,83,-1,83,82,84,-1,83,84,85,-1,85,84,86,-1,85,86,87,-1,87,86,88,-1,87,88,89,-1,88,90,89,-1,89,90,91,-1,89,91,92,-1,92,91,93,-1,92,93,94,-1,94,93,95,-1,96,97,95,-1,95,97,98,-1,95,98,94,-1,96,99,97,-1,97,99,100,-1,97,100,101,-1,101,100,102,-1,101,102,103,-1,103,102,104,-1,103,104,105,-1,105,104,106,-1,105,106,107,-1,107,106,108,-1,107,108,109,-1,109,108,13,-1,109,13,12,-1,62,66,67,-1,53,83,51,-1,51,83,85,-1,51,85,49,-1,49,85,87,-1,49,87,47,-1,62,67,63,-1,63,67,73,-1,63,73,59,-1,59,73,71,-1,59,71,57,-1,57,71,70,-1,57,70,55,-1,55,70,78,-1,55,78,53,-1,53,78,81,-1,53,81,83,-1,20,21,16,-1,16,21,24,-1,16,24,17,-1,17,24,27,-1,17,27,12,-1,12,27,29,-1,12,29,109,-1,109,29,31,-1,109,31,107,-1,107,31,33,-1,107,33,105,-1,105,33,35,-1,105,35,103,-1,103,35,37,-1,103,37,101,-1,101,37,39,-1,101,39,97,-1,94,45,92,-1,92,45,47,-1,92,47,89,-1,89,47,87,-1,97,39,98,-1,98,39,41,-1,98,41,94,-1,94,41,43,-1,94,43,45,-1,110,111,112,-1,112,111,113,-1,114,115,116,-1,116,115,110,-1,116,110,112,-1,117,115,118,-1,118,115,114,-1,119,120,121,-1,121,120,117,-1,121,117,118,-1,122,120,123,-1,123,120,119,-1,124,125,126,-1,126,125,122,-1,126,122,123,-1,127,125,128,-1,128,125,124,-1,129,130,131,-1,131,130,127,-1,131,127,128,-1,132,130,133,-1,133,130,129,-1,134,135,136,-1,136,135,132,-1,136,132,133,-1,137,135,138,-1,138,135,134,-1,113,111,139,-1,139,111,137,-1,139,137,138,-1,137,111,110,-1,110,115,137,-1,137,115,117,-1,137,117,135,-1,130,132,127,-1,127,132,135,-1,127,135,125,-1,125,135,117,-1,125,117,122,-1,122,117,120,-1,140,141,142,-1,142,141,143,-1,142,143,144,-1,144,143,145,-1,144,145,146,-1,146,145,147,-1,146,147,148,-1,148,147,149,-1,148,149,150,-1,150,149,151,-1,150,151,152,-1,152,151,153,-1,152,153,154,-1,154,153,155,-1,154,155,156,-1,156,155,157,-1,156,157,158,-1,158,157,159,-1,158,159,160,-1,160,159,161,-1,160,161,162,-1,162,161,163,-1,162,163,164,-1,164,163,165,-1,164,165,166,-1,166,165,167,-1,166,167,168,-1,168,167,169,-1,168,169,170,-1,170,169,171,-1,170,171,172,-1,172,171,173,-1,172,173,174,-1,174,173,140,-1,174,140,142,-1,148,150,175,-1,175,150,176,-1,148,175,177,-1,148,177,146,-1,146,177,178,-1,146,178,144,-1,144,178,179,-1,144,179,142,-1,142,179,180,-1,142,180,174,-1,174,180,181,-1,174,181,172,-1,172,181,182,-1,172,182,170,-1,170,182,183,-1,170,183,168,-1,168,183,184,-1,168,184,166,-1,166,184,185,-1,166,185,164,-1,164,185,186,-1,164,186,162,-1,162,186,187,-1,162,187,160,-1,160,187,188,-1,160,188,158,-1,158,188,189,-1,158,189,156,-1,156,189,190,-1,156,190,154,-1,152,154,191,-1,191,154,190,-1,150,152,176,-1,176,152,191,-1,155,153,192,-1,192,153,193,-1,153,151,193,-1,193,151,194,-1,151,149,194,-1,194,149,195,-1,141,196,197,-1,141,197,143,-1,143,197,198,-1,143,198,145,-1,145,198,199,-1,145,199,147,-1,147,199,195,-1,147,195,149,-1,169,200,201,-1,169,201,171,-1,171,201,202,-1,171,202,173,-1,173,202,203,-1,173,203,140,-1,140,203,196,-1,140,196,141,-1,161,204,205,-1,161,205,163,-1,163,205,206,-1,163,206,165,-1,165,206,207,-1,165,207,167,-1,167,207,200,-1,167,200,169,-1,155,192,208,-1,155,208,157,-1,157,208,209,-1,157,209,159,-1,159,209,204,-1,159,204,161,-1,
        ]
    }
}
Shape{
    appearance Appearance {
        material  Material 	{
            diffuseColor 0.2235294117647059 0.2235294117647059 0.2235294117647059
            specularColor 0.11372549019607843 0.11372549019607843 0.11372549019607843
            ambientIntensity 0.2
            transparency 0
            shininess 0.5
        }
    }
    geometry IndexedFaceSet {
        ccw TRUE
        solid FALSE
        coord DEF co Coordinate {
            point [
                0.3848 0.0659 0.1825, 0.3822 0.0659 0.1642, 0.3848 0.0695 0.1825, 0.3822 0.0693 0.1642, 0.3822 0.0724 0.1645, 0.3823 0.0745 0.1652, 0.3825 0.076 0.1663, 0.3825 0.0765 0.1667, 0.3827 0.0777 0.1681, 0.383 0.0785 0.1699, 0.3833 0.079 0.1721, 0.3835 0.0791 0.1736, 0.3839 0.0788 0.1763, 0.3842 0.0781 0.1781, 0.3843 0.0772 0.1795, 0.3845 0.0764 0.1803, 0.3847 0.0726 0.1822, 0.3846 0.0747 0.1814, 0.3846 0.0747 0.1814
            ]
        }
        coordIndex [
            0,1,2,-1,2,1,3,-1,2,3,4,-1,4,5,2,-1,2,5,6,-1,2,6,7,-1,7,8,2,-1,2,8,9,-1,2,9,10,-1,10,11,2,-1,2,11,12,-1,2,12,13,-1,13,14,2,-1,2,14,15,-1,2,15,16,-1,16,15,17,-1,
        ]
    }
}
Shape{
    appearance Appearance {
        material  Material 	{
            diffuseColor 1.0 1.0 1.0
            specularColor 0.5019607843137255 0.5019607843137255 0.5019607843137255
            ambientIntensity 0.2
            transparency 0
            shininess 0.5
        }
    }
    geometry IndexedFaceSet {
        ccw TRUE
        solid FALSE
        coord DEF co Coordinate {
            point [
                0.3835 0.0904 0.1706, 0.3831 0.0894 0.1679, 0.3835 0.0984 0.1706, 0.3831 0.0994 0.1679, 0.3849 0.094 0.1805, 0.3855 0.0928 0.1852, 0.3822 0.0836 0.1614, 0.3822 0.0871 0.1614, 0.385 0.0942 0.1812, 0.3851 0.0943 0.1822, 0.3855 0.0961 0.1852, 0.3851 0.0944 0.1822, 0.385 0.0946 0.1812, 0.3849 0.0948 0.1805, 0.3822 0.1053 0.1614, 0.3822 0.1018 0.1614, 0.3852 0.0961 0.1853, 0.3818 0.1053 0.1615, 0.3852 0.0928 0.1853, 0.3818 0.0836 0.1615, 0.3843 0.0906 0.1795, 0.3818 0.0871 0.1615, 0.3827 0.0894 0.168, 0.3827 0.0994 0.168, 0.3827 0.0906 0.168, 0.3818 0.1018 0.1615, 0.3831 0.0904 0.1707, 0.3831 0.0984 0.1707, 0.3845 0.0948 0.1805, 0.3847 0.0944 0.1822, 0.3846 0.0946 0.1812, 0.3847 0.0943 0.1822, 0.3845 0.094 0.1805, 0.3846 0.0942 0.1813, 0.3846 0.0942 0.1813
            ]
        }
        coordIndex [
            0,1,2,-1,2,1,3,-1,4,5,0,-1,0,5,6,-1,0,6,1,-1,1,6,7,-1,4,8,5,-1,5,8,9,-1,5,9,10,-1,10,9,11,-1,10,11,12,-1,12,13,10,-1,10,13,2,-1,10,2,14,-1,14,2,3,-1,14,3,15,-1,10,14,16,-1,16,14,17,-1,5,10,18,-1,18,10,16,-1,19,6,20,-1,20,6,5,-1,20,5,18,-1,7,6,21,-1,21,6,19,-1,1,7,22,-1,22,7,21,-1,23,3,24,-1,24,3,1,-1,24,1,22,-1,15,3,25,-1,25,3,23,-1,14,15,17,-1,17,15,25,-1,0,2,26,-1,26,2,27,-1,2,13,27,-1,27,13,28,-1,11,29,30,-1,11,30,12,-1,12,30,28,-1,12,28,13,-1,11,9,29,-1,29,9,31,-1,4,32,33,-1,4,33,8,-1,8,33,31,-1,8,31,9,-1,4,0,32,-1,32,0,26,-1,
        ]
    }
}
Shape{
    appearance Appearance {
        material  Material 	{
            diffuseColor 0.2235294117647059 0.2235294117647059 0.2235294117647059
            specularColor 0.11372549019607843 0.11372549019607843 0.11372549019607843
            ambientIntensity 0.2
            transparency 0
            shininess 0.5
        }
    }
    geometry IndexedFaceSet {
        ccw TRUE
        solid FALSE
        coord DEF co Coordinate {
            point [
                0.3847 0.0944 0.1822, 0.3847 0.0943 0.1822, 0.3846 0.0946 0.1812, 0.3846 0.0942 0.1813, 0.3845 0.0948 0.1805, 0.3845 0.094 0.1805, 0.3831 0.0984 0.1707, 0.3831 0.0904 0.1707, 0.3831 0.0904 0.1707
            ]
        }
        coordIndex [
            0,1,2,-1,2,1,3,-1,2,3,4,-1,4,3,5,-1,4,5,6,-1,6,5,7,-1,
        ]
    }
}
Shape{
    appearance Appearance {
        material  Material 	{
            diffuseColor 1.0 1.0 1.0
            specularColor 0.5019607843137255 0.5019607843137255 0.5019607843137255
            ambientIntensity 0.2
            transparency 0
            shininess 0.5
        }
    }
    geometry IndexedFaceSet {
        ccw TRUE
        solid FALSE
        coord DEF co Coordinate {
            point [
                0.3773 0.0218 0.1264, 0.3769 0.0218 0.1237, 0.3769 0.0218 0.1264, 0.3765 0.0218 0.1237, 0.3773 0.012 0.1264, 0.3769 0.012 0.1264, 0.3784 0.012 0.1344, 0.378 0.012 0.1344, 0.3784 0.0205 0.1344, 0.378 0.0205 0.1344, 0.3788 0.0205 0.1371, 0.3784 0.0205 0.1372, 0.3788 0.012 0.1371, 0.3784 0.012 0.1372, 0.3799 0.012 0.1447, 0.3795 0.012 0.1448, 0.3799 0.0212 0.1447, 0.3795 0.0212 0.1448, 0.3802 0.0212 0.1475, 0.3799 0.0212 0.1475, 0.3802 0.0089 0.1475, 0.3799 0.0089 0.1475, 0.3769 0.0089 0.1237, 0.3765 0.0089 0.1237, 0.3784 0.0384 0.1346, 0.3781 0.0354 0.1322, 0.3779 0.0354 0.1306, 0.3773 0.0354 0.1263, 0.3773 0.0354 0.1263, 0.3777 0.0353 0.1291, 0.3782 0.0281 0.1332, 0.3781 0.0268 0.1326, 0.3779 0.0285 0.1306, 0.3769 0.0354 0.1237, 0.3769 0.0384 0.1237, 0.3773 0.0283 0.1267, 0.377 0.0261 0.1246, 0.3773 0.0286 0.1265, 0.3769 0.0271 0.1239, 0.3772 0.0292 0.1261, 0.3769 0.0282 0.1235, 0.3772 0.0299 0.1258, 0.3768 0.0296 0.1233, 0.3768 0.0301 0.1233, 0.3772 0.0309 0.1257, 0.3769 0.0315 0.1234, 0.3772 0.0321 0.1259, 0.3769 0.0328 0.1238, 0.3773 0.033 0.1262, 0.377 0.0339 0.1245, 0.3773 0.0338 0.1268, 0.3772 0.0348 0.1255, 0.3774 0.0341 0.1271, 0.3775 0.0348 0.128, 0.3778 0.0281 0.1302, 0.378 0.0259 0.1318, 0.3777 0.0279 0.1296, 0.3779 0.0253 0.1309, 0.3776 0.0277 0.1289, 0.3779 0.0289 0.1309, 0.378 0.0296 0.1313, 0.3783 0.0303 0.1338, 0.378 0.0314 0.1317, 0.3784 0.0354 0.1345, 0.3791 0.0263 0.1395, 0.3787 0.0263 0.1366, 0.3792 0.0269 0.1398, 0.3789 0.0284 0.1379, 0.3793 0.0292 0.1407, 0.379 0.0303 0.1385, 0.3793 0.0322 0.1411, 0.379 0.032 0.1386, 0.3793 0.034 0.1409, 0.379 0.033 0.1385, 0.3793 0.0353 0.1405, 0.379 0.0337 0.1383, 0.3792 0.0363 0.14, 0.3789 0.0342 0.1379, 0.3791 0.0371 0.1392, 0.3788 0.0347 0.1375, 0.3789 0.0377 0.1382, 0.3787 0.035 0.1368, 0.3788 0.0382 0.1369, 0.3786 0.0353 0.1358, 0.3778 0.0249 0.1299, 0.3776 0.0247 0.1286, 0.3776 0.0277 0.1285, 0.3775 0.0247 0.1282, 0.3775 0.0278 0.1278, 0.3773 0.0248 0.1269, 0.3774 0.028 0.1272, 0.3772 0.0252 0.1259, 0.3771 0.0258 0.125, 0.379 0.0322 0.1411, 0.3789 0.0292 0.1407, 0.3788 0.0269 0.1399, 0.3787 0.0263 0.1395, 0.3783 0.0263 0.1366, 0.3785 0.0284 0.1379, 0.3786 0.0303 0.1385, 0.3786 0.032 0.1387, 0.3786 0.033 0.1386, 0.3786 0.0337 0.1383, 0.3785 0.0342 0.138, 0.3784 0.0347 0.1375, 0.3784 0.035 0.1369, 0.3782 0.0353 0.1358, 0.378 0.0354 0.1345, 0.3779 0.0303 0.1338, 0.3778 0.0281 0.1333, 0.3778 0.0268 0.1326, 0.3776 0.0259 0.1318, 0.3775 0.0253 0.131, 0.3774 0.0249 0.1299, 0.3772 0.0247 0.1286, 0.3771 0.0247 0.1283, 0.377 0.0248 0.1269, 0.3768 0.0252 0.1259, 0.3767 0.0258 0.125, 0.3766 0.0261 0.1247, 0.3765 0.0301 0.1233, 0.3765 0.0271 0.124, 0.3765 0.0282 0.1236, 0.3765 0.0284 0.1235, 0.3765 0.0296 0.1233, 0.3765 0.0315 0.1235, 0.3765 0.0317 0.1235, 0.3765 0.0328 0.1239, 0.3766 0.0339 0.1246, 0.3768 0.0348 0.1256, 0.3769 0.0354 0.1264, 0.3769 0.0354 0.1264, 0.3765 0.0354 0.1237, 0.3765 0.0384 0.1237, 0.378 0.0384 0.1347, 0.3784 0.0382 0.137, 0.3786 0.0377 0.1383, 0.3787 0.0371 0.1393, 0.3788 0.0363 0.14, 0.3789 0.0353 0.1406, 0.3789 0.034 0.141, 0.3775 0.0285 0.1307, 0.3775 0.0289 0.131, 0.3776 0.0296 0.1313, 0.3776 0.0314 0.1317, 0.3772 0.0277 0.1285, 0.3772 0.0277 0.129, 0.3773 0.0279 0.1297, 0.3774 0.0281 0.1302, 0.3769 0.0286 0.1265, 0.3769 0.0283 0.1268, 0.377 0.028 0.1273, 0.3771 0.0278 0.1278, 0.3768 0.0309 0.1258, 0.3768 0.0299 0.1259, 0.3768 0.0292 0.1261, 0.377 0.0341 0.1272, 0.3769 0.0338 0.1268, 0.3769 0.033 0.1263, 0.3768 0.0321 0.1259, 0.3775 0.0354 0.1306, 0.3773 0.0353 0.1292, 0.3771 0.0348 0.1281, 0.3777 0.0354 0.1323, 0.3777 0.0354 0.1323
            ]
        }
        coordIndex [
            0,1,2,-1,2,1,3,-1,4,0,5,-1,5,0,2,-1,6,4,7,-1,7,4,5,-1,8,6,9,-1,9,6,7,-1,10,8,11,-1,11,8,9,-1,12,10,13,-1,13,10,11,-1,14,12,15,-1,15,12,13,-1,16,14,17,-1,17,14,15,-1,18,16,19,-1,19,16,17,-1,20,18,21,-1,21,18,19,-1,22,20,23,-1,23,20,21,-1,1,22,3,-1,3,22,23,-1,22,1,0,-1,0,4,22,-1,22,4,6,-1,22,6,20,-1,16,18,14,-1,14,18,20,-1,14,20,12,-1,12,20,6,-1,12,6,10,-1,10,6,8,-1,24,25,26,-1,27,28,29,-1,30,31,32,-1,33,34,28,-1,28,34,24,-1,28,24,29,-1,29,24,26,-1,35,36,37,-1,37,36,38,-1,37,38,39,-1,39,38,40,-1,39,40,41,-1,40,42,41,-1,41,42,43,-1,41,43,44,-1,44,43,45,-1,44,45,46,-1,46,45,47,-1,46,47,48,-1,48,47,49,-1,48,49,50,-1,50,49,51,-1,50,51,52,-1,52,51,27,-1,52,27,53,-1,53,27,29,-1,32,31,54,-1,54,31,55,-1,54,55,56,-1,56,55,57,-1,56,57,58,-1,32,59,30,-1,30,59,60,-1,30,60,61,-1,61,60,62,-1,61,62,63,-1,64,65,66,-1,66,65,67,-1,66,67,68,-1,68,67,69,-1,68,69,70,-1,70,69,71,-1,70,71,72,-1,72,71,73,-1,72,73,74,-1,74,73,75,-1,74,75,76,-1,76,75,77,-1,76,77,78,-1,78,77,79,-1,78,79,80,-1,80,79,81,-1,80,81,82,-1,82,81,83,-1,82,83,24,-1,24,83,63,-1,24,63,25,-1,25,63,62,-1,57,84,58,-1,58,84,85,-1,58,85,86,-1,86,85,87,-1,86,87,88,-1,88,87,89,-1,88,89,90,-1,90,89,91,-1,90,91,35,-1,35,91,92,-1,35,92,36,-1,70,93,94,-1,70,94,68,-1,68,94,95,-1,68,95,66,-1,66,95,96,-1,66,96,64,-1,65,64,97,-1,97,64,96,-1,65,97,98,-1,65,98,67,-1,67,98,99,-1,67,99,69,-1,69,99,100,-1,69,100,71,-1,71,100,101,-1,71,101,73,-1,73,101,102,-1,73,102,75,-1,75,102,103,-1,75,103,77,-1,77,103,104,-1,77,104,79,-1,79,104,105,-1,79,105,81,-1,81,105,106,-1,81,106,83,-1,83,106,107,-1,83,107,63,-1,61,63,108,-1,108,63,107,-1,61,108,109,-1,61,109,30,-1,30,109,110,-1,30,110,31,-1,31,110,111,-1,31,111,55,-1,55,111,112,-1,55,112,57,-1,57,112,113,-1,57,113,84,-1,84,113,114,-1,84,114,85,-1,85,114,115,-1,85,115,87,-1,87,115,116,-1,87,116,89,-1,89,116,117,-1,89,117,91,-1,91,117,118,-1,91,118,92,-1,92,118,119,-1,92,119,36,-1,120,43,42,-1,36,119,121,-1,36,121,38,-1,38,121,122,-1,38,122,40,-1,40,122,123,-1,40,123,42,-1,42,123,124,-1,42,124,120,-1,43,120,125,-1,43,125,45,-1,45,125,126,-1,45,126,47,-1,126,127,47,-1,47,127,128,-1,47,128,49,-1,49,128,129,-1,49,129,51,-1,51,129,130,-1,51,130,27,-1,28,27,131,-1,131,27,130,-1,33,28,132,-1,132,28,131,-1,34,33,133,-1,133,33,132,-1,24,34,134,-1,134,34,133,-1,24,134,135,-1,24,135,82,-1,82,135,136,-1,82,136,80,-1,80,136,137,-1,80,137,78,-1,78,137,138,-1,78,138,76,-1,76,138,139,-1,76,139,74,-1,74,139,140,-1,74,140,72,-1,72,140,93,-1,72,93,70,-1,32,141,142,-1,32,142,59,-1,59,142,143,-1,59,143,60,-1,60,143,144,-1,60,144,62,-1,86,145,146,-1,86,146,58,-1,58,146,147,-1,58,147,56,-1,56,147,148,-1,56,148,54,-1,54,148,141,-1,54,141,32,-1,37,149,150,-1,37,150,35,-1,35,150,151,-1,35,151,90,-1,90,151,152,-1,90,152,88,-1,88,152,145,-1,88,145,86,-1,44,153,154,-1,44,154,41,-1,41,154,155,-1,41,155,39,-1,39,155,149,-1,39,149,37,-1,52,156,157,-1,52,157,50,-1,50,157,158,-1,50,158,48,-1,48,158,159,-1,48,159,46,-1,46,159,153,-1,46,153,44,-1,26,160,161,-1,26,161,29,-1,29,161,162,-1,29,162,53,-1,53,162,156,-1,53,156,52,-1,26,25,160,-1,160,25,163,-1,25,62,163,-1,163,62,144,-1,
        ]
    }
}
Shape{
    appearance Appearance {
        material  Material 	{
            diffuseColor 0.2235294117647059 0.2235294117647059 0.2235294117647059
            specularColor 0.11372549019607843 0.11372549019607843 0.11372549019607843
            ambientIntensity 0.2
            transparency 0
            shininess 0.5
        }
    }
    geometry IndexedFaceSet {
        ccw TRUE
        solid FALSE
        coord DEF co Coordinate {
            point [
                0.3769 0.0338 0.1268, 0.377 0.0341 0.1272, 0.3776 0.0314 0.1317, 0.3771 0.0348 0.1281, 0.3768 0.0321 0.1259, 0.3776 0.0296 0.1313, 0.3775 0.0289 0.131, 0.3769 0.033 0.1263, 0.3773 0.0353 0.1292, 0.3775 0.0354 0.1306, 0.3777 0.0354 0.1323, 0.3773 0.0279 0.1297, 0.3772 0.0277 0.129, 0.3772 0.0277 0.1285, 0.3771 0.0278 0.1278, 0.3768 0.0292 0.1261, 0.3768 0.0299 0.1259, 0.3769 0.0286 0.1265, 0.3768 0.0309 0.1258, 0.3775 0.0285 0.1307, 0.3774 0.0281 0.1302, 0.377 0.028 0.1273, 0.3769 0.0283 0.1268, 0.3769 0.0283 0.1268
            ]
        }
        coordIndex [
            0,1,2,-1,2,1,3,-1,4,5,6,-1,5,4,2,-1,2,4,7,-1,2,7,0,-1,3,8,2,-1,2,8,9,-1,2,9,10,-1,11,12,4,-1,4,12,13,-1,4,13,14,-1,15,16,17,-1,17,16,18,-1,17,18,4,-1,6,19,4,-1,4,19,20,-1,4,20,11,-1,14,21,4,-1,4,21,22,-1,4,22,17,-1,
        ]
    }
}
Shape{
    appearance Appearance {
        material  Material 	{
            diffuseColor 1.0 1.0 1.0
            specularColor 0.5019607843137255 0.5019607843137255 0.5019607843137255
            ambientIntensity 0.2
            transparency 0
            shininess 0.5
        }
    }
    geometry IndexedFaceSet {
        ccw TRUE
        solid FALSE
        coord DEF co Coordinate {
            point [
                0.3772 0.0475 0.1257, 0.3768 0.0475 0.1258, 0.3768 0.0455 0.126, 0.3769 0.0439 0.1266, 0.3773 0.0436 0.1267, 0.3772 0.0455 0.126, 0.3769 0.0436 0.1267, 0.377 0.0425 0.1274, 0.3774 0.0425 0.1274, 0.377 0.0425 0.1243, 0.3766 0.0425 0.1243, 0.3769 0.0446 0.1235, 0.3765 0.0439 0.1238, 0.3765 0.0472 0.1233, 0.3768 0.0472 0.1233, 0.3765 0.0452 0.1235, 0.3765 0.0446 0.1236, 0.3769 0.0499 0.1236, 0.3765 0.0489 0.1235, 0.3765 0.0499 0.1237, 0.3766 0.0515 0.1243, 0.377 0.0515 0.1242, 0.3766 0.0522 0.1247, 0.377 0.0522 0.1246, 0.3768 0.0531 0.1255, 0.3771 0.0531 0.1254, 0.3769 0.0536 0.1263, 0.3773 0.0536 0.1262, 0.377 0.054 0.1272, 0.3774 0.054 0.1272, 0.3772 0.0541 0.1284, 0.3775 0.0541 0.1283, 0.3773 0.054 0.1295, 0.3777 0.054 0.1295, 0.3774 0.0536 0.1304, 0.3778 0.0536 0.1304, 0.3776 0.0531 0.1312, 0.3779 0.0531 0.1311, 0.3776 0.0524 0.1318, 0.378 0.0524 0.1317, 0.3778 0.0504 0.1329, 0.3782 0.0504 0.1328, 0.3779 0.0492 0.1334, 0.3783 0.0492 0.1333, 0.378 0.0474 0.1342, 0.3784 0.0474 0.1341, 0.3781 0.0463 0.1348, 0.3785 0.0463 0.1348, 0.3781 0.046 0.1351, 0.3785 0.046 0.1351, 0.3782 0.0458 0.1355, 0.3786 0.0458 0.1355, 0.3782 0.0457 0.136, 0.3786 0.0457 0.136, 0.3783 0.0456 0.1364, 0.3787 0.0456 0.1363, 0.3784 0.0457 0.1369, 0.3787 0.0457 0.1368, 0.3784 0.0458 0.1373, 0.3788 0.0458 0.1372, 0.3785 0.0461 0.1377, 0.3789 0.0461 0.1376, 0.3785 0.0466 0.1381, 0.3789 0.0466 0.138, 0.3786 0.0472 0.1384, 0.379 0.0472 0.1384, 0.3786 0.048 0.1386, 0.379 0.048 0.1386, 0.3786 0.0489 0.1387, 0.379 0.0489 0.1386, 0.3786 0.051 0.1384, 0.379 0.051 0.1384, 0.3785 0.0527 0.1378, 0.3789 0.0527 0.1377, 0.3784 0.0533 0.1375, 0.3788 0.0533 0.1374, 0.3792 0.0533 0.1403, 0.3788 0.0533 0.1404, 0.3789 0.0513 0.1409, 0.3793 0.0513 0.1409, 0.379 0.0492 0.1411, 0.3793 0.0492 0.1411, 0.3789 0.0468 0.1408, 0.3793 0.0468 0.1408, 0.3788 0.0452 0.1402, 0.3792 0.0452 0.1401, 0.3788 0.0445 0.1398, 0.3792 0.0445 0.1397, 0.379 0.0435 0.1389, 0.3787 0.0439 0.1393, 0.3786 0.0435 0.1389, 0.3785 0.043 0.1381, 0.3789 0.043 0.1381, 0.3784 0.0426 0.1372, 0.3788 0.0426 0.1371, 0.3783 0.0425 0.1361, 0.3786 0.0425 0.1361, 0.3781 0.0427 0.1349, 0.3785 0.0427 0.1349, 0.378 0.043 0.134, 0.3783 0.043 0.134, 0.3779 0.0434 0.1334, 0.3783 0.0434 0.1334, 0.3776 0.0471 0.1312, 0.3779 0.0471 0.1311, 0.3781 0.0453 0.132, 0.3778 0.0439 0.1329, 0.3782 0.0439 0.1329, 0.3778 0.0439 0.1329, 0.3777 0.0453 0.132, 0.3774 0.0491 0.1304, 0.3778 0.0491 0.1303, 0.3773 0.0502 0.1297, 0.3777 0.0502 0.1296, 0.3773 0.0506 0.1293, 0.3777 0.0506 0.1292, 0.3772 0.0508 0.1289, 0.3776 0.0508 0.1288, 0.3772 0.051 0.1284, 0.3776 0.051 0.1284, 0.3771 0.051 0.1281, 0.3775 0.051 0.128, 0.377 0.051 0.1275, 0.3774 0.051 0.1274, 0.377 0.0508 0.1271, 0.3774 0.0508 0.127, 0.3769 0.0505 0.1267, 0.3773 0.0505 0.1266, 0.3769 0.0502 0.1264, 0.3773 0.0502 0.1263, 0.3769 0.0499 0.1262, 0.3772 0.0499 0.1262, 0.3768 0.0491 0.1259, 0.3772 0.0491 0.1259, 0.3768 0.0476 0.1258, 0.3772 0.0476 0.1257, 0.3793 0.069 0.1407, 0.3793 0.0721 0.1407, 0.3789 0.069 0.1407, 0.3789 0.0721 0.1407, 0.3775 0.0643 0.1279, 0.3771 0.0643 0.1279, 0.377 0.0641 0.1271, 0.3774 0.0641 0.1271, 0.3769 0.064 0.1266, 0.3773 0.064 0.1265, 0.3773 0.0639 0.1265, 0.3769 0.0639 0.1266, 0.3775 0.0635 0.1279, 0.3771 0.0635 0.128, 0.3789 0.059 0.1407, 0.3793 0.059 0.1407, 0.3783 0.0605 0.1366, 0.3793 0.0557 0.1407, 0.3789 0.0557 0.1407, 0.3765 0.0624 0.1238, 0.3769 0.0624 0.1237, 0.3772 0.0605 0.1286, 0.3761 0.0611 0.1207, 0.3765 0.0611 0.1206, 0.3765 0.0623 0.1235, 0.3759 0.0605 0.1196, 0.3763 0.0604 0.1195, 0.3759 0.0604 0.1195, 0.3758 0.0599 0.1189, 0.3762 0.0599 0.1189, 0.3758 0.0596 0.1187, 0.3762 0.0596 0.1187, 0.3758 0.0589 0.1184, 0.3762 0.0589 0.1184, 0.3757 0.0583 0.1183, 0.3761 0.0583 0.1182, 0.3757 0.058 0.1183, 0.3761 0.058 0.1182, 0.3758 0.0569 0.1184, 0.3762 0.0569 0.1184, 0.3758 0.0563 0.1186, 0.3762 0.0563 0.1186, 0.3758 0.0563 0.1159, 0.3754 0.0563 0.116, 0.3754 0.0575 0.1158, 0.3758 0.0575 0.1157, 0.3754 0.0582 0.1157, 0.3758 0.0582 0.1157, 0.3754 0.0595 0.1159, 0.3758 0.0595 0.1158, 0.3755 0.0605 0.1163, 0.3759 0.0607 0.1163, 0.3755 0.0607 0.1163, 0.3756 0.0617 0.1171, 0.376 0.0617 0.117, 0.3756 0.0618 0.1172, 0.376 0.0618 0.1171, 0.3758 0.0629 0.1185, 0.3762 0.0629 0.1184, 0.3761 0.0644 0.1212, 0.3765 0.0644 0.1211, 0.3765 0.0653 0.1235, 0.3773 0.0883 0.1264, 0.3769 0.0883 0.1237, 0.3769 0.0883 0.1264, 0.3765 0.0883 0.1237, 0.3769 0.0785 0.1264, 0.3773 0.0785 0.1264, 0.3769 0.083 0.1264, 0.3784 0.0785 0.1344, 0.378 0.0785 0.1344, 0.378 0.0871 0.1344, 0.3784 0.0871 0.1344, 0.378 0.083 0.1344, 0.3788 0.0871 0.1371, 0.3784 0.0871 0.1372, 0.3784 0.0785 0.1372, 0.3788 0.0785 0.1371, 0.3784 0.083 0.1372, 0.3799 0.0785 0.1447, 0.3795 0.0785 0.1448, 0.3795 0.0878 0.1448, 0.3799 0.0878 0.1447, 0.3795 0.083 0.1448, 0.3802 0.0878 0.1475, 0.3799 0.0878 0.1475, 0.3799 0.0754 0.1475, 0.3802 0.0754 0.1475, 0.3799 0.083 0.1475, 0.3769 0.0754 0.1237, 0.3765 0.0754 0.1237, 0.3765 0.083 0.1237, 0.3778 0.1078 0.1303, 0.3776 0.1066 0.1289, 0.3774 0.1088 0.127, 0.3776 0.1061 0.1285, 0.3771 0.1063 0.1252, 0.3774 0.1045 0.1274, 0.377 0.1036 0.1242, 0.3773 0.1025 0.1267, 0.3769 0.0994 0.1237, 0.3773 0.0994 0.1264, 0.3769 0.0928 0.1237, 0.3773 0.0959 0.1264, 0.3802 0.0928 0.1475, 0.3799 0.0959 0.1447, 0.3802 0.0997 0.1475, 0.3799 0.0996 0.1447, 0.3802 0.1034 0.1471, 0.3798 0.1027 0.1444, 0.38 0.1063 0.146, 0.3797 0.1047 0.1436, 0.3798 0.1088 0.1443, 0.3795 0.1065 0.1425, 0.3797 0.1096 0.1435, 0.3794 0.1073 0.1417, 0.3794 0.1111 0.1414, 0.3792 0.1082 0.1403, 0.3791 0.112 0.1392, 0.379 0.1088 0.1385, 0.3786 0.1124 0.1359, 0.3786 0.1091 0.1358, 0.3784 0.1123 0.1344, 0.3784 0.1091 0.1343, 0.378 0.1117 0.1316, 0.3781 0.1086 0.1321, 0.3777 0.1106 0.1291, 0.3765 0.0994 0.1237, 0.3765 0.0928 0.1237, 0.3766 0.1036 0.1242, 0.3767 0.1063 0.1253, 0.377 0.1088 0.1271, 0.3773 0.1106 0.1292, 0.3776 0.1117 0.1316, 0.378 0.1123 0.1344, 0.3782 0.1124 0.1359, 0.3787 0.112 0.1392, 0.379 0.1111 0.1415, 0.3793 0.1096 0.1436, 0.3794 0.1088 0.1444, 0.3796 0.1063 0.1461, 0.3798 0.1034 0.1471, 0.3799 0.0997 0.1475, 0.3799 0.0928 0.1475, 0.3795 0.0996 0.1448, 0.3795 0.0959 0.1448, 0.3769 0.0959 0.1264, 0.3769 0.0994 0.1264, 0.3772 0.1066 0.1289, 0.3772 0.1061 0.1285, 0.377 0.1045 0.1275, 0.3769 0.1025 0.1268, 0.3782 0.1091 0.1358, 0.378 0.1091 0.1343, 0.3777 0.1086 0.1322, 0.3774 0.1078 0.1304, 0.3792 0.1065 0.1425, 0.379 0.1073 0.1418, 0.3788 0.1082 0.1404, 0.3786 0.1088 0.1386, 0.3794 0.1027 0.1444, 0.3793 0.1047 0.1437, 0.3793 0.1047 0.1437
            ]
        }
        coordIndex [
            0,1,2,-1,3,4,2,-1,2,4,5,-1,2,5,0,-1,3,6,4,-1,4,6,7,-1,4,7,8,-1,9,8,10,-1,10,8,7,-1,9,10,11,-1,11,10,12,-1,13,14,15,-1,15,14,11,-1,15,11,16,-1,16,11,12,-1,14,13,17,-1,17,13,18,-1,18,19,17,-1,17,19,20,-1,17,20,21,-1,21,20,22,-1,21,22,23,-1,23,22,24,-1,23,24,25,-1,25,24,26,-1,25,26,27,-1,27,26,28,-1,27,28,29,-1,29,28,30,-1,29,30,31,-1,31,30,32,-1,31,32,33,-1,33,32,34,-1,33,34,35,-1,35,34,36,-1,35,36,37,-1,37,36,38,-1,37,38,39,-1,39,38,40,-1,39,40,41,-1,41,40,42,-1,41,42,43,-1,43,42,44,-1,43,44,45,-1,45,44,46,-1,45,46,47,-1,47,46,48,-1,47,48,49,-1,49,48,50,-1,49,50,51,-1,51,50,52,-1,51,52,53,-1,53,52,54,-1,53,54,55,-1,55,54,56,-1,55,56,57,-1,57,56,58,-1,57,58,59,-1,59,58,60,-1,59,60,61,-1,61,60,62,-1,61,62,63,-1,63,62,64,-1,63,64,65,-1,65,64,66,-1,65,66,67,-1,67,66,68,-1,67,68,69,-1,69,68,70,-1,69,70,71,-1,71,70,72,-1,71,72,73,-1,73,72,74,-1,73,74,75,-1,76,75,77,-1,77,75,74,-1,76,77,78,-1,76,78,79,-1,79,78,80,-1,79,80,81,-1,81,80,82,-1,81,82,83,-1,83,82,84,-1,83,84,85,-1,85,84,86,-1,85,86,87,-1,87,86,88,-1,88,86,89,-1,89,90,88,-1,88,90,91,-1,88,91,92,-1,92,91,93,-1,92,93,94,-1,94,93,95,-1,94,95,96,-1,96,95,97,-1,96,97,98,-1,98,97,99,-1,98,99,100,-1,100,99,101,-1,100,101,102,-1,103,104,105,-1,102,101,106,-1,102,106,107,-1,107,106,108,-1,107,108,105,-1,105,108,109,-1,105,109,103,-1,104,103,110,-1,104,110,111,-1,111,110,112,-1,111,112,113,-1,113,112,114,-1,113,114,115,-1,115,114,116,-1,115,116,117,-1,117,116,118,-1,117,118,119,-1,119,118,120,-1,119,120,121,-1,121,120,122,-1,121,122,123,-1,123,122,124,-1,123,124,125,-1,125,124,126,-1,125,126,127,-1,127,126,128,-1,127,128,129,-1,129,128,130,-1,129,130,131,-1,131,130,132,-1,131,132,133,-1,133,132,134,-1,133,134,135,-1,135,134,1,-1,135,1,0,-1,59,61,87,-1,87,61,85,-1,85,61,63,-1,85,63,83,-1,125,25,27,-1,111,43,104,-1,104,43,45,-1,125,27,123,-1,123,27,29,-1,123,29,121,-1,121,29,31,-1,121,31,119,-1,119,31,33,-1,119,33,117,-1,117,33,35,-1,117,35,115,-1,115,35,37,-1,115,37,113,-1,113,37,39,-1,113,39,111,-1,111,39,41,-1,111,41,43,-1,25,125,23,-1,23,125,127,-1,23,127,21,-1,14,0,11,-1,11,0,5,-1,11,5,9,-1,9,5,4,-1,9,4,8,-1,63,65,83,-1,83,65,67,-1,83,67,81,-1,81,67,69,-1,81,69,79,-1,79,69,71,-1,79,71,76,-1,76,71,73,-1,76,73,75,-1,127,129,21,-1,21,129,131,-1,21,131,17,-1,17,131,133,-1,17,133,14,-1,14,133,135,-1,14,135,0,-1,87,88,59,-1,59,88,92,-1,59,92,57,-1,57,92,94,-1,57,94,55,-1,55,94,96,-1,55,96,53,-1,53,96,98,-1,53,98,51,-1,51,98,100,-1,51,100,49,-1,49,100,102,-1,49,102,47,-1,47,102,107,-1,47,107,45,-1,45,107,105,-1,45,105,104,-1,136,137,138,-1,138,137,139,-1,140,136,141,-1,141,136,138,-1,140,141,142,-1,140,142,143,-1,143,142,144,-1,143,144,145,-1,146,145,147,-1,147,145,144,-1,148,146,149,-1,149,146,147,-1,150,151,152,-1,152,151,148,-1,152,148,149,-1,153,151,154,-1,154,151,150,-1,155,156,157,-1,157,156,153,-1,157,153,154,-1,158,159,160,-1,160,159,156,-1,160,156,155,-1,158,161,159,-1,159,161,162,-1,161,163,162,-1,162,163,164,-1,162,164,165,-1,165,164,166,-1,165,166,167,-1,167,166,168,-1,167,168,169,-1,169,168,170,-1,169,170,171,-1,171,170,172,-1,171,172,173,-1,173,172,174,-1,173,174,175,-1,175,174,176,-1,175,176,177,-1,178,177,179,-1,179,177,176,-1,178,179,180,-1,178,180,181,-1,181,180,182,-1,181,182,183,-1,183,182,184,-1,183,184,185,-1,185,184,186,-1,185,186,187,-1,186,188,187,-1,187,188,189,-1,187,189,190,-1,190,189,191,-1,190,191,192,-1,192,191,193,-1,192,193,194,-1,194,193,195,-1,194,195,196,-1,139,137,197,-1,197,137,196,-1,197,196,195,-1,143,145,196,-1,175,177,178,-1,137,136,196,-1,196,136,140,-1,196,140,143,-1,151,153,148,-1,148,153,156,-1,148,156,146,-1,145,146,196,-1,196,146,156,-1,196,156,194,-1,175,178,173,-1,173,178,181,-1,173,181,171,-1,171,181,183,-1,171,183,169,-1,169,183,185,-1,169,185,167,-1,167,185,187,-1,167,187,165,-1,156,159,194,-1,194,159,162,-1,194,162,192,-1,192,162,165,-1,192,165,190,-1,190,165,187,-1,198,199,200,-1,200,199,201,-1,202,203,204,-1,204,203,198,-1,204,198,200,-1,205,203,206,-1,206,203,202,-1,207,208,209,-1,209,208,205,-1,209,205,206,-1,210,208,211,-1,211,208,207,-1,212,213,214,-1,214,213,210,-1,214,210,211,-1,215,213,216,-1,216,213,212,-1,217,218,219,-1,219,218,215,-1,219,215,216,-1,220,218,221,-1,221,218,217,-1,222,223,224,-1,224,223,220,-1,224,220,221,-1,225,223,226,-1,226,223,222,-1,201,199,227,-1,227,199,225,-1,227,225,226,-1,225,199,198,-1,198,203,225,-1,225,203,205,-1,225,205,223,-1,218,220,215,-1,215,220,223,-1,215,223,213,-1,213,223,205,-1,213,205,210,-1,210,205,208,-1,228,229,230,-1,230,229,231,-1,230,231,232,-1,232,231,233,-1,232,233,234,-1,234,233,235,-1,234,235,236,-1,236,235,237,-1,236,237,238,-1,238,237,239,-1,238,239,240,-1,240,239,241,-1,240,241,242,-1,242,241,243,-1,242,243,244,-1,244,243,245,-1,244,245,246,-1,246,245,247,-1,246,247,248,-1,248,247,249,-1,248,249,250,-1,250,249,251,-1,250,251,252,-1,252,251,253,-1,252,253,254,-1,254,253,255,-1,254,255,256,-1,256,255,257,-1,256,257,258,-1,258,257,259,-1,258,259,260,-1,260,259,261,-1,260,261,262,-1,262,261,228,-1,262,228,230,-1,236,238,263,-1,263,238,264,-1,236,263,265,-1,236,265,234,-1,234,265,266,-1,234,266,232,-1,232,266,267,-1,232,267,230,-1,230,267,268,-1,230,268,262,-1,262,268,269,-1,262,269,260,-1,260,269,270,-1,260,270,258,-1,258,270,271,-1,258,271,256,-1,256,271,272,-1,256,272,254,-1,254,272,273,-1,254,273,252,-1,252,273,274,-1,252,274,250,-1,250,274,275,-1,250,275,248,-1,248,275,276,-1,248,276,246,-1,246,276,277,-1,246,277,244,-1,244,277,278,-1,244,278,242,-1,240,242,279,-1,279,242,278,-1,238,240,264,-1,264,240,279,-1,243,241,280,-1,280,241,281,-1,241,239,281,-1,281,239,282,-1,239,237,282,-1,282,237,283,-1,229,284,285,-1,229,285,231,-1,231,285,286,-1,231,286,233,-1,233,286,287,-1,233,287,235,-1,235,287,283,-1,235,283,237,-1,257,288,289,-1,257,289,259,-1,259,289,290,-1,259,290,261,-1,261,290,291,-1,261,291,228,-1,228,291,284,-1,228,284,229,-1,249,292,293,-1,249,293,251,-1,251,293,294,-1,251,294,253,-1,253,294,295,-1,253,295,255,-1,255,295,288,-1,255,288,257,-1,243,280,296,-1,243,296,245,-1,245,296,297,-1,245,297,247,-1,247,297,292,-1,247,292,249,-1,
        ]
    }
}
Shape{
    appearance Appearance {
        material  Material 	{
            diffuseColor 0.2235294117647059 0.2235294117647059 0.2235294117647059
            specularColor 0.11372549019607843 0.11372549019607843 0.11372549019607843
            ambientIntensity 0.2
            transparency 0
            shininess 0.5
        }
    }
    geometry IndexedFaceSet {
        ccw TRUE
        solid FALSE
        coord DEF co Coordinate {
            point [
                0.3795 0.0959 0.1448, 0.3769 0.0959 0.1264, 0.3795 0.0996 0.1448, 0.3769 0.0994 0.1264, 0.3769 0.1025 0.1268, 0.377 0.1045 0.1275, 0.3772 0.1061 0.1285, 0.3772 0.1066 0.1289, 0.3774 0.1078 0.1304, 0.3777 0.1086 0.1322, 0.378 0.1091 0.1343, 0.3782 0.1091 0.1358, 0.3786 0.1088 0.1386, 0.3788 0.1082 0.1404, 0.379 0.1073 0.1418, 0.3792 0.1065 0.1425, 0.3794 0.1027 0.1444, 0.3793 0.1047 0.1437, 0.3793 0.1047 0.1437
            ]
        }
        coordIndex [
            0,1,2,-1,2,1,3,-1,2,3,4,-1,4,5,2,-1,2,5,6,-1,2,6,7,-1,7,8,2,-1,2,8,9,-1,2,9,10,-1,10,11,2,-1,2,11,12,-1,2,12,13,-1,13,14,2,-1,2,14,15,-1,2,15,16,-1,16,15,17,-1,
        ]
    }
}
Shape{
    appearance Appearance {
        material  Material 	{
            diffuseColor 1.0 1.0 1.0
            specularColor 0.5019607843137255 0.5019607843137255 0.5019607843137255
            ambientIntensity 0.2
            transparency 0
            shininess 0.5
        }
    }
    geometry IndexedFaceSet {
        ccw TRUE
        solid FALSE
        coord DEF co Coordinate {
            point [
                0.3782 0.1204 0.1329, 0.3778 0.1195 0.1302, 0.3782 0.1285 0.1329, 0.3778 0.1295 0.1302, 0.3796 0.124 0.1428, 0.3802 0.1229 0.1475, 0.3769 0.1137 0.1237, 0.3769 0.1172 0.1237, 0.3797 0.1242 0.1435, 0.3798 0.1244 0.1444, 0.3802 0.1262 0.1475, 0.3798 0.1245 0.1444, 0.3797 0.1247 0.1434, 0.3796 0.1249 0.1428, 0.3769 0.1353 0.1237, 0.3769 0.1319 0.1237, 0.3799 0.1262 0.1475, 0.3765 0.1353 0.1237, 0.3799 0.1229 0.1475, 0.3765 0.1137 0.1237, 0.3765 0.1172 0.1237, 0.3774 0.1195 0.1302, 0.3774 0.1295 0.1302, 0.3765 0.1319 0.1237, 0.3778 0.1204 0.1329, 0.3778 0.1285 0.1329, 0.3792 0.1249 0.1428, 0.3794 0.1245 0.1445, 0.3793 0.1247 0.1435, 0.3794 0.1244 0.1445, 0.3792 0.124 0.1428, 0.3793 0.1242 0.1435, 0.3793 0.1242 0.1435
            ]
        }
        coordIndex [
            0,1,2,-1,2,1,3,-1,4,5,0,-1,0,5,6,-1,0,6,1,-1,1,6,7,-1,4,8,5,-1,5,8,9,-1,5,9,10,-1,10,9,11,-1,10,11,12,-1,12,13,10,-1,10,13,2,-1,10,2,14,-1,14,2,3,-1,14,3,15,-1,10,14,16,-1,16,14,17,-1,5,10,18,-1,18,10,16,-1,6,5,19,-1,19,5,18,-1,7,6,20,-1,20,6,19,-1,1,7,21,-1,21,7,20,-1,3,1,22,-1,22,1,21,-1,15,3,23,-1,23,3,22,-1,14,15,17,-1,17,15,23,-1,0,2,24,-1,24,2,25,-1,2,13,25,-1,25,13,26,-1,11,27,28,-1,11,28,12,-1,12,28,26,-1,12,26,13,-1,11,9,27,-1,27,9,29,-1,4,30,31,-1,4,31,8,-1,8,31,29,-1,8,29,9,-1,4,0,30,-1,30,0,24,-1,
        ]
    }
}
Shape{
    appearance Appearance {
        material  Material 	{
            diffuseColor 0.2235294117647059 0.2235294117647059 0.2235294117647059
            specularColor 0.11372549019607843 0.11372549019607843 0.11372549019607843
            ambientIntensity 0.2
            transparency 0
            shininess 0.5
        }
    }
    geometry IndexedFaceSet {
        ccw TRUE
        solid FALSE
        coord DEF co Coordinate {
            point [
                0.3794 0.1245 0.1445, 0.3794 0.1244 0.1445, 0.3793 0.1247 0.1435, 0.3793 0.1242 0.1435, 0.3792 0.1249 0.1428, 0.3792 0.124 0.1428, 0.3778 0.1285 0.1329, 0.3778 0.1204 0.1329, 0.3778 0.1204 0.1329
            ]
        }
        coordIndex [
            0,1,2,-1,2,1,3,-1,2,3,4,-1,4,3,5,-1,4,5,6,-1,6,5,7,-1,
        ]
    }
}
Shape{
    appearance Appearance {
        material  Material 	{
            diffuseColor 1.0 1.0 1.0
            specularColor 0.5019607843137255 0.5019607843137255 0.5019607843137255
            ambientIntensity 0.2
            transparency 0
            shininess 0.5
        }
    }
    geometry IndexedFaceSet {
        ccw TRUE
        solid FALSE
        coord DEF co Coordinate {
            point [
                0.3764 -0.0972 0.1203, 0.376 -0.0947 0.1172, 0.3785 -0.0988 0.1353, 0.3763 -0.0687 0.1197, 0.3769 -0.0667 0.1234, 0.3775 -0.0657 0.1276, 0.3797 -0.0417 0.1436, 0.381 -0.047 0.1525, 0.3779 -0.0656 0.131, 0.3793 -0.0699 0.1407, 0.3777 -0.0656 0.1293, 0.3756 -0.0748 0.1144, 0.3759 -0.0714 0.1167, 0.377 -0.0874 0.1243, 0.3769 -0.086 0.1234, 0.3756 -0.0914 0.1147, 0.3768 -0.0844 0.1228, 0.378 -0.0768 0.1318, 0.3778 -0.0763 0.1302, 0.3776 -0.0763 0.1286, 0.3774 -0.0766 0.127, 0.3772 -0.0774 0.1255, 0.3788 -0.1025 0.1375, 0.377 -0.1011 0.1246, 0.3769 -0.0989 0.1239, 0.3828 -0.0842 0.1659, 0.3827 -0.0829 0.1652, 0.3845 -0.0882 0.1775, 0.3834 -0.0806 0.17, 0.385 -0.0847 0.1816, 0.3841 -0.0769 0.1747, 0.3855 -0.0807 0.185, 0.3846 -0.0722 0.1782, 0.3859 -0.0765 0.1875, 0.3776 -0.0895 0.1285, 0.3774 -0.0892 0.1269, 0.3772 -0.0884 0.1255, 0.3754 -0.0874 0.1131, 0.3753 -0.0834 0.1124, 0.3767 -0.0829 0.1226, 0.3753 -0.0827 0.1124, 0.3768 -0.0812 0.1228, 0.3754 -0.0786 0.1129, 0.3769 -0.0798 0.1233, 0.377 -0.0785 0.1243, 0.3769 -0.0434 0.1237, 0.3769 -0.0428 0.1236, 0.3783 -0.0414 0.1339, 0.3863 -0.0686 0.1905, 0.3849 -0.0667 0.1805, 0.3864 -0.0602 0.1916, 0.3852 -0.0369 0.1828, 0.3839 -0.0424 0.1738, 0.3843 -0.0314 0.1764, 0.3833 -0.0389 0.169, 0.3833 -0.0277 0.1694, 0.3825 -0.0367 0.1633, 0.382 -0.0361 0.1603, 0.3813 -0.1085 0.1549, 0.381 -0.1197 0.1528, 0.3807 -0.109 0.1508, 0.3807 -0.1198 0.1505, 0.3804 -0.1088 0.1483, 0.3797 -0.1189 0.1438, 0.3798 -0.1076 0.1441, 0.3788 -0.1165 0.1375, 0.3793 -0.1055 0.1406, 0.3781 -0.1126 0.1321, 0.3774 -0.1073 0.1276, 0.382 -0.0347 0.1603, 0.382 -0.0315 0.1599, 0.3833 -0.0265 0.169, 0.3818 -0.0285 0.1588, 0.3829 -0.0214 0.1664, 0.3816 -0.0259 0.1569, 0.3823 -0.0169 0.1624, 0.3813 -0.0239 0.1547, 0.3817 -0.0135 0.1576, 0.3809 -0.0223 0.1518, 0.3809 -0.0115 0.1524, 0.3804 -0.0215 0.1486, 0.3802 -0.0108 0.1473, 0.3802 -0.0214 0.1471, 0.3783 -0.0337 0.1339, 0.3769 -0.0327 0.1236, 0.3784 -0.0307 0.1345, 0.377 -0.0275 0.1246, 0.3786 -0.0276 0.1359, 0.3774 -0.0222 0.127, 0.3789 -0.0251 0.1379, 0.3779 -0.0177 0.1306, 0.3789 -0.0249 0.1382, 0.378 -0.0171 0.1312, 0.3793 -0.023 0.1408, 0.3786 -0.014 0.1354, 0.3797 -0.0218 0.1438, 0.3793 -0.0117 0.1407, 0.3801 -0.0108 0.1463, 0.383 -0.088 0.1673, 0.3845 -0.0901 0.1778, 0.3831 -0.0919 0.1677, 0.3845 -0.0921 0.1779, 0.3831 -0.0937 0.1676, 0.3844 -0.0978 0.1773, 0.3829 -0.0979 0.1667, 0.3841 -0.1042 0.1751, 0.3827 -0.1017 0.1647, 0.3836 -0.11 0.1714, 0.3823 -0.1047 0.1621, 0.3834 -0.1118 0.1698, 0.3818 -0.1071 0.1587, 0.3828 -0.1153 0.1654, 0.3819 -0.1183 0.1594, 0.3778 -0.0895 0.1302, 0.378 -0.089 0.1318, 0.379 -0.0969 0.1389, 0.3782 -0.0882 0.1332, 0.3795 -0.094 0.1421, 0.3784 -0.0873 0.1341, 0.3798 -0.0906 0.1445, 0.3785 -0.086 0.135, 0.38 -0.0868 0.1459, 0.3786 -0.0845 0.1356, 0.3801 -0.0827 0.1464, 0.3786 -0.0829 0.1358, 0.3801 -0.0806 0.1463, 0.3786 -0.0817 0.1357, 0.3799 -0.0765 0.1453, 0.3785 -0.0801 0.1352, 0.3797 -0.0729 0.1434, 0.3784 -0.0787 0.1343, 0.3782 -0.0776 0.1331, 0.385 -0.061 0.1814, 0.385 -0.06 0.1814, 0.3863 -0.0531 0.1909, 0.3849 -0.0547 0.1809, 0.3859 -0.0446 0.1879, 0.3847 -0.0494 0.179, 0.3842 -0.0445 0.1758, 0.3777 -0.0477 0.1294, 0.3776 -0.0477 0.1288, 0.3784 -0.0422 0.1341, 0.3775 -0.0476 0.1277, 0.3773 -0.0471 0.1265, 0.3771 -0.0464 0.1254, 0.3771 -0.0457 0.1248, 0.3783 -0.0417 0.134, 0.377 -0.0446 0.124, 0.3784 -0.0424 0.1341, 0.3783 -0.0436 0.1339, 0.3783 -0.0448 0.1335, 0.3782 -0.0459 0.1328, 0.378 -0.0467 0.1318, 0.3779 -0.0474 0.1307, 0.3798 -0.0108 0.1473, 0.3805 -0.0115 0.1524, 0.3808 -0.0122 0.1543, 0.3813 -0.0135 0.1576, 0.382 -0.0169 0.1625, 0.3825 -0.0214 0.1664, 0.3829 -0.0265 0.169, 0.3829 -0.0277 0.1695, 0.3839 -0.0314 0.1765, 0.3848 -0.0369 0.1828, 0.3852 -0.0409 0.1855, 0.3855 -0.0446 0.1879, 0.3859 -0.0531 0.1909, 0.3861 -0.0602 0.1916, 0.3859 -0.0686 0.1906, 0.3855 -0.0765 0.1876, 0.3852 -0.08 0.1855, 0.3851 -0.0807 0.185, 0.3846 -0.0847 0.1816, 0.3841 -0.0882 0.1776, 0.3841 -0.0901 0.1778, 0.3841 -0.0921 0.1779, 0.384 -0.0978 0.1773, 0.3837 -0.1042 0.1752, 0.3832 -0.11 0.1714, 0.383 -0.1118 0.1698, 0.3803 -0.1198 0.1505, 0.3824 -0.1153 0.1654, 0.3815 -0.1183 0.1595, 0.3808 -0.1194 0.1543, 0.3806 -0.1197 0.1528, 0.3793 -0.1189 0.1439, 0.3785 -0.1165 0.1376, 0.3777 -0.1126 0.1321, 0.3771 -0.1073 0.1276, 0.3766 -0.1011 0.1246, 0.3765 -0.0989 0.124, 0.3765 -0.0987 0.1235, 0.376 -0.0972 0.1204, 0.3756 -0.0947 0.1173, 0.3752 -0.0914 0.1148, 0.3752 -0.0898 0.1141, 0.375 -0.0874 0.1131, 0.3749 -0.0834 0.1125, 0.3749 -0.0827 0.1125, 0.3773 -0.0656 0.1294, 0.375 -0.0786 0.113, 0.3752 -0.0756 0.1141, 0.3752 -0.0748 0.1144, 0.3755 -0.0714 0.1168, 0.3759 -0.0687 0.1197, 0.3765 -0.0667 0.1235, 0.3765 -0.0667 0.1235, 0.3771 -0.0657 0.1277, 0.3775 -0.0656 0.1311, 0.3793 -0.0417 0.1436, 0.3806 -0.047 0.1526, 0.3789 -0.0699 0.1407, 0.3793 -0.0729 0.1434, 0.3795 -0.0765 0.1453, 0.3797 -0.0806 0.1464, 0.3797 -0.0827 0.1465, 0.3796 -0.0868 0.146, 0.3794 -0.0906 0.1446, 0.3791 -0.094 0.1422, 0.3786 -0.0969 0.139, 0.3781 -0.0988 0.1353, 0.3785 -0.1025 0.1376, 0.3789 -0.1055 0.1407, 0.3794 -0.1076 0.1442, 0.38 -0.1088 0.1483, 0.3803 -0.109 0.1509, 0.3808 -0.1086 0.1543, 0.3809 -0.1085 0.155, 0.3814 -0.1071 0.1587, 0.3819 -0.1047 0.1621, 0.3823 -0.1017 0.1647, 0.3826 -0.0979 0.1667, 0.3827 -0.0937 0.1677, 0.3827 -0.0919 0.1678, 0.3826 -0.088 0.1673, 0.3824 -0.0842 0.1659, 0.3823 -0.0829 0.1653, 0.383 -0.0806 0.1701, 0.3837 -0.0769 0.1747, 0.3842 -0.0722 0.1783, 0.3845 -0.0667 0.1806, 0.3846 -0.061 0.1815, 0.3846 -0.06 0.1815, 0.3845 -0.0547 0.1809, 0.3843 -0.0494 0.179, 0.3838 -0.0445 0.1758, 0.3836 -0.0424 0.1739, 0.3829 -0.0389 0.169, 0.3821 -0.0367 0.1634, 0.3817 -0.0361 0.1603, 0.3817 -0.0347 0.1603, 0.3816 -0.0315 0.16, 0.3814 -0.0285 0.1588, 0.3812 -0.0259 0.157, 0.3809 -0.0239 0.1548, 0.3808 -0.0236 0.1543, 0.3805 -0.0223 0.1519, 0.38 -0.0215 0.1486, 0.3798 -0.0214 0.1472, 0.3793 -0.0218 0.1439, 0.3789 -0.023 0.1409, 0.3785 -0.0249 0.1382, 0.3785 -0.0251 0.138, 0.3782 -0.0276 0.1359, 0.378 -0.0307 0.1345, 0.3779 -0.0337 0.134, 0.3779 -0.0414 0.134, 0.378 -0.0417 0.134, 0.378 -0.0422 0.1341, 0.378 -0.0424 0.1341, 0.378 -0.0436 0.134, 0.3779 -0.0448 0.1336, 0.3778 -0.0459 0.1329, 0.3777 -0.0467 0.1319, 0.3775 -0.0474 0.1307, 0.3773 -0.0477 0.1294, 0.3772 -0.0477 0.1289, 0.3771 -0.0476 0.1277, 0.3769 -0.0471 0.1266, 0.3768 -0.0464 0.1255, 0.3767 -0.0457 0.1248, 0.3766 -0.0446 0.1241, 0.3765 -0.0434 0.1237, 0.3765 -0.0428 0.1236, 0.3765 -0.0327 0.1236, 0.3766 -0.0275 0.1247, 0.377 -0.0222 0.1271, 0.3775 -0.0177 0.1307, 0.3776 -0.0171 0.1313, 0.3782 -0.014 0.1355, 0.3789 -0.0117 0.1408, 0.3797 -0.0108 0.1463, 0.3782 -0.0829 0.1358, 0.3782 -0.0817 0.1357, 0.3781 -0.0801 0.1352, 0.378 -0.0787 0.1344, 0.3778 -0.0776 0.1332, 0.3776 -0.0768 0.1318, 0.3774 -0.0763 0.1303, 0.3772 -0.0763 0.1287, 0.377 -0.0766 0.127, 0.3768 -0.0774 0.1255, 0.3766 -0.0785 0.1243, 0.3765 -0.0798 0.1234, 0.3764 -0.0812 0.1228, 0.3764 -0.0829 0.1226, 0.3764 -0.0844 0.1228, 0.3765 -0.086 0.1234, 0.3766 -0.0874 0.1244, 0.3768 -0.0884 0.1256, 0.377 -0.0892 0.127, 0.3772 -0.0895 0.1286, 0.3774 -0.0895 0.1302, 0.3776 -0.089 0.1318, 0.3778 -0.0882 0.1333, 0.378 -0.0873 0.1341, 0.3781 -0.086 0.1351, 0.3782 -0.0845 0.1356, 0.3782 -0.0845 0.1356
            ]
        }
        coordIndex [
            0,1,2,-1,3,4,5,-1,6,7,8,-1,8,7,9,-1,8,9,10,-1,10,9,11,-1,10,11,5,-1,5,11,12,-1,5,12,3,-1,13,1,14,-1,14,1,15,-1,14,15,16,-1,17,18,9,-1,9,18,19,-1,9,19,11,-1,11,19,20,-1,11,20,21,-1,22,23,2,-1,2,23,24,-1,2,24,0,-1,25,26,27,-1,27,26,28,-1,27,28,29,-1,29,28,30,-1,29,30,31,-1,31,30,32,-1,31,32,33,-1,34,2,35,-1,35,2,1,-1,35,1,36,-1,36,1,13,-1,15,37,16,-1,16,37,38,-1,16,38,39,-1,39,38,40,-1,39,40,41,-1,41,40,42,-1,41,42,43,-1,43,42,11,-1,43,11,44,-1,44,11,21,-1,45,46,47,-1,33,32,48,-1,48,32,49,-1,48,49,50,-1,51,52,53,-1,53,52,54,-1,53,54,55,-1,55,54,56,-1,55,56,57,-1,58,59,60,-1,60,59,61,-1,60,61,62,-1,62,61,63,-1,62,63,64,-1,64,63,65,-1,64,65,66,-1,66,65,67,-1,66,67,22,-1,22,67,68,-1,22,68,23,-1,57,69,55,-1,55,69,70,-1,55,70,71,-1,71,70,72,-1,71,72,73,-1,73,72,74,-1,73,74,75,-1,75,74,76,-1,75,76,77,-1,77,76,78,-1,77,78,79,-1,79,78,80,-1,79,80,81,-1,81,80,82,-1,47,46,83,-1,83,46,84,-1,83,84,85,-1,85,84,86,-1,85,86,87,-1,87,86,88,-1,87,88,89,-1,89,88,90,-1,89,90,91,-1,91,90,92,-1,91,92,93,-1,93,92,94,-1,93,94,95,-1,95,94,96,-1,95,96,82,-1,82,96,97,-1,82,97,81,-1,25,27,98,-1,98,27,99,-1,98,99,100,-1,100,99,101,-1,100,101,102,-1,102,101,103,-1,102,103,104,-1,104,103,105,-1,104,105,106,-1,106,105,107,-1,106,107,108,-1,108,107,109,-1,108,109,110,-1,110,109,111,-1,110,111,58,-1,58,111,112,-1,58,112,59,-1,34,113,2,-1,2,113,114,-1,2,114,115,-1,115,114,116,-1,115,116,117,-1,117,116,118,-1,117,118,119,-1,119,118,120,-1,119,120,121,-1,121,120,122,-1,121,122,123,-1,123,122,124,-1,123,124,125,-1,125,124,126,-1,125,126,127,-1,127,126,128,-1,127,128,129,-1,129,128,130,-1,129,130,9,-1,9,130,131,-1,9,131,17,-1,49,132,50,-1,50,132,133,-1,50,133,134,-1,134,133,135,-1,134,135,136,-1,136,135,137,-1,136,137,51,-1,51,137,138,-1,51,138,52,-1,139,140,141,-1,141,140,142,-1,142,143,141,-1,141,143,144,-1,141,144,145,-1,47,146,45,-1,45,146,141,-1,45,141,147,-1,147,141,145,-1,141,148,139,-1,139,148,149,-1,139,149,150,-1,150,151,139,-1,139,151,152,-1,139,152,153,-1,81,154,155,-1,81,155,79,-1,79,155,156,-1,79,156,77,-1,156,157,77,-1,77,157,158,-1,77,158,75,-1,75,158,159,-1,75,159,73,-1,73,159,160,-1,73,160,71,-1,71,160,161,-1,71,161,55,-1,55,161,162,-1,55,162,53,-1,53,162,163,-1,53,163,51,-1,136,51,164,-1,164,51,163,-1,164,165,136,-1,136,165,166,-1,136,166,134,-1,134,166,167,-1,134,167,50,-1,50,167,168,-1,50,168,48,-1,48,168,169,-1,48,169,33,-1,33,169,31,-1,31,169,170,-1,31,170,171,-1,31,171,172,-1,31,172,29,-1,29,172,173,-1,29,173,27,-1,27,173,174,-1,27,174,99,-1,99,174,175,-1,99,175,101,-1,101,175,176,-1,101,176,103,-1,103,176,177,-1,103,177,105,-1,105,177,178,-1,105,178,107,-1,107,178,179,-1,107,179,109,-1,180,61,59,-1,109,179,181,-1,109,181,111,-1,111,181,182,-1,111,182,112,-1,112,182,183,-1,112,183,59,-1,59,183,184,-1,59,184,180,-1,61,180,185,-1,61,185,63,-1,63,185,186,-1,63,186,65,-1,65,186,187,-1,65,187,67,-1,67,187,188,-1,67,188,68,-1,68,188,189,-1,68,189,23,-1,23,189,190,-1,23,190,24,-1,24,190,191,-1,24,191,0,-1,191,192,0,-1,0,192,193,-1,0,193,1,-1,1,193,194,-1,1,194,15,-1,15,194,195,-1,15,195,37,-1,195,196,37,-1,37,196,197,-1,37,197,38,-1,38,197,198,-1,38,198,40,-1,199,10,5,-1,40,198,200,-1,201,11,200,-1,200,11,42,-1,200,42,40,-1,201,202,11,-1,11,202,203,-1,11,203,12,-1,12,203,204,-1,12,204,3,-1,3,204,205,-1,3,205,4,-1,4,205,206,-1,4,206,5,-1,5,206,207,-1,5,207,199,-1,8,10,208,-1,208,10,199,-1,6,8,209,-1,209,8,208,-1,7,6,210,-1,210,6,209,-1,9,7,211,-1,211,7,210,-1,9,211,212,-1,9,212,129,-1,129,212,213,-1,129,213,127,-1,127,213,214,-1,127,214,125,-1,125,214,215,-1,125,215,123,-1,123,215,216,-1,123,216,121,-1,121,216,217,-1,121,217,119,-1,119,217,218,-1,119,218,117,-1,117,218,219,-1,117,219,115,-1,115,219,220,-1,115,220,2,-1,2,220,221,-1,2,221,22,-1,22,221,222,-1,22,222,66,-1,66,222,223,-1,66,223,64,-1,64,223,224,-1,64,224,62,-1,62,224,225,-1,62,225,60,-1,60,225,58,-1,58,225,226,-1,226,227,58,-1,58,227,228,-1,58,228,110,-1,110,228,229,-1,110,229,108,-1,108,229,230,-1,108,230,106,-1,106,230,231,-1,106,231,104,-1,104,231,232,-1,104,232,102,-1,102,232,233,-1,102,233,100,-1,100,233,234,-1,100,234,98,-1,98,234,235,-1,98,235,25,-1,25,235,236,-1,25,236,26,-1,26,236,237,-1,26,237,28,-1,28,237,238,-1,28,238,30,-1,30,238,239,-1,30,239,32,-1,32,239,240,-1,32,240,49,-1,49,240,241,-1,49,241,132,-1,132,241,242,-1,132,242,133,-1,133,242,243,-1,133,243,135,-1,135,243,244,-1,135,244,137,-1,137,244,245,-1,137,245,138,-1,138,245,246,-1,138,246,52,-1,52,246,247,-1,52,247,54,-1,54,247,248,-1,54,248,56,-1,56,248,249,-1,56,249,57,-1,69,57,250,-1,250,57,249,-1,69,250,251,-1,69,251,70,-1,70,251,252,-1,70,252,72,-1,72,252,253,-1,72,253,74,-1,74,253,254,-1,74,254,76,-1,76,254,255,-1,76,255,78,-1,255,256,78,-1,78,256,257,-1,78,257,80,-1,80,257,258,-1,80,258,82,-1,82,258,259,-1,82,259,95,-1,95,259,260,-1,95,260,93,-1,93,260,261,-1,93,261,91,-1,91,261,262,-1,91,262,89,-1,89,262,263,-1,89,263,87,-1,87,263,264,-1,87,264,85,-1,85,264,265,-1,85,265,83,-1,47,83,266,-1,266,83,265,-1,47,266,267,-1,47,267,146,-1,146,267,268,-1,146,268,141,-1,141,268,269,-1,141,269,148,-1,148,269,270,-1,148,270,149,-1,149,270,271,-1,149,271,150,-1,150,271,272,-1,150,272,151,-1,151,272,273,-1,151,273,152,-1,152,273,274,-1,152,274,153,-1,153,274,275,-1,153,275,139,-1,139,275,276,-1,139,276,140,-1,140,276,277,-1,140,277,142,-1,142,277,278,-1,142,278,143,-1,143,278,279,-1,143,279,144,-1,144,279,280,-1,144,280,145,-1,145,280,281,-1,145,281,147,-1,147,281,282,-1,147,282,45,-1,45,282,283,-1,45,283,46,-1,84,46,284,-1,284,46,283,-1,84,284,285,-1,84,285,86,-1,86,285,286,-1,86,286,88,-1,88,286,287,-1,88,287,90,-1,90,287,288,-1,90,288,92,-1,92,288,289,-1,92,289,94,-1,94,289,290,-1,94,290,96,-1,96,290,291,-1,96,291,97,-1,97,291,154,-1,97,154,81,-1,124,292,293,-1,124,293,126,-1,126,293,294,-1,126,294,128,-1,128,294,295,-1,128,295,130,-1,130,295,296,-1,130,296,131,-1,131,296,297,-1,131,297,17,-1,17,297,298,-1,17,298,18,-1,18,298,299,-1,18,299,19,-1,19,299,300,-1,19,300,20,-1,20,300,301,-1,20,301,21,-1,21,301,302,-1,21,302,44,-1,44,302,303,-1,44,303,43,-1,43,303,304,-1,43,304,41,-1,41,304,305,-1,41,305,39,-1,39,305,306,-1,39,306,16,-1,16,306,307,-1,16,307,14,-1,14,307,308,-1,14,308,13,-1,13,308,309,-1,13,309,36,-1,36,309,310,-1,36,310,35,-1,35,310,311,-1,35,311,34,-1,34,311,312,-1,34,312,113,-1,113,312,313,-1,113,313,114,-1,114,313,314,-1,114,314,116,-1,116,314,315,-1,116,315,118,-1,118,315,316,-1,118,316,120,-1,120,316,317,-1,120,317,122,-1,122,317,292,-1,122,292,124,-1,
        ]
    }
}
Shape{
    appearance Appearance {
        material  Material 	{
            diffuseColor 0.2235294117647059 0.2235294117647059 0.2235294117647059
            specularColor 0.11372549019607843 0.11372549019607843 0.11372549019607843
            ambientIntensity 0.2
            transparency 0
            shininess 0.5
        }
    }
    geometry IndexedFaceSet {
        ccw TRUE
        solid FALSE
        coord DEF co Coordinate {
            point [
                0.3764 -0.0829 0.1226, 0.378 -0.0873 0.1341, 0.3778 -0.0882 0.1333, 0.3782 -0.0829 0.1358, 0.3782 -0.0817 0.1357, 0.3764 -0.0812 0.1228, 0.3782 -0.0845 0.1356, 0.3781 -0.086 0.1351, 0.3766 -0.0785 0.1243, 0.3778 -0.0776 0.1332, 0.378 -0.0787 0.1344, 0.377 -0.0892 0.127, 0.3768 -0.0884 0.1256, 0.3766 -0.0874 0.1244, 0.3765 -0.0798 0.1234, 0.3781 -0.0801 0.1352, 0.3776 -0.089 0.1318, 0.3774 -0.0895 0.1302, 0.3772 -0.0895 0.1286, 0.3765 -0.086 0.1234, 0.3764 -0.0844 0.1228, 0.377 -0.0766 0.127, 0.3772 -0.0763 0.1287, 0.3768 -0.0774 0.1255, 0.3774 -0.0763 0.1303, 0.3776 -0.0768 0.1318, 0.3776 -0.0768 0.1318
            ]
        }
        coordIndex [
            0,1,2,-1,3,0,4,-1,4,0,5,-1,3,6,0,-1,0,6,7,-1,0,7,1,-1,8,9,10,-1,11,12,2,-1,2,12,13,-1,5,14,4,-1,4,14,8,-1,4,8,15,-1,15,8,10,-1,16,17,2,-1,2,17,18,-1,2,18,11,-1,13,19,2,-1,2,19,20,-1,2,20,0,-1,21,22,23,-1,23,22,24,-1,23,24,8,-1,8,24,25,-1,8,25,9,-1,
        ]
    }
}
Shape{
    appearance Appearance {
        material  Material 	{
            diffuseColor 0.6470588235294118 0.6196078431372549 0.5882352941176471
            specularColor 0.45098039215686275 0.43529411764705883 0.4117647058823529
            ambientIntensity 0.2
            transparency 0
            shininess 0.5
        }
    }
    geometry IndexedFaceSet {
        ccw TRUE
        solid FALSE
        coord DEF co Coordinate {
            point [
                -0.2116 -0.4331 0.0689, -0.2116 -0.4331 -0.0, -0.2116 -0.3592 0.0689, -0.2116 -0.3592 -0.0, -0.2116 -0.3505 0.07, -0.2116 -0.3367 0.0025, -0.2116 -0.3423 0.0733, -0.2116 -0.2461 0.2461, -0.2116 -0.2461 0.315, -0.2116 -0.2473 0.2459, -0.2116 -0.2648 0.3126, -0.2116 -0.2485 0.2454, -0.2116 -0.2822 0.3055, -0.2116 -0.2495 0.2447, -0.2116 -0.2973 0.2942, -0.2116 -0.2503 0.2437, -0.2116 -0.3091 0.2795, -0.2116 -0.2508 0.2426, -0.2116 -0.3168 0.2623, -0.2116 -0.251 0.2413, -0.2116 -0.3198 0.2437, -0.2116 -0.2559 0.0997, -0.2116 -0.3248 0.1021, -0.2116 -0.2592 0.0773, -0.2116 -0.3262 0.0935, -0.2116 -0.2672 0.0562, -0.2116 -0.3298 0.0854, -0.2116 -0.2797 0.0373, -0.2116 -0.3353 0.0786, -0.2116 -0.296 0.0216, -0.2116 -0.3153 0.0098, -0.3002 -0.4331 -0.0, -0.3002 -0.4331 0.0689, -0.3002 -0.3592 -0.0, -0.3002 -0.3592 0.0689, -0.3002 -0.3367 0.0025, -0.3002 -0.3505 0.07, -0.3002 -0.3153 0.0098, -0.3002 -0.3423 0.0733, -0.3002 -0.296 0.0216, -0.3002 -0.3353 0.0786, -0.3002 -0.2461 0.315, -0.3002 -0.2461 0.2461, -0.3002 -0.2648 0.3126, -0.3002 -0.2473 0.2459, -0.3002 -0.2822 0.3055, -0.3002 -0.2485 0.2454, -0.3002 -0.2973 0.2942, -0.3002 -0.2495 0.2447, -0.3002 -0.3091 0.2795, -0.3002 -0.2503 0.2437, -0.3002 -0.3168 0.2623, -0.3002 -0.2508 0.2426, -0.3002 -0.3198 0.2437, -0.3002 -0.251 0.2413, -0.3002 -0.3248 0.1021, -0.3002 -0.2559 0.0997, -0.3002 -0.3262 0.0935, -0.3002 -0.2592 0.0773, -0.3002 -0.3298 0.0854, -0.3002 -0.2672 0.0562, -0.3002 -0.2797 0.0373, -0.2116 0.2461 0.315, -0.2116 0.2461 0.2461, -0.2116 0.2648 0.3126, -0.2116 0.2473 0.2459, -0.2116 0.2822 0.3055, -0.2116 0.2485 0.2454, -0.2116 0.2973 0.2942, -0.2116 0.2495 0.2447, -0.2116 0.3091 0.2795, -0.2116 0.2503 0.2437, -0.2116 0.3168 0.2623, -0.2116 0.2508 0.2426, -0.2116 0.3198 0.2437, -0.2116 0.251 0.2413, -0.2116 0.3248 0.1021, -0.2116 0.2559 0.0997, -0.2116 0.3262 0.0935, -0.2116 0.2592 0.0773, -0.2116 0.3298 0.0854, -0.2116 0.2672 0.0562, -0.2116 0.3353 0.0786, -0.2116 0.4331 -0.0, -0.2116 0.4331 0.0689, -0.2116 0.3592 -0.0, -0.2116 0.3592 0.0689, -0.2116 0.3367 0.0025, -0.2116 0.3505 0.07, -0.2116 0.3153 0.0098, -0.2116 0.3423 0.0733, -0.2116 0.296 0.0216, -0.2116 0.2797 0.0373, -0.3002 0.4331 0.0689, -0.3002 0.4331 -0.0, -0.3002 0.3592 0.0689, -0.3002 0.3592 -0.0, -0.3002 0.3505 0.07, -0.3002 0.3367 0.0025, -0.3002 0.3423 0.0733, -0.3002 0.2461 0.2461, -0.3002 0.2461 0.315, -0.3002 0.2473 0.2459, -0.3002 0.2648 0.3126, -0.3002 0.2485 0.2454, -0.3002 0.2822 0.3055, -0.3002 0.2495 0.2447, -0.3002 0.2973 0.2942, -0.3002 0.2503 0.2437, -0.3002 0.3091 0.2795, -0.3002 0.2508 0.2426, -0.3002 0.3168 0.2623, -0.3002 0.251 0.2413, -0.3002 0.3198 0.2437, -0.3002 0.2559 0.0997, -0.3002 0.3248 0.1021, -0.3002 0.2592 0.0773, -0.3002 0.3262 0.0935, -0.3002 0.2672 0.0562, -0.3002 0.3298 0.0854, -0.3002 0.2797 0.0373, -0.3002 0.3353 0.0786, -0.3002 0.296 0.0216, -0.3002 0.3153 0.0098, 0.0443 0.2461 0.315, 0.0443 0.2461 0.2461, 0.0443 0.2648 0.3126, 0.0443 0.2473 0.2459, 0.0443 0.2822 0.3055, 0.0443 0.2485 0.2454, 0.0443 0.2973 0.2942, 0.0443 0.2495 0.2447, 0.0443 0.3091 0.2795, 0.0443 0.2503 0.2437, 0.0443 0.3168 0.2623, 0.0443 0.2508 0.2426, 0.0443 0.3198 0.2437, 0.0443 0.251 0.2413, 0.0443 0.3248 0.1021, 0.0443 0.2559 0.0997, 0.0443 0.3262 0.0935, 0.0443 0.2592 0.0773, 0.0443 0.3298 0.0854, 0.0443 0.2672 0.0562, 0.0443 0.3353 0.0786, 0.0443 0.4331 -0.0, 0.0443 0.4331 0.0689, 0.0443 0.3592 -0.0, 0.0443 0.3592 0.0689, 0.0443 0.3367 0.0025, 0.0443 0.3505 0.07, 0.0443 0.3153 0.0098, 0.0443 0.3423 0.0733, 0.0443 0.296 0.0216, 0.0443 0.2797 0.0373, -0.0443 0.4331 0.0689, -0.0443 0.4331 -0.0, -0.0443 0.3592 0.0689, -0.0443 0.3592 -0.0, -0.0443 0.3505 0.07, -0.0443 0.3367 0.0025, -0.0443 0.3423 0.0733, -0.0443 0.2461 0.2461, -0.0443 0.2461 0.315, -0.0443 0.2473 0.2459, -0.0443 0.2648 0.3126, -0.0443 0.2485 0.2454, -0.0443 0.2822 0.3055, -0.0443 0.2495 0.2447, -0.0443 0.2973 0.2942, -0.0443 0.2503 0.2437, -0.0443 0.3091 0.2795, -0.0443 0.2508 0.2426, -0.0443 0.3168 0.2623, -0.0443 0.251 0.2413, -0.0443 0.3198 0.2437, -0.0443 0.2559 0.0997, -0.0443 0.3248 0.1021, -0.0443 0.2592 0.0773, -0.0443 0.3262 0.0935, -0.0443 0.2672 0.0562, -0.0443 0.3298 0.0854, -0.0443 0.2797 0.0373, -0.0443 0.3353 0.0786, -0.0443 0.296 0.0216, -0.0443 0.3153 0.0098, 0.3002 0.2461 0.315, 0.3002 0.2461 0.2461, 0.3002 0.2648 0.3126, 0.3002 0.2473 0.2459, 0.3002 0.2822 0.3055, 0.3002 0.2485 0.2454, 0.3002 0.2973 0.2942, 0.3002 0.2495 0.2447, 0.3002 0.3091 0.2795, 0.3002 0.2503 0.2437, 0.3002 0.3168 0.2623, 0.3002 0.2508 0.2426, 0.3002 0.3198 0.2437, 0.3002 0.251 0.2413, 0.3002 0.3248 0.1021, 0.3002 0.2559 0.0997, 0.3002 0.3262 0.0935, 0.3002 0.2592 0.0773, 0.3002 0.3298 0.0854, 0.3002 0.2672 0.0562, 0.3002 0.3353 0.0786, 0.3002 0.4331 -0.0, 0.3002 0.4331 0.0689, 0.3002 0.3592 -0.0, 0.3002 0.3592 0.0689, 0.3002 0.3367 0.0025, 0.3002 0.3505 0.07, 0.3002 0.3153 0.0098, 0.3002 0.3423 0.0733, 0.3002 0.296 0.0216, 0.3002 0.2797 0.0373, 0.2116 0.4331 0.0689, 0.2116 0.4331 -0.0, 0.2116 0.3592 0.0689, 0.2116 0.3592 -0.0, 0.2116 0.3505 0.07, 0.2116 0.3367 0.0025, 0.2116 0.3423 0.0733, 0.2116 0.2461 0.2461, 0.2116 0.2461 0.315, 0.2116 0.2473 0.2459, 0.2116 0.2648 0.3126, 0.2116 0.2485 0.2454, 0.2116 0.2822 0.3055, 0.2116 0.2495 0.2447, 0.2116 0.2973 0.2942, 0.2116 0.2503 0.2437, 0.2116 0.3091 0.2795, 0.2116 0.2508 0.2426, 0.2116 0.3168 0.2623, 0.2116 0.251 0.2413, 0.2116 0.3198 0.2437, 0.2116 0.2559 0.0997, 0.2116 0.3248 0.1021, 0.2116 0.2592 0.0773, 0.2116 0.3262 0.0935, 0.2116 0.2672 0.0562, 0.2116 0.3298 0.0854, 0.2116 0.2797 0.0373, 0.2116 0.3353 0.0786, 0.2116 0.296 0.0216, 0.2116 0.3153 0.0098, 0.0443 -0.4331 0.0689, 0.0443 -0.4331 -0.0, 0.0443 -0.3592 0.0689, 0.0443 -0.3592 -0.0, 0.0443 -0.3505 0.07, 0.0443 -0.3367 0.0025, 0.0443 -0.3423 0.0733, 0.0443 -0.2461 0.2461, 0.0443 -0.2461 0.315, 0.0443 -0.2473 0.2459, 0.0443 -0.2648 0.3126, 0.0443 -0.2485 0.2454, 0.0443 -0.2822 0.3055, 0.0443 -0.2495 0.2447, 0.0443 -0.2973 0.2942, 0.0443 -0.2503 0.2437, 0.0443 -0.3091 0.2795, 0.0443 -0.2508 0.2426, 0.0443 -0.3168 0.2623, 0.0443 -0.251 0.2413, 0.0443 -0.3198 0.2437, 0.0443 -0.2559 0.0997, 0.0443 -0.3248 0.1021, 0.0443 -0.2592 0.0773, 0.0443 -0.3262 0.0935, 0.0443 -0.2672 0.0562, 0.0443 -0.3298 0.0854, 0.0443 -0.2797 0.0373, 0.0443 -0.3353 0.0786, 0.0443 -0.296 0.0216, 0.0443 -0.3153 0.0098, -0.0443 -0.4331 -0.0, -0.0443 -0.4331 0.0689, -0.0443 -0.3592 -0.0, -0.0443 -0.3592 0.0689, -0.0443 -0.3367 0.0025, -0.0443 -0.3505 0.07, -0.0443 -0.3153 0.0098, -0.0443 -0.3423 0.0733, -0.0443 -0.296 0.0216, -0.0443 -0.3353 0.0786, -0.0443 -0.2461 0.315, -0.0443 -0.2461 0.2461, -0.0443 -0.2648 0.3126, -0.0443 -0.2473 0.2459, -0.0443 -0.2822 0.3055, -0.0443 -0.2485 0.2454, -0.0443 -0.2973 0.2942, -0.0443 -0.2495 0.2447, -0.0443 -0.3091 0.2795, -0.0443 -0.2503 0.2437, -0.0443 -0.3168 0.2623, -0.0443 -0.2508 0.2426, -0.0443 -0.3198 0.2437, -0.0443 -0.251 0.2413, -0.0443 -0.3248 0.1021, -0.0443 -0.2559 0.0997, -0.0443 -0.3262 0.0935, -0.0443 -0.2592 0.0773, -0.0443 -0.3298 0.0854, -0.0443 -0.2672 0.0562, -0.0443 -0.2797 0.0373, 0.3002 -0.4331 0.0689, 0.3002 -0.4331 -0.0, 0.3002 -0.3592 0.0689, 0.3002 -0.3592 -0.0, 0.3002 -0.3505 0.07, 0.3002 -0.3367 0.0025, 0.3002 -0.3423 0.0733, 0.3002 -0.2461 0.2461, 0.3002 -0.2461 0.315, 0.3002 -0.2473 0.2459, 0.3002 -0.2648 0.3126, 0.3002 -0.2485 0.2454, 0.3002 -0.2822 0.3055, 0.3002 -0.2495 0.2447, 0.3002 -0.2973 0.2942, 0.3002 -0.2503 0.2437, 0.3002 -0.3091 0.2795, 0.3002 -0.2508 0.2426, 0.3002 -0.3168 0.2623, 0.3002 -0.251 0.2413, 0.3002 -0.3198 0.2437, 0.3002 -0.2559 0.0997, 0.3002 -0.3248 0.1021, 0.3002 -0.2592 0.0773, 0.3002 -0.3262 0.0935, 0.3002 -0.2672 0.0562, 0.3002 -0.3298 0.0854, 0.3002 -0.2797 0.0373, 0.3002 -0.3353 0.0786, 0.3002 -0.296 0.0216, 0.3002 -0.3153 0.0098, 0.2116 -0.4331 -0.0, 0.2116 -0.4331 0.0689, 0.2116 -0.3592 -0.0, 0.2116 -0.3592 0.0689, 0.2116 -0.3367 0.0025, 0.2116 -0.3505 0.07, 0.2116 -0.3153 0.0098, 0.2116 -0.3423 0.0733, 0.2116 -0.296 0.0216, 0.2116 -0.3353 0.0786, 0.2116 -0.2461 0.315, 0.2116 -0.2461 0.2461, 0.2116 -0.2648 0.3126, 0.2116 -0.2473 0.2459, 0.2116 -0.2822 0.3055, 0.2116 -0.2485 0.2454, 0.2116 -0.2973 0.2942, 0.2116 -0.2495 0.2447, 0.2116 -0.3091 0.2795, 0.2116 -0.2503 0.2437, 0.2116 -0.3168 0.2623, 0.2116 -0.2508 0.2426, 0.2116 -0.3198 0.2437, 0.2116 -0.251 0.2413, 0.2116 -0.3248 0.1021, 0.2116 -0.2559 0.0997, 0.2116 -0.3262 0.0935, 0.2116 -0.2592 0.0773, 0.2116 -0.3298 0.0854, 0.2116 -0.2672 0.0562, 0.2116 -0.2797 0.0373, 0.2116 -0.2797 0.0373
            ]
        }
        coordIndex [
            0,1,2,-1,2,1,3,-1,2,3,4,-1,4,3,5,-1,4,5,6,-1,7,8,9,-1,9,8,10,-1,9,10,11,-1,11,10,12,-1,11,12,13,-1,13,12,14,-1,13,14,15,-1,15,14,16,-1,15,16,17,-1,17,16,18,-1,17,18,19,-1,19,18,20,-1,19,20,21,-1,21,20,22,-1,21,22,23,-1,23,22,24,-1,23,24,25,-1,25,24,26,-1,25,26,27,-1,27,26,28,-1,27,28,29,-1,29,28,6,-1,29,6,30,-1,30,6,5,-1,31,32,33,-1,33,32,34,-1,33,34,35,-1,35,34,36,-1,35,36,37,-1,37,36,38,-1,37,38,39,-1,39,38,40,-1,41,42,43,-1,43,42,44,-1,43,44,45,-1,45,44,46,-1,45,46,47,-1,47,46,48,-1,47,48,49,-1,49,48,50,-1,49,50,51,-1,51,50,52,-1,51,52,53,-1,53,52,54,-1,53,54,55,-1,55,54,56,-1,55,56,57,-1,57,56,58,-1,57,58,59,-1,59,58,60,-1,59,60,40,-1,40,60,61,-1,40,61,39,-1,0,2,32,-1,32,2,34,-1,1,0,31,-1,31,0,32,-1,3,1,33,-1,33,1,31,-1,3,33,35,-1,3,35,5,-1,5,35,37,-1,5,37,30,-1,30,37,39,-1,30,39,29,-1,29,39,61,-1,29,61,27,-1,27,61,60,-1,27,60,25,-1,25,60,58,-1,25,58,23,-1,23,58,56,-1,23,56,21,-1,19,21,54,-1,54,21,56,-1,19,54,17,-1,17,54,52,-1,17,52,15,-1,15,52,50,-1,15,50,13,-1,13,50,48,-1,13,48,11,-1,11,48,46,-1,11,46,9,-1,9,46,44,-1,9,44,7,-1,7,44,42,-1,8,41,43,-1,8,43,10,-1,10,43,45,-1,10,45,12,-1,12,45,47,-1,12,47,14,-1,14,47,49,-1,14,49,16,-1,16,49,51,-1,16,51,18,-1,18,51,53,-1,18,53,20,-1,22,20,55,-1,55,20,53,-1,22,55,24,-1,24,55,57,-1,24,57,26,-1,26,57,59,-1,26,59,28,-1,28,59,40,-1,28,40,6,-1,6,40,38,-1,6,38,4,-1,4,38,36,-1,4,36,2,-1,2,36,34,-1,62,63,64,-1,64,63,65,-1,64,65,66,-1,66,65,67,-1,66,67,68,-1,68,67,69,-1,68,69,70,-1,70,69,71,-1,70,71,72,-1,72,71,73,-1,72,73,74,-1,74,73,75,-1,74,75,76,-1,76,75,77,-1,76,77,78,-1,78,77,79,-1,78,79,80,-1,80,79,81,-1,80,81,82,-1,83,84,85,-1,85,84,86,-1,85,86,87,-1,87,86,88,-1,87,88,89,-1,89,88,90,-1,89,90,91,-1,91,90,82,-1,91,82,92,-1,92,82,81,-1,93,94,95,-1,95,94,96,-1,95,96,97,-1,97,96,98,-1,97,98,99,-1,100,101,102,-1,102,101,103,-1,102,103,104,-1,104,103,105,-1,104,105,106,-1,106,105,107,-1,106,107,108,-1,108,107,109,-1,108,109,110,-1,110,109,111,-1,110,111,112,-1,112,111,113,-1,112,113,114,-1,114,113,115,-1,114,115,116,-1,116,115,117,-1,116,117,118,-1,118,117,119,-1,118,119,120,-1,120,119,121,-1,120,121,122,-1,122,121,99,-1,122,99,123,-1,123,99,98,-1,86,84,95,-1,95,84,93,-1,86,95,88,-1,88,95,97,-1,88,97,90,-1,90,97,99,-1,90,99,82,-1,82,99,121,-1,82,121,80,-1,80,121,119,-1,80,119,78,-1,78,119,117,-1,78,117,76,-1,76,117,115,-1,74,76,113,-1,113,76,115,-1,74,113,111,-1,74,111,72,-1,72,111,109,-1,72,109,70,-1,70,109,107,-1,70,107,68,-1,68,107,105,-1,68,105,66,-1,66,105,103,-1,66,103,64,-1,64,103,101,-1,64,101,62,-1,63,100,65,-1,65,100,102,-1,65,102,67,-1,67,102,104,-1,67,104,69,-1,69,104,106,-1,69,106,71,-1,71,106,108,-1,71,108,73,-1,73,108,110,-1,73,110,75,-1,75,110,112,-1,77,75,114,-1,114,75,112,-1,77,114,116,-1,77,116,79,-1,79,116,118,-1,79,118,81,-1,81,118,120,-1,81,120,92,-1,92,120,122,-1,92,122,91,-1,91,122,123,-1,91,123,89,-1,89,123,98,-1,89,98,87,-1,87,98,96,-1,87,96,85,-1,83,85,94,-1,94,85,96,-1,84,83,93,-1,93,83,94,-1,124,125,126,-1,126,125,127,-1,126,127,128,-1,128,127,129,-1,128,129,130,-1,130,129,131,-1,130,131,132,-1,132,131,133,-1,132,133,134,-1,134,133,135,-1,134,135,136,-1,136,135,137,-1,136,137,138,-1,138,137,139,-1,138,139,140,-1,140,139,141,-1,140,141,142,-1,142,141,143,-1,142,143,144,-1,145,146,147,-1,147,146,148,-1,147,148,149,-1,149,148,150,-1,149,150,151,-1,151,150,152,-1,151,152,153,-1,153,152,144,-1,153,144,154,-1,154,144,143,-1,155,156,157,-1,157,156,158,-1,157,158,159,-1,159,158,160,-1,159,160,161,-1,162,163,164,-1,164,163,165,-1,164,165,166,-1,166,165,167,-1,166,167,168,-1,168,167,169,-1,168,169,170,-1,170,169,171,-1,170,171,172,-1,172,171,173,-1,172,173,174,-1,174,173,175,-1,174,175,176,-1,176,175,177,-1,176,177,178,-1,178,177,179,-1,178,179,180,-1,180,179,181,-1,180,181,182,-1,182,181,183,-1,182,183,184,-1,184,183,161,-1,184,161,185,-1,185,161,160,-1,148,146,157,-1,157,146,155,-1,148,157,150,-1,150,157,159,-1,150,159,152,-1,152,159,161,-1,152,161,144,-1,144,161,183,-1,144,183,142,-1,142,183,181,-1,142,181,140,-1,140,181,179,-1,140,179,138,-1,138,179,177,-1,136,138,175,-1,175,138,177,-1,136,175,173,-1,136,173,134,-1,134,173,171,-1,134,171,132,-1,132,171,169,-1,132,169,130,-1,130,169,167,-1,130,167,128,-1,128,167,165,-1,128,165,126,-1,126,165,163,-1,126,163,124,-1,125,162,127,-1,127,162,164,-1,127,164,129,-1,129,164,166,-1,129,166,131,-1,131,166,168,-1,131,168,133,-1,133,168,170,-1,133,170,135,-1,135,170,172,-1,135,172,137,-1,137,172,174,-1,139,137,176,-1,176,137,174,-1,139,176,178,-1,139,178,141,-1,141,178,180,-1,141,180,143,-1,143,180,182,-1,143,182,154,-1,154,182,184,-1,154,184,153,-1,153,184,185,-1,153,185,151,-1,151,185,160,-1,151,160,149,-1,149,160,158,-1,149,158,147,-1,145,147,156,-1,156,147,158,-1,146,145,155,-1,155,145,156,-1,186,187,188,-1,188,187,189,-1,188,189,190,-1,190,189,191,-1,190,191,192,-1,192,191,193,-1,192,193,194,-1,194,193,195,-1,194,195,196,-1,196,195,197,-1,196,197,198,-1,198,197,199,-1,198,199,200,-1,200,199,201,-1,200,201,202,-1,202,201,203,-1,202,203,204,-1,204,203,205,-1,204,205,206,-1,207,208,209,-1,209,208,210,-1,209,210,211,-1,211,210,212,-1,211,212,213,-1,213,212,214,-1,213,214,215,-1,215,214,206,-1,215,206,216,-1,216,206,205,-1,217,218,219,-1,219,218,220,-1,219,220,221,-1,221,220,222,-1,221,222,223,-1,224,225,226,-1,226,225,227,-1,226,227,228,-1,228,227,229,-1,228,229,230,-1,230,229,231,-1,230,231,232,-1,232,231,233,-1,232,233,234,-1,234,233,235,-1,234,235,236,-1,236,235,237,-1,236,237,238,-1,238,237,239,-1,238,239,240,-1,240,239,241,-1,240,241,242,-1,242,241,243,-1,242,243,244,-1,244,243,245,-1,244,245,246,-1,246,245,223,-1,246,223,247,-1,247,223,222,-1,210,208,219,-1,219,208,217,-1,210,219,212,-1,212,219,221,-1,212,221,214,-1,214,221,223,-1,214,223,206,-1,206,223,245,-1,206,245,204,-1,204,245,243,-1,204,243,202,-1,202,243,241,-1,202,241,200,-1,200,241,239,-1,198,200,237,-1,237,200,239,-1,198,237,235,-1,198,235,196,-1,196,235,233,-1,196,233,194,-1,194,233,231,-1,194,231,192,-1,192,231,229,-1,192,229,190,-1,190,229,227,-1,190,227,188,-1,188,227,225,-1,188,225,186,-1,187,224,189,-1,189,224,226,-1,189,226,191,-1,191,226,228,-1,191,228,193,-1,193,228,230,-1,193,230,195,-1,195,230,232,-1,195,232,197,-1,197,232,234,-1,197,234,199,-1,199,234,236,-1,201,199,238,-1,238,199,236,-1,201,238,240,-1,201,240,203,-1,203,240,242,-1,203,242,205,-1,205,242,244,-1,205,244,216,-1,216,244,246,-1,216,246,215,-1,215,246,247,-1,215,247,213,-1,213,247,222,-1,213,222,211,-1,211,222,220,-1,211,220,209,-1,207,209,218,-1,218,209,220,-1,208,207,217,-1,217,207,218,-1,248,249,250,-1,250,249,251,-1,250,251,252,-1,252,251,253,-1,252,253,254,-1,255,256,257,-1,257,256,258,-1,257,258,259,-1,259,258,260,-1,259,260,261,-1,261,260,262,-1,261,262,263,-1,263,262,264,-1,263,264,265,-1,265,264,266,-1,265,266,267,-1,267,266,268,-1,267,268,269,-1,269,268,270,-1,269,270,271,-1,271,270,272,-1,271,272,273,-1,273,272,274,-1,273,274,275,-1,275,274,276,-1,275,276,277,-1,277,276,254,-1,277,254,278,-1,278,254,253,-1,279,280,281,-1,281,280,282,-1,281,282,283,-1,283,282,284,-1,283,284,285,-1,285,284,286,-1,285,286,287,-1,287,286,288,-1,289,290,291,-1,291,290,292,-1,291,292,293,-1,293,292,294,-1,293,294,295,-1,295,294,296,-1,295,296,297,-1,297,296,298,-1,297,298,299,-1,299,298,300,-1,299,300,301,-1,301,300,302,-1,301,302,303,-1,303,302,304,-1,303,304,305,-1,305,304,306,-1,305,306,307,-1,307,306,308,-1,307,308,288,-1,288,308,309,-1,288,309,287,-1,248,250,280,-1,280,250,282,-1,249,248,279,-1,279,248,280,-1,251,249,281,-1,281,249,279,-1,251,281,283,-1,251,283,253,-1,253,283,285,-1,253,285,278,-1,278,285,287,-1,278,287,277,-1,277,287,309,-1,277,309,275,-1,275,309,308,-1,275,308,273,-1,273,308,306,-1,273,306,271,-1,271,306,304,-1,271,304,269,-1,267,269,302,-1,302,269,304,-1,267,302,265,-1,265,302,300,-1,265,300,263,-1,263,300,298,-1,263,298,261,-1,261,298,296,-1,261,296,259,-1,259,296,294,-1,259,294,257,-1,257,294,292,-1,257,292,255,-1,255,292,290,-1,256,289,291,-1,256,291,258,-1,258,291,293,-1,258,293,260,-1,260,293,295,-1,260,295,262,-1,262,295,297,-1,262,297,264,-1,264,297,299,-1,264,299,266,-1,266,299,301,-1,266,301,268,-1,270,268,303,-1,303,268,301,-1,270,303,272,-1,272,303,305,-1,272,305,274,-1,274,305,307,-1,274,307,276,-1,276,307,288,-1,276,288,254,-1,254,288,286,-1,254,286,252,-1,252,286,284,-1,252,284,250,-1,250,284,282,-1,310,311,312,-1,312,311,313,-1,312,313,314,-1,314,313,315,-1,314,315,316,-1,317,318,319,-1,319,318,320,-1,319,320,321,-1,321,320,322,-1,321,322,323,-1,323,322,324,-1,323,324,325,-1,325,324,326,-1,325,326,327,-1,327,326,328,-1,327,328,329,-1,329,328,330,-1,329,330,331,-1,331,330,332,-1,331,332,333,-1,333,332,334,-1,333,334,335,-1,335,334,336,-1,335,336,337,-1,337,336,338,-1,337,338,339,-1,339,338,316,-1,339,316,340,-1,340,316,315,-1,341,342,343,-1,343,342,344,-1,343,344,345,-1,345,344,346,-1,345,346,347,-1,347,346,348,-1,347,348,349,-1,349,348,350,-1,351,352,353,-1,353,352,354,-1,353,354,355,-1,355,354,356,-1,355,356,357,-1,357,356,358,-1,357,358,359,-1,359,358,360,-1,359,360,361,-1,361,360,362,-1,361,362,363,-1,363,362,364,-1,363,364,365,-1,365,364,366,-1,365,366,367,-1,367,366,368,-1,367,368,369,-1,369,368,370,-1,369,370,350,-1,350,370,371,-1,350,371,349,-1,310,312,342,-1,342,312,344,-1,311,310,341,-1,341,310,342,-1,313,311,343,-1,343,311,341,-1,313,343,345,-1,313,345,315,-1,315,345,347,-1,315,347,340,-1,340,347,349,-1,340,349,339,-1,339,349,371,-1,339,371,337,-1,337,371,370,-1,337,370,335,-1,335,370,368,-1,335,368,333,-1,333,368,366,-1,333,366,331,-1,329,331,364,-1,364,331,366,-1,329,364,327,-1,327,364,362,-1,327,362,325,-1,325,362,360,-1,325,360,323,-1,323,360,358,-1,323,358,321,-1,321,358,356,-1,321,356,319,-1,319,356,354,-1,319,354,317,-1,317,354,352,-1,318,351,353,-1,318,353,320,-1,320,353,355,-1,320,355,322,-1,322,355,357,-1,322,357,324,-1,324,357,359,-1,324,359,326,-1,326,359,361,-1,326,361,328,-1,328,361,363,-1,328,363,330,-1,332,330,365,-1,365,330,363,-1,332,365,334,-1,334,365,367,-1,334,367,336,-1,336,367,369,-1,336,369,338,-1,338,369,350,-1,338,350,316,-1,316,350,348,-1,316,348,314,-1,314,348,346,-1,314,346,312,-1,312,346,344,-1,
        ]
    }
}