ISO-10303-21;
HEADER;
FILE_DESCRIPTION((''),'2;1');
FILE_NAME('381','2021-09-27T23:38:44',('Administrator'),(''),
'CREO PARAMETRIC BY PTC INC, 2016510','CREO PARAMETRIC BY PTC INC, 2016510','');
FILE_SCHEMA(('CONFIG_CONTROL_DESIGN','GEOMETRIC_VALIDATION_PROPERTIES_MIM'));
ENDSEC;
DATA;
#38=DIRECTION('',(0.E0,0.E0,-1.E0));
#39=VECTOR('',#38,1.E-2);
#40=CARTESIAN_POINT('',(-5.892416437626E-1,1.036236170601E0,0.E0));
#41=LINE('',#40,#39);
#42=DIRECTION('',(0.E0,1.E0,0.E0));
#43=VECTOR('',#42,5.5E-1);
#44=CARTESIAN_POINT('',(-1.2E0,-2.8E0,0.E0));
#45=LINE('',#44,#43);
#46=DIRECTION('',(1.E0,0.E0,0.E0));
#47=VECTOR('',#46,2.4E0);
#48=CARTESIAN_POINT('',(-1.2E0,-2.8E0,0.E0));
#49=LINE('',#48,#47);
#50=DIRECTION('',(0.E0,1.E0,0.E0));
#51=VECTOR('',#50,5.5E-1);
#52=CARTESIAN_POINT('',(1.2E0,-2.8E0,0.E0));
#53=LINE('',#52,#51);
#54=DIRECTION('',(-1.E0,0.E0,0.E0));
#55=VECTOR('',#54,2.3E0);
#56=CARTESIAN_POINT('',(3.5E0,-2.25E0,0.E0));
#57=LINE('',#56,#55);
#58=DIRECTION('',(0.E0,1.E0,0.E0));
#59=VECTOR('',#58,5.5E-1);
#60=CARTESIAN_POINT('',(3.5E0,-2.8E0,0.E0));
#61=LINE('',#60,#59);
#62=DIRECTION('',(1.E0,0.E0,0.E0));
#63=VECTOR('',#62,2.E0);
#64=CARTESIAN_POINT('',(3.5E0,-2.8E0,0.E0));
#65=LINE('',#64,#63);
#66=DIRECTION('',(0.E0,1.E0,0.E0));
#67=VECTOR('',#66,5.6E0);
#68=CARTESIAN_POINT('',(5.5E0,-2.8E0,0.E0));
#69=LINE('',#68,#67);
#70=DIRECTION('',(-1.E0,0.E0,0.E0));
#71=VECTOR('',#70,2.E0);
#72=CARTESIAN_POINT('',(5.5E0,2.8E0,0.E0));
#73=LINE('',#72,#71);
#74=DIRECTION('',(0.E0,-1.E0,0.E0));
#75=VECTOR('',#74,5.5E-1);
#76=CARTESIAN_POINT('',(3.5E0,2.8E0,0.E0));
#77=LINE('',#76,#75);
#78=DIRECTION('',(1.E0,0.E0,0.E0));
#79=VECTOR('',#78,2.3E0);
#80=CARTESIAN_POINT('',(1.2E0,2.25E0,0.E0));
#81=LINE('',#80,#79);
#82=DIRECTION('',(0.E0,-1.E0,0.E0));
#83=VECTOR('',#82,5.5E-1);
#84=CARTESIAN_POINT('',(1.2E0,2.8E0,0.E0));
#85=LINE('',#84,#83);
#86=DIRECTION('',(-1.E0,0.E0,0.E0));
#87=VECTOR('',#86,2.4E0);
#88=CARTESIAN_POINT('',(1.2E0,2.8E0,0.E0));
#89=LINE('',#88,#87);
#90=DIRECTION('',(0.E0,-1.E0,0.E0));
#91=VECTOR('',#90,5.5E-1);
#92=CARTESIAN_POINT('',(-1.2E0,2.8E0,0.E0));
#93=LINE('',#92,#91);
#94=DIRECTION('',(1.E0,0.E0,0.E0));
#95=VECTOR('',#94,2.3E0);
#96=CARTESIAN_POINT('',(-3.5E0,2.25E0,0.E0));
#97=LINE('',#96,#95);
#98=DIRECTION('',(0.E0,-1.E0,0.E0));
#99=VECTOR('',#98,5.5E-1);
#100=CARTESIAN_POINT('',(-3.5E0,2.8E0,0.E0));
#101=LINE('',#100,#99);
#102=DIRECTION('',(-1.E0,0.E0,0.E0));
#103=VECTOR('',#102,2.E0);
#104=CARTESIAN_POINT('',(-3.5E0,2.8E0,0.E0));
#105=LINE('',#104,#103);
#106=DIRECTION('',(0.E0,-1.E0,0.E0));
#107=VECTOR('',#106,5.6E0);
#108=CARTESIAN_POINT('',(-5.5E0,2.8E0,0.E0));
#109=LINE('',#108,#107);
#110=DIRECTION('',(1.E0,0.E0,0.E0));
#111=VECTOR('',#110,2.E0);
#112=CARTESIAN_POINT('',(-5.5E0,-2.8E0,0.E0));
#113=LINE('',#112,#111);
#114=DIRECTION('',(0.E0,1.E0,0.E0));
#115=VECTOR('',#114,5.5E-1);
#116=CARTESIAN_POINT('',(-3.5E0,-2.8E0,0.E0));
#117=LINE('',#116,#115);
#118=DIRECTION('',(-1.E0,0.E0,0.E0));
#119=VECTOR('',#118,2.3E0);
#120=CARTESIAN_POINT('',(-1.2E0,-2.25E0,0.E0));
#121=LINE('',#120,#119);
#122=DIRECTION('',(1.E0,0.E0,0.E0));
#123=VECTOR('',#122,7.E-1);
#124=CARTESIAN_POINT('',(-3.35E0,2.E-1,0.E0));
#125=LINE('',#124,#123);
#126=DIRECTION('',(0.E0,-1.E0,0.E0));
#127=VECTOR('',#126,4.E-1);
#128=CARTESIAN_POINT('',(-2.65E0,2.E-1,0.E0));
#129=LINE('',#128,#127);
#130=DIRECTION('',(-1.E0,0.E0,0.E0));
#131=VECTOR('',#130,7.E-1);
#132=CARTESIAN_POINT('',(-2.65E0,-2.E-1,0.E0));
#133=LINE('',#132,#131);
#134=DIRECTION('',(0.E0,1.E0,0.E0));
#135=VECTOR('',#134,4.E-1);
#136=CARTESIAN_POINT('',(-3.35E0,-2.E-1,0.E0));
#137=LINE('',#136,#135);
#138=DIRECTION('',(1.E0,0.E0,0.E0));
#139=VECTOR('',#138,7.E-1);
#140=CARTESIAN_POINT('',(-3.5E-1,2.E-1,0.E0));
#141=LINE('',#140,#139);
#142=DIRECTION('',(0.E0,-1.E0,0.E0));
#143=VECTOR('',#142,4.E-1);
#144=CARTESIAN_POINT('',(3.5E-1,2.E-1,0.E0));
#145=LINE('',#144,#143);
#146=DIRECTION('',(-1.E0,0.E0,0.E0));
#147=VECTOR('',#146,7.E-1);
#148=CARTESIAN_POINT('',(3.5E-1,-2.E-1,0.E0));
#149=LINE('',#148,#147);
#150=DIRECTION('',(0.E0,1.E0,0.E0));
#151=VECTOR('',#150,4.E-1);
#152=CARTESIAN_POINT('',(-3.5E-1,-2.E-1,0.E0));
#153=LINE('',#152,#151);
#154=DIRECTION('',(1.E0,0.E0,0.E0));
#155=VECTOR('',#154,7.E-1);
#156=CARTESIAN_POINT('',(2.65E0,2.E-1,0.E0));
#157=LINE('',#156,#155);
#158=DIRECTION('',(0.E0,-1.E0,0.E0));
#159=VECTOR('',#158,4.E-1);
#160=CARTESIAN_POINT('',(3.35E0,2.E-1,0.E0));
#161=LINE('',#160,#159);
#162=DIRECTION('',(-1.E0,0.E0,0.E0));
#163=VECTOR('',#162,7.E-1);
#164=CARTESIAN_POINT('',(3.35E0,-2.E-1,0.E0));
#165=LINE('',#164,#163);
#166=DIRECTION('',(0.E0,1.E0,0.E0));
#167=VECTOR('',#166,4.E-1);
#168=CARTESIAN_POINT('',(2.65E0,-2.E-1,0.E0));
#169=LINE('',#168,#167);
#170=DIRECTION('',(0.E0,1.E0,0.E0));
#171=VECTOR('',#170,5.764E-1);
#172=CARTESIAN_POINT('',(-1.2497E0,4.721E-1,0.E0));
#173=LINE('',#172,#171);
#174=DIRECTION('',(1.E0,0.E0,0.E0));
#175=VECTOR('',#174,4.323E-1);
#176=CARTESIAN_POINT('',(-1.2497E0,1.0485E0,0.E0));
#177=LINE('',#176,#175);
#178=DIRECTION('',(0.E0,-1.E0,0.E0));
#179=VECTOR('',#178,7.358297854066E-2);
#180=CARTESIAN_POINT('',(-8.174E-1,1.0485E0,0.E0));
#181=LINE('',#180,#179);
#182=DIRECTION('',(-1.E0,0.E0,0.E0));
#183=VECTOR('',#182,3.6025E-1);
#184=CARTESIAN_POINT('',(-8.174E-1,9.749170214593E-1,0.E0));
#185=LINE('',#184,#183);
#186=DIRECTION('',(0.E0,-1.E0,0.E0));
#187=VECTOR('',#186,5.028170214593E-1);
#188=CARTESIAN_POINT('',(-1.17765E0,9.749170214593E-1,0.E0));
#189=LINE('',#188,#187);
#190=DIRECTION('',(-1.E0,0.E0,0.E0));
#191=VECTOR('',#190,7.205E-2);
#192=CARTESIAN_POINT('',(-1.17765E0,4.721E-1,0.E0));
#193=LINE('',#192,#191);
#194=DIRECTION('',(-1.E0,0.E0,0.E0));
#195=VECTOR('',#194,7.205E-2);
#196=CARTESIAN_POINT('',(-2.530083562374E-1,9.013340429187E-1,0.E0));
#197=LINE('',#196,#195);
#198=DIRECTION('',(-3.102789952956E-1,9.506455412394E-1,0.E0));
#199=VECTOR('',#198,3.870158053637E-2);
#200=CARTESIAN_POINT('',(-3.250583562374E-1,9.013340429187E-1,0.E0));
#201=LINE('',#200,#199);
#202=DIRECTION('',(-8.265991871191E-1,5.627910658975E-1,0.E0));
#203=VECTOR('',#202,4.358218658012E-2);
#204=CARTESIAN_POINT('',(-3.370666437626E-1,9.381255278945E-1,0.E0));
#205=LINE('',#204,#203);
#206=DIRECTION('',(-9.689177459678E-1,2.473831068378E-1,0.E0));
#207=VECTOR('',#206,4.957423520965E-2);
#208=CARTESIAN_POINT('',(-3.730916437626E-1,9.626531931341E-1,0.E0));
#209=LINE('',#208,#207);
#210=DIRECTION('',(-1.E0,0.E0,0.E0));
#211=VECTOR('',#210,1.08075E-1);
#212=CARTESIAN_POINT('',(-4.21125E-1,9.749170214593E-1,0.E0));
#213=LINE('',#212,#211);
#214=DIRECTION('',(-9.689177459678E-1,-2.473831068378E-1,0.E0));
#215=VECTOR('',#214,4.957423520965E-2);
#216=CARTESIAN_POINT('',(-5.292E-1,9.749170214593E-1,0.E0));
#217=LINE('',#216,#215);
#218=DIRECTION('',(-8.265991871191E-1,-5.627910658975E-1,0.E0));
#219=VECTOR('',#218,4.358218658012E-2);
#220=CARTESIAN_POINT('',(-5.772333562374E-1,9.626531931341E-1,0.E0));
#221=LINE('',#220,#219);
#222=DIRECTION('',(-5.466221810895E-1,-8.373793591563E-1,0.E0));
#223=VECTOR('',#222,4.393646030741E-2);
#224=CARTESIAN_POINT('',(-6.132583562374E-1,9.381255278945E-1,0.E0));
#225=LINE('',#224,#223);
#226=DIRECTION('',(-2.377717803411E-1,-9.713210491251E-1,0.E0));
#227=VECTOR('',#226,5.050370662231E-2);
#228=CARTESIAN_POINT('',(-6.37275E-1,9.013340429187E-1,0.E0));
#229=LINE('',#228,#227);
#230=DIRECTION('',(0.E0,-1.E0,0.E0));
#231=VECTOR('',#230,1.839574420571E-1);
#232=CARTESIAN_POINT('',(-6.492833562374E-1,8.522787296176E-1,0.E0));
#233=LINE('',#232,#231);
#234=DIRECTION('',(2.377717803411E-1,-9.713210491251E-1,0.E0));
#235=VECTOR('',#234,5.050370662231E-2);
#236=CARTESIAN_POINT('',(-6.492833562374E-1,6.683212875605E-1,0.E0));
#237=LINE('',#236,#235);
#238=DIRECTION('',(5.466218231676E-1,-8.373795927994E-1,0.E0));
#239=VECTOR('',#238,4.393648907652E-2);
#240=CARTESIAN_POINT('',(-6.37275E-1,6.192659742594E-1,0.E0));
#241=LINE('',#240,#239);
#242=DIRECTION('',(8.265992787996E-1,-5.627909312417E-1,0.E0));
#243=VECTOR('',#242,4.358218174629E-2);
#244=CARTESIAN_POINT('',(-6.132583562374E-1,5.824744549274E-1,0.E0));
#245=LINE('',#244,#243);
#246=DIRECTION('',(9.689177459678E-1,-2.473831068378E-1,0.E0));
#247=VECTOR('',#246,4.957423520965E-2);
#248=CARTESIAN_POINT('',(-5.772333562374E-1,5.579467982769E-1,0.E0));
#249=LINE('',#248,#247);
#250=DIRECTION('',(1.E0,0.E0,0.E0));
#251=VECTOR('',#250,1.08075E-1);
#252=CARTESIAN_POINT('',(-5.292E-1,5.456829699516E-1,0.E0));
#253=LINE('',#252,#251);
#254=DIRECTION('',(9.689177459678E-1,2.473831068378E-1,0.E0));
#255=VECTOR('',#254,4.957423520965E-2);
#256=CARTESIAN_POINT('',(-4.21125E-1,5.456829699516E-1,0.E0));
#257=LINE('',#256,#255);
#258=DIRECTION('',(8.265992787996E-1,5.627909312417E-1,0.E0));
#259=VECTOR('',#258,4.358218174629E-2);
#260=CARTESIAN_POINT('',(-3.730916437626E-1,5.579467982769E-1,0.E0));
#261=LINE('',#260,#259);
#262=DIRECTION('',(3.102787334496E-1,9.506456267027E-1,0.E0));
#263=VECTOR('',#262,3.870161319686E-2);
#264=CARTESIAN_POINT('',(-3.370666437626E-1,5.824744549274E-1,0.E0));
#265=LINE('',#264,#263);
#266=DIRECTION('',(1.E0,0.E0,0.E0));
#267=VECTOR('',#266,7.205E-2);
#268=CARTESIAN_POINT('',(-3.250583562374E-1,6.192659742594E-1,0.E0));
#269=LINE('',#268,#267);
#270=DIRECTION('',(-1.921820436730E-1,-9.813592930674E-1,0.E0));
#271=VECTOR('',#270,6.248392043124E-2);
#272=CARTESIAN_POINT('',(-2.530083562374E-1,6.192659742594E-1,0.E0));
#273=LINE('',#272,#271);
#274=DIRECTION('',(-6.996250055017E-1,-7.145102180353E-1,0.E0));
#275=VECTOR('',#274,6.865585972441E-2);
#276=CARTESIAN_POINT('',(-2.650166437626E-1,5.579467982769E-1,0.E0));
#277=LINE('',#276,#275);
#278=DIRECTION('',(-8.906053746977E-1,-4.547769415434E-1,0.E0));
#279=VECTOR('',#278,5.393337790457E-2);
#280=CARTESIAN_POINT('',(-3.1305E-1,5.088914849758E-1,0.E0));
#281=LINE('',#280,#279);
#282=DIRECTION('',(-9.797706943097E-1,-2.001234283435E-1,0.E0));
#283=VECTOR('',#282,6.128132236583E-2);
#284=CARTESIAN_POINT('',(-3.610833562374E-1,4.843638283253E-1,0.E0));
#285=LINE('',#284,#283);
#286=DIRECTION('',(-1.E0,0.E0,0.E0));
#287=VECTOR('',#286,1.08075E-1);
#288=CARTESIAN_POINT('',(-4.21125E-1,4.721E-1,0.E0));
#289=LINE('',#288,#287);
#290=DIRECTION('',(-9.797706943097E-1,2.001234283435E-1,0.E0));
#291=VECTOR('',#290,6.128132236583E-2);
#292=CARTESIAN_POINT('',(-5.292E-1,4.721E-1,0.E0));
#293=LINE('',#292,#291);
#294=DIRECTION('',(-8.906053746977E-1,4.547769415434E-1,0.E0));
#295=VECTOR('',#294,5.393337790457E-2);
#296=CARTESIAN_POINT('',(-5.892416437626E-1,4.843638283253E-1,0.E0));
#297=LINE('',#296,#295);
#298=DIRECTION('',(-6.996247500295E-1,7.145104681851E-1,0.E0));
#299=VECTOR('',#298,6.865583568802E-2);
#300=CARTESIAN_POINT('',(-6.37275E-1,5.088914849758E-1,0.E0));
#301=LINE('',#300,#299);
#302=DIRECTION('',(-4.397136649566E-1,8.981380143666E-1,0.E0));
#303=VECTOR('',#302,5.461890323803E-2);
#304=CARTESIAN_POINT('',(-6.853083218813E-1,5.579467982769E-1,0.E0));
#305=LINE('',#304,#303);
#306=DIRECTION('',(-1.921825732045E-1,9.813591893677E-1,0.E0));
#307=VECTOR('',#306,6.248392703387E-2);
#308=CARTESIAN_POINT('',(-7.09325E-1,6.070021115780E-1,0.E0));
#309=LINE('',#308,#307);
#310=DIRECTION('',(0.E0,1.E0,0.E0));
#311=VECTOR('',#310,1.839574420571E-1);
#312=CARTESIAN_POINT('',(-7.213333218813E-1,6.683212875605E-1,0.E0));
#313=LINE('',#312,#311);
#314=DIRECTION('',(1.921826769044E-1,9.813591690599E-1,0.E0));
#315=VECTOR('',#314,6.248389331818E-2);
#316=CARTESIAN_POINT('',(-7.213333218813E-1,8.522787296176E-1,0.E0));
#317=LINE('',#316,#315);
#318=DIRECTION('',(4.397136028534E-1,8.981380447713E-1,0.E0));
#319=VECTOR('',#318,5.461891095216E-2);
#320=CARTESIAN_POINT('',(-7.09325E-1,9.135978712440E-1,0.E0));
#321=LINE('',#320,#319);
#322=DIRECTION('',(6.996247187608E-1,7.145104988025E-1,0.E0));
#323=VECTOR('',#322,6.865583875649E-2);
#324=CARTESIAN_POINT('',(-6.853083218813E-1,9.626531931341E-1,0.E0));
#325=LINE('',#324,#323);
#326=DIRECTION('',(8.906053505096E-1,4.547769889117E-1,0.E0));
#327=VECTOR('',#326,5.393337936935E-2);
#328=CARTESIAN_POINT('',(-6.37275E-1,1.011708510730E0,0.E0));
#329=LINE('',#328,#327);
#330=DIRECTION('',(9.797706908745E-1,2.001234451615E-1,0.E0));
#331=VECTOR('',#330,6.128132258069E-2);
#332=CARTESIAN_POINT('',(-5.892416437626E-1,1.036236170601E0,0.E0));
#333=LINE('',#332,#331);
#334=DIRECTION('',(1.E0,0.E0,0.E0));
#335=VECTOR('',#334,1.08075E-1);
#336=CARTESIAN_POINT('',(-5.292E-1,1.0485E0,0.E0));
#337=LINE('',#336,#335);
#338=DIRECTION('',(9.797706908745E-1,-2.001234451615E-1,0.E0));
#339=VECTOR('',#338,6.128132258069E-2);
#340=CARTESIAN_POINT('',(-4.21125E-1,1.0485E0,0.E0));
#341=LINE('',#340,#339);
#342=DIRECTION('',(8.906053505096E-1,-4.547769889117E-1,0.E0));
#343=VECTOR('',#342,5.393337936935E-2);
#344=CARTESIAN_POINT('',(-3.610833562374E-1,1.036236170601E0,0.E0));
#345=LINE('',#344,#343);
#346=DIRECTION('',(6.996249742329E-1,-7.145102486526E-1,0.E0));
#347=VECTOR('',#346,6.865586279288E-2);
#348=CARTESIAN_POINT('',(-3.1305E-1,1.011708510730E0,0.E0));
#349=LINE('',#348,#347);
#350=DIRECTION('',(1.921821214477E-1,-9.813592778365E-1,0.E0));
#351=VECTOR('',#350,6.248389514447E-2);
#352=CARTESIAN_POINT('',(-2.650166437626E-1,9.626531931341E-1,0.E0));
#353=LINE('',#352,#351);
#354=DIRECTION('',(-1.E0,0.E0,0.E0));
#355=VECTOR('',#354,3.6025E-1);
#356=CARTESIAN_POINT('',(2.753582875252E-1,9.749170214593E-1,0.E0));
#357=LINE('',#356,#355);
#358=DIRECTION('',(0.E0,-1.E0,0.E0));
#359=VECTOR('',#358,1.962212789714E-1);
#360=CARTESIAN_POINT('',(-8.489171247482E-2,9.749170214593E-1,0.E0));
#361=LINE('',#360,#359);
#362=DIRECTION('',(1.E0,0.E0,0.E0));
#363=VECTOR('',#362,3.122167124748E-1);
#364=CARTESIAN_POINT('',(-8.489171247482E-2,7.786957424879E-1,0.E0));
#365=LINE('',#364,#363);
#366=DIRECTION('',(0.E0,-1.E0,0.E0));
#367=VECTOR('',#366,7.358296995163E-2);
#368=CARTESIAN_POINT('',(2.27325E-1,7.786957424879E-1,0.E0));
#369=LINE('',#368,#367);
#370=DIRECTION('',(-1.E0,0.E0,0.E0));
#371=VECTOR('',#370,3.122167124748E-1);
#372=CARTESIAN_POINT('',(2.27325E-1,7.051127725363E-1,0.E0));
#373=LINE('',#372,#371);
#374=DIRECTION('',(0.E0,-1.E0,0.E0));
#375=VECTOR('',#374,1.594298025846E-1);
#376=CARTESIAN_POINT('',(-8.489171247482E-2,7.051127725363E-1,0.E0));
#377=LINE('',#376,#375);
#378=DIRECTION('',(1.E0,0.E0,0.E0));
#379=VECTOR('',#378,3.6025E-1);
#380=CARTESIAN_POINT('',(-8.489171247482E-2,5.456829699516E-1,0.E0));
#381=LINE('',#380,#379);
#382=DIRECTION('',(0.E0,-1.E0,0.E0));
#383=VECTOR('',#382,7.358296995163E-2);
#384=CARTESIAN_POINT('',(2.753582875252E-1,5.456829699516E-1,0.E0));
#385=LINE('',#384,#383);
#386=DIRECTION('',(-1.E0,0.E0,0.E0));
#387=VECTOR('',#386,4.322999312878E-1);
#388=CARTESIAN_POINT('',(2.753582875252E-1,4.721E-1,0.E0));
#389=LINE('',#388,#387);
#390=DIRECTION('',(0.E0,1.E0,0.E0));
#391=VECTOR('',#390,5.764E-1);
#392=CARTESIAN_POINT('',(-1.569416437626E-1,4.721E-1,0.E0));
#393=LINE('',#392,#391);
#394=DIRECTION('',(1.E0,0.E0,0.E0));
#395=VECTOR('',#394,4.322999312878E-1);
#396=CARTESIAN_POINT('',(-1.569416437626E-1,1.0485E0,0.E0));
#397=LINE('',#396,#395);
#398=DIRECTION('',(0.E0,-1.E0,0.E0));
#399=VECTOR('',#398,7.358297854066E-2);
#400=CARTESIAN_POINT('',(2.753582875252E-1,1.0485E0,0.E0));
#401=LINE('',#400,#399);
#402=DIRECTION('',(-1.E0,0.E0,0.E0));
#403=VECTOR('',#402,2.882E-1);
#404=CARTESIAN_POINT('',(6.59625E-1,4.721E-1,0.E0));
#405=LINE('',#404,#403);
#406=DIRECTION('',(0.E0,1.E0,0.E0));
#407=VECTOR('',#406,5.764E-1);
#408=CARTESIAN_POINT('',(3.71425E-1,4.721E-1,0.E0));
#409=LINE('',#408,#407);
#410=DIRECTION('',(1.E0,0.E0,0.E0));
#411=VECTOR('',#410,2.882E-1);
#412=CARTESIAN_POINT('',(3.71425E-1,1.0485E0,0.E0));
#413=LINE('',#412,#411);
#414=DIRECTION('',(9.797707357802E-1,-2.001232253108E-1,0.E0));
#415=VECTOR('',#414,6.128138990293E-2);
#416=CARTESIAN_POINT('',(6.59625E-1,1.0485E0,0.E0));
#417=LINE('',#416,#415);
#418=DIRECTION('',(8.906050870136E-1,-4.547775049247E-1,0.E0));
#419=VECTOR('',#418,5.393331817388E-2);
#420=CARTESIAN_POINT('',(7.196667124748E-1,1.036236170601E0,0.E0));
#421=LINE('',#420,#419);
#422=DIRECTION('',(6.996244632883E-1,-7.145107489524E-1,0.E0));
#423=VECTOR('',#422,6.865581472011E-2);
#424=CARTESIAN_POINT('',(7.677E-1,1.011708510730E0,0.E0));
#425=LINE('',#424,#423);
#426=DIRECTION('',(4.397141102494E-1,-8.981377963584E-1,0.E0));
#427=VECTOR('',#426,5.461892605902E-2);
#428=CARTESIAN_POINT('',(8.157332875252E-1,9.626531931341E-1,0.E0));
#429=LINE('',#428,#427);
#430=DIRECTION('',(1.921821473726E-1,-9.813592727596E-1,0.E0));
#431=VECTOR('',#430,6.248388671554E-2);
#432=CARTESIAN_POINT('',(8.3975E-1,9.135978712440E-1,0.E0));
#433=LINE('',#432,#431);
#434=DIRECTION('',(0.E0,-1.E0,0.E0));
#435=VECTOR('',#434,1.839574420571E-1);
#436=CARTESIAN_POINT('',(8.517582875252E-1,8.522787296176E-1,0.E0));
#437=LINE('',#436,#435);
#438=DIRECTION('',(-1.921820436730E-1,-9.813592930674E-1,0.E0));
#439=VECTOR('',#438,6.248392043124E-2);
#440=CARTESIAN_POINT('',(8.517582875252E-1,6.683212875605E-1,0.E0));
#441=LINE('',#440,#439);
#442=DIRECTION('',(-4.397141723527E-1,-8.981377659536E-1,0.E0));
#443=VECTOR('',#442,5.461891834489E-2);
#444=CARTESIAN_POINT('',(8.3975E-1,6.070021115780E-1,0.E0));
#445=LINE('',#444,#443);
#446=DIRECTION('',(-6.996244945571E-1,-7.145107183351E-1,0.E0));
#447=VECTOR('',#446,6.865581165163E-2);
#448=CARTESIAN_POINT('',(8.157332875252E-1,5.579467982769E-1,0.E0));
#449=LINE('',#448,#447);
#450=DIRECTION('',(-8.906051112017E-1,-4.547774575564E-1,0.E0));
#451=VECTOR('',#450,5.393331670909E-2);
#452=CARTESIAN_POINT('',(7.677E-1,5.088914849758E-1,0.E0));
#453=LINE('',#452,#451);
#454=DIRECTION('',(-9.797707392153E-1,-2.001232084928E-1,0.E0));
#455=VECTOR('',#454,6.128138968807E-2);
#456=CARTESIAN_POINT('',(7.196667124748E-1,4.843638283253E-1,0.E0));
#457=LINE('',#456,#455);
#458=DIRECTION('',(1.E0,0.E0,0.E0));
#459=VECTOR('',#458,2.1615E-1);
#460=CARTESIAN_POINT('',(4.43475E-1,5.456829699516E-1,0.E0));
#461=LINE('',#460,#459);
#462=DIRECTION('',(9.689176611437E-1,2.473834390653E-1,0.E0));
#463=VECTOR('',#462,4.957416863315E-2);
#464=CARTESIAN_POINT('',(6.59625E-1,5.456829699516E-1,0.E0));
#465=LINE('',#464,#463);
#466=DIRECTION('',(8.265992787996E-1,5.627909312417E-1,0.E0));
#467=VECTOR('',#466,4.358218174629E-2);
#468=CARTESIAN_POINT('',(7.076582875252E-1,5.579467982769E-1,0.E0));
#469=LINE('',#468,#467);
#470=DIRECTION('',(5.466229197794E-1,8.373788769559E-1,0.E0));
#471=VECTOR('',#470,4.393652663616E-2);
#472=CARTESIAN_POINT('',(7.436832875252E-1,5.824744549274E-1,0.E0));
#473=LINE('',#472,#471);
#474=DIRECTION('',(2.377704967206E-1,9.713213633444E-1,0.E0));
#475=VECTOR('',#474,5.050369028452E-2);
#476=CARTESIAN_POINT('',(7.677E-1,6.192659742594E-1,0.E0));
#477=LINE('',#476,#475);
#478=DIRECTION('',(0.E0,1.E0,0.E0));
#479=VECTOR('',#478,1.839574420571E-1);
#480=CARTESIAN_POINT('',(7.797082875252E-1,6.683212875605E-1,0.E0));
#481=LINE('',#480,#479);
#482=DIRECTION('',(-2.377704967206E-1,9.713213633444E-1,0.E0));
#483=VECTOR('',#482,5.050369028452E-2);
#484=CARTESIAN_POINT('',(7.797082875252E-1,8.522787296176E-1,0.E0));
#485=LINE('',#484,#483);
#486=DIRECTION('',(-5.466232777014E-1,8.373786433120E-1,0.E0));
#487=VECTOR('',#486,4.393649786708E-2);
#488=CARTESIAN_POINT('',(7.677E-1,9.013340429187E-1,0.E0));
#489=LINE('',#488,#487);
#490=DIRECTION('',(-8.265991871191E-1,5.627910658975E-1,0.E0));
#491=VECTOR('',#490,4.358218658012E-2);
#492=CARTESIAN_POINT('',(7.436832875252E-1,9.381255278945E-1,0.E0));
#493=LINE('',#492,#491);
#494=DIRECTION('',(-9.689176611437E-1,2.473834390653E-1,0.E0));
#495=VECTOR('',#494,4.957416863315E-2);
#496=CARTESIAN_POINT('',(7.076582875252E-1,9.626531931341E-1,0.E0));
#497=LINE('',#496,#495);
#498=DIRECTION('',(-1.E0,0.E0,0.E0));
#499=VECTOR('',#498,2.1615E-1);
#500=CARTESIAN_POINT('',(6.59625E-1,9.749170214593E-1,0.E0));
#501=LINE('',#500,#499);
#502=DIRECTION('',(0.E0,-1.E0,0.E0));
#503=VECTOR('',#502,4.292340515077E-1);
#504=CARTESIAN_POINT('',(4.43475E-1,9.749170214593E-1,0.E0));
#505=LINE('',#504,#503);
#506=DIRECTION('',(-1.E0,0.E0,0.E0));
#507=VECTOR('',#506,9.606657505035E-2);
#508=CARTESIAN_POINT('',(1.236025E0,4.721E-1,0.E0));
#509=LINE('',#508,#507);
#510=DIRECTION('',(-3.162279017271E-1,9.486832528138E-1,0.E0));
#511=VECTOR('',#510,6.075789767453E-1);
#512=CARTESIAN_POINT('',(1.139958424950E0,4.721E-1,0.E0));
#513=LINE('',#512,#511);
#514=DIRECTION('',(1.E0,0.E0,0.E0));
#515=VECTOR('',#514,7.205E-2);
#516=CARTESIAN_POINT('',(9.47825E-1,1.0485E0,0.E0));
#517=LINE('',#516,#515);
#518=DIRECTION('',(3.102805670740E-1,-9.506450282288E-1,0.E0));
#519=VECTOR('',#518,1.548064237558E-1);
#520=CARTESIAN_POINT('',(1.019875E0,1.0485E0,0.E0));
#521=LINE('',#520,#519);
#522=DIRECTION('',(1.E0,0.E0,0.E0));
#523=VECTOR('',#522,2.401665750504E-1);
#524=CARTESIAN_POINT('',(1.067908424950E0,9.013340429187E-1,0.E0));
#525=LINE('',#524,#523);
#526=DIRECTION('',(3.102805670740E-1,9.506450282288E-1,0.E0));
#527=VECTOR('',#526,1.548064237558E-1);
#528=CARTESIAN_POINT('',(1.308075E0,9.013340429187E-1,0.E0));
#529=LINE('',#528,#527);
#530=DIRECTION('',(1.E0,0.E0,0.E0));
#531=VECTOR('',#530,7.205E-2);
#532=CARTESIAN_POINT('',(1.356108424950E0,1.0485E0,0.E0));
#533=LINE('',#532,#531);
#534=DIRECTION('',(-3.162279017271E-1,-9.486832528138E-1,0.E0));
#535=VECTOR('',#534,6.075789767453E-1);
#536=CARTESIAN_POINT('',(1.428158424950E0,1.0485E0,0.E0));
#537=LINE('',#536,#535);
#538=DIRECTION('',(3.102800213276E-1,9.506452063546E-1,0.E0));
#539=VECTOR('',#538,3.483144017380E-1);
#540=CARTESIAN_POINT('',(1.187991575050E0,5.211553133011E-1,0.E0));
#541=LINE('',#540,#539);
#542=DIRECTION('',(-1.E0,0.E0,0.E0));
#543=VECTOR('',#542,2.1615E-1);
#544=CARTESIAN_POINT('',(1.296066575050E0,8.522787296176E-1,0.E0));
#545=LINE('',#544,#543);
#546=DIRECTION('',(3.102800213276E-1,-9.506452063546E-1,0.E0));
#547=VECTOR('',#546,3.483144017380E-1);
#548=CARTESIAN_POINT('',(1.079916575050E0,8.522787296176E-1,0.E0));
#549=LINE('',#548,#547);
#550=DIRECTION('',(0.E0,0.E0,-1.E0));
#551=VECTOR('',#550,1.E0);
#552=CARTESIAN_POINT('',(-1.2E0,-2.25E0,1.E0));
#553=LINE('',#552,#551);
#554=DIRECTION('',(0.E0,0.E0,-1.E0));
#555=VECTOR('',#554,1.E0);
#556=CARTESIAN_POINT('',(-3.5E0,-2.25E0,1.E0));
#557=LINE('',#556,#555);
#558=DIRECTION('',(0.E0,0.E0,1.E0));
#559=VECTOR('',#558,1.E0);
#560=CARTESIAN_POINT('',(-1.2E0,-2.8E0,0.E0));
#561=LINE('',#560,#559);
#562=DIRECTION('',(0.E0,0.E0,1.E0));
#563=VECTOR('',#562,1.E0);
#564=CARTESIAN_POINT('',(1.2E0,-2.8E0,0.E0));
#565=LINE('',#564,#563);
#566=DIRECTION('',(0.E0,0.E0,1.E0));
#567=VECTOR('',#566,1.E0);
#568=CARTESIAN_POINT('',(-3.5E0,-2.8E0,0.E0));
#569=LINE('',#568,#567);
#570=DIRECTION('',(0.E0,0.E0,1.E0));
#571=VECTOR('',#570,1.E0);
#572=CARTESIAN_POINT('',(-5.5E0,-2.8E0,0.E0));
#573=LINE('',#572,#571);
#574=DIRECTION('',(0.E0,0.E0,1.E0));
#575=VECTOR('',#574,1.E0);
#576=CARTESIAN_POINT('',(3.5E0,-2.8E0,0.E0));
#577=LINE('',#576,#575);
#578=DIRECTION('',(0.E0,1.E0,0.E0));
#579=VECTOR('',#578,5.5E-1);
#580=CARTESIAN_POINT('',(-1.2E0,-2.8E0,1.E0));
#581=LINE('',#580,#579);
#582=DIRECTION('',(-1.E0,0.E0,0.E0));
#583=VECTOR('',#582,2.3E0);
#584=CARTESIAN_POINT('',(-1.2E0,-2.25E0,1.E0));
#585=LINE('',#584,#583);
#586=DIRECTION('',(0.E0,1.E0,0.E0));
#587=VECTOR('',#586,5.5E-1);
#588=CARTESIAN_POINT('',(-3.5E0,-2.8E0,1.E0));
#589=LINE('',#588,#587);
#590=DIRECTION('',(1.E0,0.E0,0.E0));
#591=VECTOR('',#590,2.E0);
#592=CARTESIAN_POINT('',(-5.5E0,-2.8E0,1.E0));
#593=LINE('',#592,#591);
#594=DIRECTION('',(0.E0,-1.E0,0.E0));
#595=VECTOR('',#594,5.6E0);
#596=CARTESIAN_POINT('',(-5.5E0,2.8E0,1.E0));
#597=LINE('',#596,#595);
#598=DIRECTION('',(-1.E0,0.E0,0.E0));
#599=VECTOR('',#598,2.E0);
#600=CARTESIAN_POINT('',(-3.5E0,2.8E0,1.E0));
#601=LINE('',#600,#599);
#602=DIRECTION('',(0.E0,-1.E0,0.E0));
#603=VECTOR('',#602,5.5E-1);
#604=CARTESIAN_POINT('',(-3.5E0,2.8E0,1.E0));
#605=LINE('',#604,#603);
#606=DIRECTION('',(1.E0,0.E0,0.E0));
#607=VECTOR('',#606,2.3E0);
#608=CARTESIAN_POINT('',(-3.5E0,2.25E0,1.E0));
#609=LINE('',#608,#607);
#610=DIRECTION('',(0.E0,-1.E0,0.E0));
#611=VECTOR('',#610,5.5E-1);
#612=CARTESIAN_POINT('',(-1.2E0,2.8E0,1.E0));
#613=LINE('',#612,#611);
#614=DIRECTION('',(-1.E0,0.E0,0.E0));
#615=VECTOR('',#614,2.4E0);
#616=CARTESIAN_POINT('',(1.2E0,2.8E0,1.E0));
#617=LINE('',#616,#615);
#618=DIRECTION('',(0.E0,-1.E0,0.E0));
#619=VECTOR('',#618,5.5E-1);
#620=CARTESIAN_POINT('',(1.2E0,2.8E0,1.E0));
#621=LINE('',#620,#619);
#622=DIRECTION('',(1.E0,0.E0,0.E0));
#623=VECTOR('',#622,2.3E0);
#624=CARTESIAN_POINT('',(1.2E0,2.25E0,1.E0));
#625=LINE('',#624,#623);
#626=DIRECTION('',(0.E0,-1.E0,0.E0));
#627=VECTOR('',#626,5.5E-1);
#628=CARTESIAN_POINT('',(3.5E0,2.8E0,1.E0));
#629=LINE('',#628,#627);
#630=DIRECTION('',(-1.E0,0.E0,0.E0));
#631=VECTOR('',#630,2.E0);
#632=CARTESIAN_POINT('',(5.5E0,2.8E0,1.E0));
#633=LINE('',#632,#631);
#634=DIRECTION('',(0.E0,1.E0,0.E0));
#635=VECTOR('',#634,5.6E0);
#636=CARTESIAN_POINT('',(5.5E0,-2.8E0,1.E0));
#637=LINE('',#636,#635);
#638=DIRECTION('',(1.E0,0.E0,0.E0));
#639=VECTOR('',#638,2.E0);
#640=CARTESIAN_POINT('',(3.5E0,-2.8E0,1.E0));
#641=LINE('',#640,#639);
#642=DIRECTION('',(0.E0,1.E0,0.E0));
#643=VECTOR('',#642,5.5E-1);
#644=CARTESIAN_POINT('',(3.5E0,-2.8E0,1.E0));
#645=LINE('',#644,#643);
#646=DIRECTION('',(-1.E0,0.E0,0.E0));
#647=VECTOR('',#646,2.3E0);
#648=CARTESIAN_POINT('',(3.5E0,-2.25E0,1.E0));
#649=LINE('',#648,#647);
#650=DIRECTION('',(0.E0,1.E0,0.E0));
#651=VECTOR('',#650,5.5E-1);
#652=CARTESIAN_POINT('',(1.2E0,-2.8E0,1.E0));
#653=LINE('',#652,#651);
#654=DIRECTION('',(1.E0,0.E0,0.E0));
#655=VECTOR('',#654,2.4E0);
#656=CARTESIAN_POINT('',(-1.2E0,-2.8E0,1.E0));
#657=LINE('',#656,#655);
#658=DIRECTION('',(-1.E0,0.E0,0.E0));
#659=VECTOR('',#658,7.7557E0);
#660=CARTESIAN_POINT('',(3.87785E0,1.98225E0,1.E0));
#661=LINE('',#660,#659);
#662=DIRECTION('',(0.E0,-1.E0,0.E0));
#663=VECTOR('',#662,3.9645E0);
#664=CARTESIAN_POINT('',(-3.87785E0,1.98225E0,1.E0));
#665=LINE('',#664,#663);
#666=DIRECTION('',(1.E0,0.E0,0.E0));
#667=VECTOR('',#666,7.7557E0);
#668=CARTESIAN_POINT('',(-3.87785E0,-1.98225E0,1.E0));
#669=LINE('',#668,#667);
#670=DIRECTION('',(0.E0,1.E0,0.E0));
#671=VECTOR('',#670,3.9645E0);
#672=CARTESIAN_POINT('',(3.87785E0,-1.98225E0,1.E0));
#673=LINE('',#672,#671);
#674=DIRECTION('',(0.E0,0.E0,1.E0));
#675=VECTOR('',#674,1.E0);
#676=CARTESIAN_POINT('',(-5.5E0,2.8E0,0.E0));
#677=LINE('',#676,#675);
#678=DIRECTION('',(0.E0,0.E0,1.E0));
#679=VECTOR('',#678,1.E0);
#680=CARTESIAN_POINT('',(-3.5E0,2.8E0,0.E0));
#681=LINE('',#680,#679);
#682=DIRECTION('',(0.E0,0.E0,1.E0));
#683=VECTOR('',#682,1.E0);
#684=CARTESIAN_POINT('',(-1.2E0,2.8E0,0.E0));
#685=LINE('',#684,#683);
#686=DIRECTION('',(0.E0,0.E0,1.E0));
#687=VECTOR('',#686,1.E0);
#688=CARTESIAN_POINT('',(1.2E0,2.8E0,0.E0));
#689=LINE('',#688,#687);
#690=DIRECTION('',(0.E0,0.E0,1.E0));
#691=VECTOR('',#690,1.E0);
#692=CARTESIAN_POINT('',(3.5E0,2.8E0,0.E0));
#693=LINE('',#692,#691);
#694=DIRECTION('',(0.E0,0.E0,1.E0));
#695=VECTOR('',#694,1.E0);
#696=CARTESIAN_POINT('',(5.5E0,2.8E0,0.E0));
#697=LINE('',#696,#695);
#698=DIRECTION('',(0.E0,0.E0,-1.E0));
#699=VECTOR('',#698,1.E0);
#700=CARTESIAN_POINT('',(-3.5E0,2.25E0,1.E0));
#701=LINE('',#700,#699);
#702=DIRECTION('',(0.E0,0.E0,-1.E0));
#703=VECTOR('',#702,1.E0);
#704=CARTESIAN_POINT('',(-1.2E0,2.25E0,1.E0));
#705=LINE('',#704,#703);
#706=DIRECTION('',(0.E0,0.E0,-1.E0));
#707=VECTOR('',#706,1.E0);
#708=CARTESIAN_POINT('',(1.2E0,2.25E0,1.E0));
#709=LINE('',#708,#707);
#710=DIRECTION('',(0.E0,0.E0,-1.E0));
#711=VECTOR('',#710,1.E0);
#712=CARTESIAN_POINT('',(3.5E0,2.25E0,1.E0));
#713=LINE('',#712,#711);
#714=DIRECTION('',(0.E0,0.E0,1.E0));
#715=VECTOR('',#714,1.E0);
#716=CARTESIAN_POINT('',(5.5E0,-2.8E0,0.E0));
#717=LINE('',#716,#715);
#718=DIRECTION('',(0.E0,0.E0,-1.E0));
#719=VECTOR('',#718,1.E0);
#720=CARTESIAN_POINT('',(3.5E0,-2.25E0,1.E0));
#721=LINE('',#720,#719);
#722=DIRECTION('',(0.E0,0.E0,-1.E0));
#723=VECTOR('',#722,1.E0);
#724=CARTESIAN_POINT('',(1.2E0,-2.25E0,1.E0));
#725=LINE('',#724,#723);
#726=DIRECTION('',(0.E0,0.E0,1.E0));
#727=VECTOR('',#726,3.5E0);
#728=CARTESIAN_POINT('',(3.87785E0,1.98225E0,1.E0));
#729=LINE('',#728,#727);
#730=DIRECTION('',(0.E0,0.E0,1.E0));
#731=VECTOR('',#730,3.5E0);
#732=CARTESIAN_POINT('',(3.87785E0,-1.98225E0,1.E0));
#733=LINE('',#732,#731);
#734=DIRECTION('',(0.E0,0.E0,1.E0));
#735=VECTOR('',#734,3.5E0);
#736=CARTESIAN_POINT('',(-3.87785E0,-1.98225E0,1.E0));
#737=LINE('',#736,#735);
#738=DIRECTION('',(0.E0,0.E0,1.E0));
#739=VECTOR('',#738,3.5E0);
#740=CARTESIAN_POINT('',(-3.87785E0,1.98225E0,1.E0));
#741=LINE('',#740,#739);
#742=DIRECTION('',(-1.E0,0.E0,0.E0));
#743=VECTOR('',#742,7.7557E0);
#744=CARTESIAN_POINT('',(3.87785E0,1.98225E0,4.5E0));
#745=LINE('',#744,#743);
#746=DIRECTION('',(0.E0,1.E0,0.E0));
#747=VECTOR('',#746,3.9645E0);
#748=CARTESIAN_POINT('',(3.87785E0,-1.98225E0,4.5E0));
#749=LINE('',#748,#747);
#750=DIRECTION('',(1.E0,0.E0,0.E0));
#751=VECTOR('',#750,7.7557E0);
#752=CARTESIAN_POINT('',(-3.87785E0,-1.98225E0,4.5E0));
#753=LINE('',#752,#751);
#754=DIRECTION('',(0.E0,-1.E0,0.E0));
#755=VECTOR('',#754,3.9645E0);
#756=CARTESIAN_POINT('',(-3.87785E0,1.98225E0,4.5E0));
#757=LINE('',#756,#755);
#758=DIRECTION('',(-1.E0,0.E0,0.E0));
#759=VECTOR('',#758,3.E0);
#760=CARTESIAN_POINT('',(0.E0,1.5E0,4.5E0));
#761=LINE('',#760,#759);
#762=DIRECTION('',(0.E0,-1.E0,0.E0));
#763=VECTOR('',#762,3.E0);
#764=CARTESIAN_POINT('',(-3.E0,1.5E0,4.5E0));
#765=LINE('',#764,#763);
#766=DIRECTION('',(1.E0,0.E0,0.E0));
#767=VECTOR('',#766,3.E0);
#768=CARTESIAN_POINT('',(-3.E0,-1.5E0,4.5E0));
#769=LINE('',#768,#767);
#770=DIRECTION('',(0.E0,1.E0,0.E0));
#771=VECTOR('',#770,3.E0);
#772=CARTESIAN_POINT('',(0.E0,-1.5E0,4.5E0));
#773=LINE('',#772,#771);
#774=DIRECTION('',(7.446820884596E-1,0.E0,6.674193487811E-1));
#775=VECTOR('',#774,5.151191440544E-1);
#776=CARTESIAN_POINT('',(-3.E0,1.5E0,6.756199516330E0));
#777=LINE('',#776,#775);
#778=DIRECTION('',(0.E0,0.E0,1.E0));
#779=VECTOR('',#778,2.148393217767E0);
#780=CARTESIAN_POINT('',(0.E0,1.5E0,4.5E0));
#781=LINE('',#780,#779);
#782=DIRECTION('',(6.674193487811E-1,0.E0,-7.446820884596E-1));
#783=VECTOR('',#782,6.064423855922E-1);
#784=CARTESIAN_POINT('',(-4.047513820652E-1,1.5E0,7.1E0));
#785=LINE('',#784,#783);
#786=DIRECTION('',(6.427234314418E-1,0.E0,7.660982904796E-1));
#787=VECTOR('',#786,4.487681123192E-1);
#788=CARTESIAN_POINT('',(-6.931851631367E-1,1.5E0,6.756199516330E0));
#789=LINE('',#788,#787);
#790=DIRECTION('',(6.508113214846E-1,0.E0,-7.592395036005E-1));
#791=VECTOR('',#790,4.528221753994E-1);
#792=CARTESIAN_POINT('',(-9.878869615059E-1,1.5E0,7.1E0));
#793=LINE('',#792,#791);
#794=DIRECTION('',(6.310603955841E-1,0.E0,7.757337024555E-1));
#795=VECTOR('',#794,4.431939499100E-1);
#796=CARTESIAN_POINT('',(-1.267569110857E0,1.5E0,6.756199516330E0));
#797=LINE('',#796,#795);
#798=DIRECTION('',(6.508113214846E-1,0.E0,-7.592395036005E-1));
#799=VECTOR('',#798,4.528221753994E-1);
#800=CARTESIAN_POINT('',(-1.562270909226E0,1.5E0,7.1E0));
#801=LINE('',#800,#799);
#802=DIRECTION('',(6.310603955841E-1,0.E0,7.757337024555E-1));
#803=VECTOR('',#802,4.101923108314E-1);
#804=CARTESIAN_POINT('',(-1.821127031165E0,1.5E0,6.7818E0));
#805=LINE('',#804,#803);
#806=DIRECTION('',(6.508113214846E-1,0.E0,-7.592395036005E-1));
#807=VECTOR('',#806,4.191035878547E-1);
#808=CARTESIAN_POINT('',(-2.093884391015E0,1.5E0,7.1E0));
#809=LINE('',#808,#807);
#810=DIRECTION('',(6.759890141388E-1,0.E0,7.369116994346E-1));
#811=VECTOR('',#810,4.847256466060E-1);
#812=CARTESIAN_POINT('',(-2.421553602992E0,1.5E0,6.7428E0));
#813=LINE('',#812,#811);
#814=DIRECTION('',(4.788711351751E-1,0.E0,-8.778852065595E-1));
#815=VECTOR('',#814,4.068869111030E-1);
#816=CARTESIAN_POINT('',(-2.6164E0,1.5E0,7.1E0));
#817=LINE('',#816,#815);
#818=DIRECTION('',(0.E0,1.E0,0.E0));
#819=VECTOR('',#818,3.E0);
#820=CARTESIAN_POINT('',(-2.6164E0,-1.5E0,7.1E0));
#821=LINE('',#820,#819);
#822=DIRECTION('',(0.E0,1.E0,0.E0));
#823=VECTOR('',#822,3.E0);
#824=CARTESIAN_POINT('',(-2.421553602992E0,-1.5E0,6.7428E0));
#825=LINE('',#824,#823);
#826=DIRECTION('',(0.E0,1.E0,0.E0));
#827=VECTOR('',#826,3.E0);
#828=CARTESIAN_POINT('',(-2.093884391015E0,-1.5E0,7.1E0));
#829=LINE('',#828,#827);
#830=DIRECTION('',(0.E0,1.E0,0.E0));
#831=VECTOR('',#830,3.E0);
#832=CARTESIAN_POINT('',(-1.821127031165E0,-1.5E0,6.7818E0));
#833=LINE('',#832,#831);
#834=DIRECTION('',(0.E0,1.E0,0.E0));
#835=VECTOR('',#834,3.E0);
#836=CARTESIAN_POINT('',(-1.562270909226E0,-1.5E0,7.1E0));
#837=LINE('',#836,#835);
#838=DIRECTION('',(0.E0,1.E0,0.E0));
#839=VECTOR('',#838,3.E0);
#840=CARTESIAN_POINT('',(-1.267569110857E0,-1.5E0,6.756199516330E0));
#841=LINE('',#840,#839);
#842=DIRECTION('',(0.E0,1.E0,0.E0));
#843=VECTOR('',#842,3.E0);
#844=CARTESIAN_POINT('',(-9.878869615059E-1,-1.5E0,7.1E0));
#845=LINE('',#844,#843);
#846=DIRECTION('',(0.E0,1.E0,0.E0));
#847=VECTOR('',#846,3.E0);
#848=CARTESIAN_POINT('',(-6.931851631367E-1,-1.5E0,6.756199516330E0));
#849=LINE('',#848,#847);
#850=DIRECTION('',(0.E0,1.E0,0.E0));
#851=VECTOR('',#850,3.E0);
#852=CARTESIAN_POINT('',(-4.047513820652E-1,-1.5E0,7.1E0));
#853=LINE('',#852,#851);
#854=DIRECTION('',(0.E0,1.E0,0.E0));
#855=VECTOR('',#854,3.E0);
#856=CARTESIAN_POINT('',(0.E0,-1.5E0,6.648393217767E0));
#857=LINE('',#856,#855);
#858=DIRECTION('',(0.E0,0.E0,1.E0));
#859=VECTOR('',#858,2.148393217767E0);
#860=CARTESIAN_POINT('',(0.E0,-1.5E0,4.5E0));
#861=LINE('',#860,#859);
#862=DIRECTION('',(7.446820884596E-1,0.E0,6.674193487811E-1));
#863=VECTOR('',#862,5.151191440544E-1);
#864=CARTESIAN_POINT('',(-3.E0,-1.5E0,6.756199516330E0));
#865=LINE('',#864,#863);
#866=DIRECTION('',(4.788711351751E-1,0.E0,-8.778852065595E-1));
#867=VECTOR('',#866,4.068869111030E-1);
#868=CARTESIAN_POINT('',(-2.6164E0,-1.5E0,7.1E0));
#869=LINE('',#868,#867);
#870=DIRECTION('',(6.759890141388E-1,0.E0,7.369116994346E-1));
#871=VECTOR('',#870,4.847256466060E-1);
#872=CARTESIAN_POINT('',(-2.421553602992E0,-1.5E0,6.7428E0));
#873=LINE('',#872,#871);
#874=DIRECTION('',(6.508113214846E-1,0.E0,-7.592395036005E-1));
#875=VECTOR('',#874,4.191035878547E-1);
#876=CARTESIAN_POINT('',(-2.093884391015E0,-1.5E0,7.1E0));
#877=LINE('',#876,#875);
#878=DIRECTION('',(6.310603955841E-1,0.E0,7.757337024555E-1));
#879=VECTOR('',#878,4.101923108314E-1);
#880=CARTESIAN_POINT('',(-1.821127031165E0,-1.5E0,6.7818E0));
#881=LINE('',#880,#879);
#882=DIRECTION('',(6.508113214846E-1,0.E0,-7.592395036005E-1));
#883=VECTOR('',#882,4.528221753994E-1);
#884=CARTESIAN_POINT('',(-1.562270909226E0,-1.5E0,7.1E0));
#885=LINE('',#884,#883);
#886=DIRECTION('',(6.310603955841E-1,0.E0,7.757337024555E-1));
#887=VECTOR('',#886,4.431939499100E-1);
#888=CARTESIAN_POINT('',(-1.267569110857E0,-1.5E0,6.756199516330E0));
#889=LINE('',#888,#887);
#890=DIRECTION('',(6.508113214846E-1,0.E0,-7.592395036005E-1));
#891=VECTOR('',#890,4.528221753994E-1);
#892=CARTESIAN_POINT('',(-9.878869615059E-1,-1.5E0,7.1E0));
#893=LINE('',#892,#891);
#894=DIRECTION('',(6.427234314418E-1,0.E0,7.660982904796E-1));
#895=VECTOR('',#894,4.487681123192E-1);
#896=CARTESIAN_POINT('',(-6.931851631367E-1,-1.5E0,6.756199516330E0));
#897=LINE('',#896,#895);
#898=DIRECTION('',(6.674193487811E-1,0.E0,-7.446820884596E-1));
#899=VECTOR('',#898,6.064423855922E-1);
#900=CARTESIAN_POINT('',(-4.047513820652E-1,-1.5E0,7.1E0));
#901=LINE('',#900,#899);
#902=DIRECTION('',(0.E0,0.E0,1.E0));
#903=VECTOR('',#902,2.256199516330E0);
#904=CARTESIAN_POINT('',(-3.E0,-1.5E0,4.5E0));
#905=LINE('',#904,#903);
#906=DIRECTION('',(0.E0,-1.E0,0.E0));
#907=VECTOR('',#906,3.E0);
#908=CARTESIAN_POINT('',(-3.E0,1.5E0,6.756199516330E0));
#909=LINE('',#908,#907);
#910=DIRECTION('',(0.E0,0.E0,1.E0));
#911=VECTOR('',#910,2.256199516330E0);
#912=CARTESIAN_POINT('',(-3.E0,1.5E0,4.5E0));
#913=LINE('',#912,#911);
#914=CARTESIAN_POINT('',(-3.E0,2.E-1,-5.35E0));
#915=DIRECTION('',(0.E0,1.E0,0.E0));
#916=DIRECTION('',(1.E0,0.E0,0.E0));
#917=AXIS2_PLACEMENT_3D('',#914,#915,#916);
#919=DIRECTION('',(0.E0,0.E0,-1.E0));
#920=VECTOR('',#919,5.35E0);
#921=CARTESIAN_POINT('',(-3.35E0,2.E-1,0.E0));
#922=LINE('',#921,#920);
#923=DIRECTION('',(0.E0,1.E0,0.E0));
#924=VECTOR('',#923,4.E-1);
#925=CARTESIAN_POINT('',(-3.35E0,-2.E-1,-5.35E0));
#926=LINE('',#925,#924);
#927=DIRECTION('',(0.E0,0.E0,-1.E0));
#928=VECTOR('',#927,5.35E0);
#929=CARTESIAN_POINT('',(-3.35E0,-2.E-1,0.E0));
#930=LINE('',#929,#928);
#931=CARTESIAN_POINT('',(-3.E0,-2.E-1,-5.35E0));
#932=DIRECTION('',(0.E0,-1.E0,0.E0));
#933=DIRECTION('',(-1.E0,0.E0,0.E0));
#934=AXIS2_PLACEMENT_3D('',#931,#932,#933);
#936=DIRECTION('',(0.E0,0.E0,-1.E0));
#937=VECTOR('',#936,5.35E0);
#938=CARTESIAN_POINT('',(-2.65E0,-2.E-1,0.E0));
#939=LINE('',#938,#937);
#940=DIRECTION('',(0.E0,1.E0,0.E0));
#941=VECTOR('',#940,4.E-1);
#942=CARTESIAN_POINT('',(-2.65E0,-2.E-1,-5.35E0));
#943=LINE('',#942,#941);
#944=DIRECTION('',(0.E0,0.E0,-1.E0));
#945=VECTOR('',#944,5.35E0);
#946=CARTESIAN_POINT('',(-2.65E0,2.E-1,0.E0));
#947=LINE('',#946,#945);
#948=CARTESIAN_POINT('',(0.E0,2.E-1,-5.35E0));
#949=DIRECTION('',(0.E0,1.E0,0.E0));
#950=DIRECTION('',(1.E0,0.E0,0.E0));
#951=AXIS2_PLACEMENT_3D('',#948,#949,#950);
#953=DIRECTION('',(0.E0,0.E0,-1.E0));
#954=VECTOR('',#953,5.35E0);
#955=CARTESIAN_POINT('',(-3.5E-1,2.E-1,0.E0));
#956=LINE('',#955,#954);
#957=DIRECTION('',(0.E0,1.E0,0.E0));
#958=VECTOR('',#957,4.E-1);
#959=CARTESIAN_POINT('',(-3.5E-1,-2.E-1,-5.35E0));
#960=LINE('',#959,#958);
#961=DIRECTION('',(0.E0,0.E0,-1.E0));
#962=VECTOR('',#961,5.35E0);
#963=CARTESIAN_POINT('',(-3.5E-1,-2.E-1,0.E0));
#964=LINE('',#963,#962);
#965=CARTESIAN_POINT('',(0.E0,-2.E-1,-5.35E0));
#966=DIRECTION('',(0.E0,-1.E0,0.E0));
#967=DIRECTION('',(-1.E0,0.E0,0.E0));
#968=AXIS2_PLACEMENT_3D('',#965,#966,#967);
#970=DIRECTION('',(0.E0,0.E0,-1.E0));
#971=VECTOR('',#970,5.35E0);
#972=CARTESIAN_POINT('',(3.5E-1,-2.E-1,0.E0));
#973=LINE('',#972,#971);
#974=DIRECTION('',(0.E0,1.E0,0.E0));
#975=VECTOR('',#974,4.E-1);
#976=CARTESIAN_POINT('',(3.5E-1,-2.E-1,-5.35E0));
#977=LINE('',#976,#975);
#978=DIRECTION('',(0.E0,0.E0,-1.E0));
#979=VECTOR('',#978,5.35E0);
#980=CARTESIAN_POINT('',(3.5E-1,2.E-1,0.E0));
#981=LINE('',#980,#979);
#982=CARTESIAN_POINT('',(3.E0,2.E-1,-5.35E0));
#983=DIRECTION('',(0.E0,1.E0,0.E0));
#984=DIRECTION('',(1.E0,0.E0,0.E0));
#985=AXIS2_PLACEMENT_3D('',#982,#983,#984);
#987=DIRECTION('',(0.E0,0.E0,-1.E0));
#988=VECTOR('',#987,5.35E0);
#989=CARTESIAN_POINT('',(2.65E0,2.E-1,0.E0));
#990=LINE('',#989,#988);
#991=DIRECTION('',(0.E0,1.E0,0.E0));
#992=VECTOR('',#991,4.E-1);
#993=CARTESIAN_POINT('',(2.65E0,-2.E-1,-5.35E0));
#994=LINE('',#993,#992);
#995=DIRECTION('',(0.E0,0.E0,-1.E0));
#996=VECTOR('',#995,5.35E0);
#997=CARTESIAN_POINT('',(2.65E0,-2.E-1,0.E0));
#998=LINE('',#997,#996);
#999=CARTESIAN_POINT('',(3.E0,-2.E-1,-5.35E0));
#1000=DIRECTION('',(0.E0,-1.E0,0.E0));
#1001=DIRECTION('',(-1.E0,0.E0,0.E0));
#1002=AXIS2_PLACEMENT_3D('',#999,#1000,#1001);
#1004=DIRECTION('',(0.E0,0.E0,-1.E0));
#1005=VECTOR('',#1004,5.35E0);
#1006=CARTESIAN_POINT('',(3.35E0,-2.E-1,0.E0));
#1007=LINE('',#1006,#1005);
#1008=DIRECTION('',(0.E0,1.E0,0.E0));
#1009=VECTOR('',#1008,4.E-1);
#1010=CARTESIAN_POINT('',(3.35E0,-2.E-1,-5.35E0));
#1011=LINE('',#1010,#1009);
#1012=DIRECTION('',(0.E0,0.E0,-1.E0));
#1013=VECTOR('',#1012,5.35E0);
#1014=CARTESIAN_POINT('',(3.35E0,2.E-1,0.E0));
#1015=LINE('',#1014,#1013);
#1016=DIRECTION('',(0.E0,0.E0,-1.E0));
#1017=VECTOR('',#1016,1.E-2);
#1018=CARTESIAN_POINT('',(-1.2497E0,4.721E-1,0.E0));
#1019=LINE('',#1018,#1017);
#1020=DIRECTION('',(0.E0,0.E0,-1.E0));
#1021=VECTOR('',#1020,1.E-2);
#1022=CARTESIAN_POINT('',(-1.17765E0,4.721E-1,0.E0));
#1023=LINE('',#1022,#1021);
#1024=DIRECTION('',(0.E0,0.E0,-1.E0));
#1025=VECTOR('',#1024,1.E-2);
#1026=CARTESIAN_POINT('',(-1.17765E0,9.749170214593E-1,0.E0));
#1027=LINE('',#1026,#1025);
#1028=DIRECTION('',(0.E0,0.E0,-1.E0));
#1029=VECTOR('',#1028,1.E-2);
#1030=CARTESIAN_POINT('',(-8.174E-1,9.749170214593E-1,0.E0));
#1031=LINE('',#1030,#1029);
#1032=DIRECTION('',(0.E0,0.E0,-1.E0));
#1033=VECTOR('',#1032,1.E-2);
#1034=CARTESIAN_POINT('',(-8.174E-1,1.0485E0,0.E0));
#1035=LINE('',#1034,#1033);
#1036=DIRECTION('',(0.E0,0.E0,-1.E0));
#1037=VECTOR('',#1036,1.E-2);
#1038=CARTESIAN_POINT('',(-1.2497E0,1.0485E0,0.E0));
#1039=LINE('',#1038,#1037);
#1040=DIRECTION('',(0.E0,1.E0,0.E0));
#1041=VECTOR('',#1040,5.764E-1);
#1042=CARTESIAN_POINT('',(-1.2497E0,4.721E-1,-1.E-2));
#1043=LINE('',#1042,#1041);
#1044=DIRECTION('',(-1.E0,0.E0,0.E0));
#1045=VECTOR('',#1044,7.205E-2);
#1046=CARTESIAN_POINT('',(-1.17765E0,4.721E-1,-1.E-2));
#1047=LINE('',#1046,#1045);
#1048=DIRECTION('',(0.E0,-1.E0,0.E0));
#1049=VECTOR('',#1048,5.028170214593E-1);
#1050=CARTESIAN_POINT('',(-1.17765E0,9.749170214593E-1,-1.E-2));
#1051=LINE('',#1050,#1049);
#1052=DIRECTION('',(-1.E0,0.E0,0.E0));
#1053=VECTOR('',#1052,3.6025E-1);
#1054=CARTESIAN_POINT('',(-8.174E-1,9.749170214593E-1,-1.E-2));
#1055=LINE('',#1054,#1053);
#1056=DIRECTION('',(0.E0,-1.E0,0.E0));
#1057=VECTOR('',#1056,7.358297854066E-2);
#1058=CARTESIAN_POINT('',(-8.174E-1,1.0485E0,-1.E-2));
#1059=LINE('',#1058,#1057);
#1060=DIRECTION('',(1.E0,0.E0,0.E0));
#1061=VECTOR('',#1060,4.323E-1);
#1062=CARTESIAN_POINT('',(-1.2497E0,1.0485E0,-1.E-2));
#1063=LINE('',#1062,#1061);
#1064=DIRECTION('',(-1.E0,0.E0,0.E0));
#1065=VECTOR('',#1064,7.205E-2);
#1066=CARTESIAN_POINT('',(-2.530083562374E-1,9.013340429187E-1,-1.E-2));
#1067=LINE('',#1066,#1065);
#1068=DIRECTION('',(1.921821214477E-1,-9.813592778365E-1,0.E0));
#1069=VECTOR('',#1068,6.248389514447E-2);
#1070=CARTESIAN_POINT('',(-2.650166437626E-1,9.626531931341E-1,-1.E-2));
#1071=LINE('',#1070,#1069);
#1072=DIRECTION('',(6.996249742329E-1,-7.145102486526E-1,0.E0));
#1073=VECTOR('',#1072,6.865586279288E-2);
#1074=CARTESIAN_POINT('',(-3.1305E-1,1.011708510730E0,-1.E-2));
#1075=LINE('',#1074,#1073);
#1076=DIRECTION('',(8.906053505096E-1,-4.547769889117E-1,0.E0));
#1077=VECTOR('',#1076,5.393337936935E-2);
#1078=CARTESIAN_POINT('',(-3.610833562374E-1,1.036236170601E0,-1.E-2));
#1079=LINE('',#1078,#1077);
#1080=DIRECTION('',(9.797706908745E-1,-2.001234451615E-1,0.E0));
#1081=VECTOR('',#1080,6.128132258069E-2);
#1082=CARTESIAN_POINT('',(-4.21125E-1,1.0485E0,-1.E-2));
#1083=LINE('',#1082,#1081);
#1084=DIRECTION('',(1.E0,0.E0,0.E0));
#1085=VECTOR('',#1084,1.08075E-1);
#1086=CARTESIAN_POINT('',(-5.292E-1,1.0485E0,-1.E-2));
#1087=LINE('',#1086,#1085);
#1088=DIRECTION('',(9.797706908745E-1,2.001234451615E-1,0.E0));
#1089=VECTOR('',#1088,6.128132258069E-2);
#1090=CARTESIAN_POINT('',(-5.892416437626E-1,1.036236170601E0,-1.E-2));
#1091=LINE('',#1090,#1089);
#1092=DIRECTION('',(8.906053505096E-1,4.547769889117E-1,0.E0));
#1093=VECTOR('',#1092,5.393337936935E-2);
#1094=CARTESIAN_POINT('',(-6.37275E-1,1.011708510730E0,-1.E-2));
#1095=LINE('',#1094,#1093);
#1096=DIRECTION('',(6.996247187608E-1,7.145104988025E-1,0.E0));
#1097=VECTOR('',#1096,6.865583875649E-2);
#1098=CARTESIAN_POINT('',(-6.853083218813E-1,9.626531931341E-1,-1.E-2));
#1099=LINE('',#1098,#1097);
#1100=DIRECTION('',(4.397136028534E-1,8.981380447713E-1,0.E0));
#1101=VECTOR('',#1100,5.461891095216E-2);
#1102=CARTESIAN_POINT('',(-7.09325E-1,9.135978712440E-1,-1.E-2));
#1103=LINE('',#1102,#1101);
#1104=DIRECTION('',(1.921826769044E-1,9.813591690599E-1,0.E0));
#1105=VECTOR('',#1104,6.248389331818E-2);
#1106=CARTESIAN_POINT('',(-7.213333218813E-1,8.522787296176E-1,-1.E-2));
#1107=LINE('',#1106,#1105);
#1108=DIRECTION('',(0.E0,1.E0,0.E0));
#1109=VECTOR('',#1108,1.839574420571E-1);
#1110=CARTESIAN_POINT('',(-7.213333218813E-1,6.683212875605E-1,-1.E-2));
#1111=LINE('',#1110,#1109);
#1112=DIRECTION('',(-1.921825732045E-1,9.813591893677E-1,0.E0));
#1113=VECTOR('',#1112,6.248392703387E-2);
#1114=CARTESIAN_POINT('',(-7.09325E-1,6.070021115780E-1,-1.E-2));
#1115=LINE('',#1114,#1113);
#1116=DIRECTION('',(-4.397136649566E-1,8.981380143666E-1,0.E0));
#1117=VECTOR('',#1116,5.461890323803E-2);
#1118=CARTESIAN_POINT('',(-6.853083218813E-1,5.579467982769E-1,-1.E-2));
#1119=LINE('',#1118,#1117);
#1120=DIRECTION('',(-6.996247500295E-1,7.145104681851E-1,0.E0));
#1121=VECTOR('',#1120,6.865583568802E-2);
#1122=CARTESIAN_POINT('',(-6.37275E-1,5.088914849758E-1,-1.E-2));
#1123=LINE('',#1122,#1121);
#1124=DIRECTION('',(-8.906053746977E-1,4.547769415434E-1,0.E0));
#1125=VECTOR('',#1124,5.393337790457E-2);
#1126=CARTESIAN_POINT('',(-5.892416437626E-1,4.843638283253E-1,-1.E-2));
#1127=LINE('',#1126,#1125);
#1128=DIRECTION('',(-9.797706943097E-1,2.001234283435E-1,0.E0));
#1129=VECTOR('',#1128,6.128132236583E-2);
#1130=CARTESIAN_POINT('',(-5.292E-1,4.721E-1,-1.E-2));
#1131=LINE('',#1130,#1129);
#1132=DIRECTION('',(-1.E0,0.E0,0.E0));
#1133=VECTOR('',#1132,1.08075E-1);
#1134=CARTESIAN_POINT('',(-4.21125E-1,4.721E-1,-1.E-2));
#1135=LINE('',#1134,#1133);
#1136=DIRECTION('',(-9.797706943097E-1,-2.001234283435E-1,0.E0));
#1137=VECTOR('',#1136,6.128132236583E-2);
#1138=CARTESIAN_POINT('',(-3.610833562374E-1,4.843638283253E-1,-1.E-2));
#1139=LINE('',#1138,#1137);
#1140=DIRECTION('',(-8.906053746977E-1,-4.547769415434E-1,0.E0));
#1141=VECTOR('',#1140,5.393337790457E-2);
#1142=CARTESIAN_POINT('',(-3.1305E-1,5.088914849758E-1,-1.E-2));
#1143=LINE('',#1142,#1141);
#1144=DIRECTION('',(-6.996250055017E-1,-7.145102180353E-1,0.E0));
#1145=VECTOR('',#1144,6.865585972441E-2);
#1146=CARTESIAN_POINT('',(-2.650166437626E-1,5.579467982769E-1,-1.E-2));
#1147=LINE('',#1146,#1145);
#1148=DIRECTION('',(-1.921820436730E-1,-9.813592930674E-1,0.E0));
#1149=VECTOR('',#1148,6.248392043124E-2);
#1150=CARTESIAN_POINT('',(-2.530083562374E-1,6.192659742594E-1,-1.E-2));
#1151=LINE('',#1150,#1149);
#1152=DIRECTION('',(1.E0,0.E0,0.E0));
#1153=VECTOR('',#1152,7.205E-2);
#1154=CARTESIAN_POINT('',(-3.250583562374E-1,6.192659742594E-1,-1.E-2));
#1155=LINE('',#1154,#1153);
#1156=DIRECTION('',(3.102787334496E-1,9.506456267027E-1,0.E0));
#1157=VECTOR('',#1156,3.870161319686E-2);
#1158=CARTESIAN_POINT('',(-3.370666437626E-1,5.824744549274E-1,-1.E-2));
#1159=LINE('',#1158,#1157);
#1160=DIRECTION('',(8.265992787996E-1,5.627909312417E-1,0.E0));
#1161=VECTOR('',#1160,4.358218174629E-2);
#1162=CARTESIAN_POINT('',(-3.730916437626E-1,5.579467982769E-1,-1.E-2));
#1163=LINE('',#1162,#1161);
#1164=DIRECTION('',(9.689177459678E-1,2.473831068378E-1,0.E0));
#1165=VECTOR('',#1164,4.957423520965E-2);
#1166=CARTESIAN_POINT('',(-4.21125E-1,5.456829699516E-1,-1.E-2));
#1167=LINE('',#1166,#1165);
#1168=DIRECTION('',(1.E0,0.E0,0.E0));
#1169=VECTOR('',#1168,1.08075E-1);
#1170=CARTESIAN_POINT('',(-5.292E-1,5.456829699516E-1,-1.E-2));
#1171=LINE('',#1170,#1169);
#1172=DIRECTION('',(9.689177459678E-1,-2.473831068378E-1,0.E0));
#1173=VECTOR('',#1172,4.957423520965E-2);
#1174=CARTESIAN_POINT('',(-5.772333562374E-1,5.579467982769E-1,-1.E-2));
#1175=LINE('',#1174,#1173);
#1176=DIRECTION('',(8.265992787996E-1,-5.627909312417E-1,0.E0));
#1177=VECTOR('',#1176,4.358218174629E-2);
#1178=CARTESIAN_POINT('',(-6.132583562374E-1,5.824744549274E-1,-1.E-2));
#1179=LINE('',#1178,#1177);
#1180=DIRECTION('',(5.466218231676E-1,-8.373795927994E-1,0.E0));
#1181=VECTOR('',#1180,4.393648907652E-2);
#1182=CARTESIAN_POINT('',(-6.37275E-1,6.192659742594E-1,-1.E-2));
#1183=LINE('',#1182,#1181);
#1184=DIRECTION('',(2.377717803411E-1,-9.713210491251E-1,0.E0));
#1185=VECTOR('',#1184,5.050370662231E-2);
#1186=CARTESIAN_POINT('',(-6.492833562374E-1,6.683212875605E-1,-1.E-2));
#1187=LINE('',#1186,#1185);
#1188=DIRECTION('',(0.E0,-1.E0,0.E0));
#1189=VECTOR('',#1188,1.839574420571E-1);
#1190=CARTESIAN_POINT('',(-6.492833562374E-1,8.522787296176E-1,-1.E-2));
#1191=LINE('',#1190,#1189);
#1192=DIRECTION('',(-2.377717803411E-1,-9.713210491251E-1,0.E0));
#1193=VECTOR('',#1192,5.050370662231E-2);
#1194=CARTESIAN_POINT('',(-6.37275E-1,9.013340429187E-1,-1.E-2));
#1195=LINE('',#1194,#1193);
#1196=DIRECTION('',(-5.466221810895E-1,-8.373793591563E-1,0.E0));
#1197=VECTOR('',#1196,4.393646030741E-2);
#1198=CARTESIAN_POINT('',(-6.132583562374E-1,9.381255278945E-1,-1.E-2));
#1199=LINE('',#1198,#1197);
#1200=DIRECTION('',(-8.265991871191E-1,-5.627910658975E-1,0.E0));
#1201=VECTOR('',#1200,4.358218658012E-2);
#1202=CARTESIAN_POINT('',(-5.772333562374E-1,9.626531931341E-1,-1.E-2));
#1203=LINE('',#1202,#1201);
#1204=DIRECTION('',(-9.689177459678E-1,-2.473831068378E-1,0.E0));
#1205=VECTOR('',#1204,4.957423520965E-2);
#1206=CARTESIAN_POINT('',(-5.292E-1,9.749170214593E-1,-1.E-2));
#1207=LINE('',#1206,#1205);
#1208=DIRECTION('',(-1.E0,0.E0,0.E0));
#1209=VECTOR('',#1208,1.08075E-1);
#1210=CARTESIAN_POINT('',(-4.21125E-1,9.749170214593E-1,-1.E-2));
#1211=LINE('',#1210,#1209);
#1212=DIRECTION('',(-9.689177459678E-1,2.473831068378E-1,0.E0));
#1213=VECTOR('',#1212,4.957423520965E-2);
#1214=CARTESIAN_POINT('',(-3.730916437626E-1,9.626531931341E-1,-1.E-2));
#1215=LINE('',#1214,#1213);
#1216=DIRECTION('',(-8.265991871191E-1,5.627910658975E-1,0.E0));
#1217=VECTOR('',#1216,4.358218658012E-2);
#1218=CARTESIAN_POINT('',(-3.370666437626E-1,9.381255278945E-1,-1.E-2));
#1219=LINE('',#1218,#1217);
#1220=DIRECTION('',(-3.102789952956E-1,9.506455412394E-1,0.E0));
#1221=VECTOR('',#1220,3.870158053637E-2);
#1222=CARTESIAN_POINT('',(-3.250583562374E-1,9.013340429187E-1,-1.E-2));
#1223=LINE('',#1222,#1221);
#1224=DIRECTION('',(-1.E0,0.E0,0.E0));
#1225=VECTOR('',#1224,3.6025E-1);
#1226=CARTESIAN_POINT('',(2.753582875252E-1,9.749170214593E-1,-1.E-2));
#1227=LINE('',#1226,#1225);
#1228=DIRECTION('',(0.E0,-1.E0,0.E0));
#1229=VECTOR('',#1228,7.358297854066E-2);
#1230=CARTESIAN_POINT('',(2.753582875252E-1,1.0485E0,-1.E-2));
#1231=LINE('',#1230,#1229);
#1232=DIRECTION('',(1.E0,0.E0,0.E0));
#1233=VECTOR('',#1232,4.322999312878E-1);
#1234=CARTESIAN_POINT('',(-1.569416437626E-1,1.0485E0,-1.E-2));
#1235=LINE('',#1234,#1233);
#1236=DIRECTION('',(0.E0,1.E0,0.E0));
#1237=VECTOR('',#1236,5.764E-1);
#1238=CARTESIAN_POINT('',(-1.569416437626E-1,4.721E-1,-1.E-2));
#1239=LINE('',#1238,#1237);
#1240=DIRECTION('',(-1.E0,0.E0,0.E0));
#1241=VECTOR('',#1240,4.322999312878E-1);
#1242=CARTESIAN_POINT('',(2.753582875252E-1,4.721E-1,-1.E-2));
#1243=LINE('',#1242,#1241);
#1244=DIRECTION('',(0.E0,-1.E0,0.E0));
#1245=VECTOR('',#1244,7.358296995163E-2);
#1246=CARTESIAN_POINT('',(2.753582875252E-1,5.456829699516E-1,-1.E-2));
#1247=LINE('',#1246,#1245);
#1248=DIRECTION('',(1.E0,0.E0,0.E0));
#1249=VECTOR('',#1248,3.6025E-1);
#1250=CARTESIAN_POINT('',(-8.489171247482E-2,5.456829699516E-1,-1.E-2));
#1251=LINE('',#1250,#1249);
#1252=DIRECTION('',(0.E0,-1.E0,0.E0));
#1253=VECTOR('',#1252,1.594298025846E-1);
#1254=CARTESIAN_POINT('',(-8.489171247482E-2,7.051127725363E-1,-1.E-2));
#1255=LINE('',#1254,#1253);
#1256=DIRECTION('',(-1.E0,0.E0,0.E0));
#1257=VECTOR('',#1256,3.122167124748E-1);
#1258=CARTESIAN_POINT('',(2.27325E-1,7.051127725363E-1,-1.E-2));
#1259=LINE('',#1258,#1257);
#1260=DIRECTION('',(0.E0,-1.E0,0.E0));
#1261=VECTOR('',#1260,7.358296995163E-2);
#1262=CARTESIAN_POINT('',(2.27325E-1,7.786957424879E-1,-1.E-2));
#1263=LINE('',#1262,#1261);
#1264=DIRECTION('',(1.E0,0.E0,0.E0));
#1265=VECTOR('',#1264,3.122167124748E-1);
#1266=CARTESIAN_POINT('',(-8.489171247482E-2,7.786957424879E-1,-1.E-2));
#1267=LINE('',#1266,#1265);
#1268=DIRECTION('',(0.E0,-1.E0,0.E0));
#1269=VECTOR('',#1268,1.962212789714E-1);
#1270=CARTESIAN_POINT('',(-8.489171247482E-2,9.749170214593E-1,-1.E-2));
#1271=LINE('',#1270,#1269);
#1272=DIRECTION('',(-1.E0,0.E0,0.E0));
#1273=VECTOR('',#1272,2.882E-1);
#1274=CARTESIAN_POINT('',(6.59625E-1,4.721E-1,-1.E-2));
#1275=LINE('',#1274,#1273);
#1276=DIRECTION('',(-9.797707392153E-1,-2.001232084928E-1,0.E0));
#1277=VECTOR('',#1276,6.128138968807E-2);
#1278=CARTESIAN_POINT('',(7.196667124748E-1,4.843638283253E-1,-1.E-2));
#1279=LINE('',#1278,#1277);
#1280=DIRECTION('',(-8.906051112017E-1,-4.547774575564E-1,0.E0));
#1281=VECTOR('',#1280,5.393331670909E-2);
#1282=CARTESIAN_POINT('',(7.677E-1,5.088914849758E-1,-1.E-2));
#1283=LINE('',#1282,#1281);
#1284=DIRECTION('',(-6.996244945571E-1,-7.145107183351E-1,0.E0));
#1285=VECTOR('',#1284,6.865581165163E-2);
#1286=CARTESIAN_POINT('',(8.157332875252E-1,5.579467982769E-1,-1.E-2));
#1287=LINE('',#1286,#1285);
#1288=DIRECTION('',(-4.397141723527E-1,-8.981377659536E-1,0.E0));
#1289=VECTOR('',#1288,5.461891834489E-2);
#1290=CARTESIAN_POINT('',(8.3975E-1,6.070021115780E-1,-1.E-2));
#1291=LINE('',#1290,#1289);
#1292=DIRECTION('',(-1.921820436730E-1,-9.813592930674E-1,0.E0));
#1293=VECTOR('',#1292,6.248392043124E-2);
#1294=CARTESIAN_POINT('',(8.517582875252E-1,6.683212875605E-1,-1.E-2));
#1295=LINE('',#1294,#1293);
#1296=DIRECTION('',(0.E0,-1.E0,0.E0));
#1297=VECTOR('',#1296,1.839574420571E-1);
#1298=CARTESIAN_POINT('',(8.517582875252E-1,8.522787296176E-1,-1.E-2));
#1299=LINE('',#1298,#1297);
#1300=DIRECTION('',(1.921821473726E-1,-9.813592727596E-1,0.E0));
#1301=VECTOR('',#1300,6.248388671554E-2);
#1302=CARTESIAN_POINT('',(8.3975E-1,9.135978712440E-1,-1.E-2));
#1303=LINE('',#1302,#1301);
#1304=DIRECTION('',(4.397141102494E-1,-8.981377963584E-1,0.E0));
#1305=VECTOR('',#1304,5.461892605902E-2);
#1306=CARTESIAN_POINT('',(8.157332875252E-1,9.626531931341E-1,-1.E-2));
#1307=LINE('',#1306,#1305);
#1308=DIRECTION('',(6.996244632883E-1,-7.145107489524E-1,0.E0));
#1309=VECTOR('',#1308,6.865581472011E-2);
#1310=CARTESIAN_POINT('',(7.677E-1,1.011708510730E0,-1.E-2));
#1311=LINE('',#1310,#1309);
#1312=DIRECTION('',(8.906050870136E-1,-4.547775049247E-1,0.E0));
#1313=VECTOR('',#1312,5.393331817388E-2);
#1314=CARTESIAN_POINT('',(7.196667124748E-1,1.036236170601E0,-1.E-2));
#1315=LINE('',#1314,#1313);
#1316=DIRECTION('',(9.797707357802E-1,-2.001232253108E-1,0.E0));
#1317=VECTOR('',#1316,6.128138990293E-2);
#1318=CARTESIAN_POINT('',(6.59625E-1,1.0485E0,-1.E-2));
#1319=LINE('',#1318,#1317);
#1320=DIRECTION('',(1.E0,0.E0,0.E0));
#1321=VECTOR('',#1320,2.882E-1);
#1322=CARTESIAN_POINT('',(3.71425E-1,1.0485E0,-1.E-2));
#1323=LINE('',#1322,#1321);
#1324=DIRECTION('',(0.E0,1.E0,0.E0));
#1325=VECTOR('',#1324,5.764E-1);
#1326=CARTESIAN_POINT('',(3.71425E-1,4.721E-1,-1.E-2));
#1327=LINE('',#1326,#1325);
#1328=DIRECTION('',(1.E0,0.E0,0.E0));
#1329=VECTOR('',#1328,2.1615E-1);
#1330=CARTESIAN_POINT('',(4.43475E-1,5.456829699516E-1,-1.E-2));
#1331=LINE('',#1330,#1329);
#1332=DIRECTION('',(0.E0,-1.E0,0.E0));
#1333=VECTOR('',#1332,4.292340515077E-1);
#1334=CARTESIAN_POINT('',(4.43475E-1,9.749170214593E-1,-1.E-2));
#1335=LINE('',#1334,#1333);
#1336=DIRECTION('',(-1.E0,0.E0,0.E0));
#1337=VECTOR('',#1336,2.1615E-1);
#1338=CARTESIAN_POINT('',(6.59625E-1,9.749170214593E-1,-1.E-2));
#1339=LINE('',#1338,#1337);
#1340=DIRECTION('',(-9.689176611437E-1,2.473834390653E-1,0.E0));
#1341=VECTOR('',#1340,4.957416863315E-2);
#1342=CARTESIAN_POINT('',(7.076582875252E-1,9.626531931341E-1,-1.E-2));
#1343=LINE('',#1342,#1341);
#1344=DIRECTION('',(-8.265991871191E-1,5.627910658975E-1,0.E0));
#1345=VECTOR('',#1344,4.358218658012E-2);
#1346=CARTESIAN_POINT('',(7.436832875252E-1,9.381255278945E-1,-1.E-2));
#1347=LINE('',#1346,#1345);
#1348=DIRECTION('',(-5.466232777014E-1,8.373786433120E-1,0.E0));
#1349=VECTOR('',#1348,4.393649786708E-2);
#1350=CARTESIAN_POINT('',(7.677E-1,9.013340429187E-1,-1.E-2));
#1351=LINE('',#1350,#1349);
#1352=DIRECTION('',(-2.377704967206E-1,9.713213633444E-1,0.E0));
#1353=VECTOR('',#1352,5.050369028452E-2);
#1354=CARTESIAN_POINT('',(7.797082875252E-1,8.522787296176E-1,-1.E-2));
#1355=LINE('',#1354,#1353);
#1356=DIRECTION('',(0.E0,1.E0,0.E0));
#1357=VECTOR('',#1356,1.839574420571E-1);
#1358=CARTESIAN_POINT('',(7.797082875252E-1,6.683212875605E-1,-1.E-2));
#1359=LINE('',#1358,#1357);
#1360=DIRECTION('',(2.377704967206E-1,9.713213633444E-1,0.E0));
#1361=VECTOR('',#1360,5.050369028452E-2);
#1362=CARTESIAN_POINT('',(7.677E-1,6.192659742594E-1,-1.E-2));
#1363=LINE('',#1362,#1361);
#1364=DIRECTION('',(5.466229197794E-1,8.373788769559E-1,0.E0));
#1365=VECTOR('',#1364,4.393652663616E-2);
#1366=CARTESIAN_POINT('',(7.436832875252E-1,5.824744549274E-1,-1.E-2));
#1367=LINE('',#1366,#1365);
#1368=DIRECTION('',(8.265992787996E-1,5.627909312417E-1,0.E0));
#1369=VECTOR('',#1368,4.358218174629E-2);
#1370=CARTESIAN_POINT('',(7.076582875252E-1,5.579467982769E-1,-1.E-2));
#1371=LINE('',#1370,#1369);
#1372=DIRECTION('',(9.689176611437E-1,2.473834390653E-1,0.E0));
#1373=VECTOR('',#1372,4.957416863315E-2);
#1374=CARTESIAN_POINT('',(6.59625E-1,5.456829699516E-1,-1.E-2));
#1375=LINE('',#1374,#1373);
#1376=DIRECTION('',(-1.E0,0.E0,0.E0));
#1377=VECTOR('',#1376,9.606657505035E-2);
#1378=CARTESIAN_POINT('',(1.236025E0,4.721E-1,-1.E-2));
#1379=LINE('',#1378,#1377);
#1380=DIRECTION('',(-3.162279017271E-1,-9.486832528138E-1,0.E0));
#1381=VECTOR('',#1380,6.075789767453E-1);
#1382=CARTESIAN_POINT('',(1.428158424950E0,1.0485E0,-1.E-2));
#1383=LINE('',#1382,#1381);
#1384=DIRECTION('',(1.E0,0.E0,0.E0));
#1385=VECTOR('',#1384,7.205E-2);
#1386=CARTESIAN_POINT('',(1.356108424950E0,1.0485E0,-1.E-2));
#1387=LINE('',#1386,#1385);
#1388=DIRECTION('',(3.102805670740E-1,9.506450282288E-1,0.E0));
#1389=VECTOR('',#1388,1.548064237558E-1);
#1390=CARTESIAN_POINT('',(1.308075E0,9.013340429187E-1,-1.E-2));
#1391=LINE('',#1390,#1389);
#1392=DIRECTION('',(1.E0,0.E0,0.E0));
#1393=VECTOR('',#1392,2.401665750504E-1);
#1394=CARTESIAN_POINT('',(1.067908424950E0,9.013340429187E-1,-1.E-2));
#1395=LINE('',#1394,#1393);
#1396=DIRECTION('',(3.102805670740E-1,-9.506450282288E-1,0.E0));
#1397=VECTOR('',#1396,1.548064237558E-1);
#1398=CARTESIAN_POINT('',(1.019875E0,1.0485E0,-1.E-2));
#1399=LINE('',#1398,#1397);
#1400=DIRECTION('',(1.E0,0.E0,0.E0));
#1401=VECTOR('',#1400,7.205E-2);
#1402=CARTESIAN_POINT('',(9.47825E-1,1.0485E0,-1.E-2));
#1403=LINE('',#1402,#1401);
#1404=DIRECTION('',(-3.162279017271E-1,9.486832528138E-1,0.E0));
#1405=VECTOR('',#1404,6.075789767453E-1);
#1406=CARTESIAN_POINT('',(1.139958424950E0,4.721E-1,-1.E-2));
#1407=LINE('',#1406,#1405);
#1408=DIRECTION('',(3.102800213276E-1,9.506452063546E-1,0.E0));
#1409=VECTOR('',#1408,3.483144017380E-1);
#1410=CARTESIAN_POINT('',(1.187991575050E0,5.211553133011E-1,-1.E-2));
#1411=LINE('',#1410,#1409);
#1412=DIRECTION('',(3.102800213276E-1,-9.506452063546E-1,0.E0));
#1413=VECTOR('',#1412,3.483144017380E-1);
#1414=CARTESIAN_POINT('',(1.079916575050E0,8.522787296176E-1,-1.E-2));
#1415=LINE('',#1414,#1413);
#1416=DIRECTION('',(-1.E0,0.E0,0.E0));
#1417=VECTOR('',#1416,2.1615E-1);
#1418=CARTESIAN_POINT('',(1.296066575050E0,8.522787296176E-1,-1.E-2));
#1419=LINE('',#1418,#1417);
#1420=DIRECTION('',(0.E0,0.E0,-1.E0));
#1421=VECTOR('',#1420,1.E-2);
#1422=CARTESIAN_POINT('',(-2.530083562374E-1,9.013340429187E-1,0.E0));
#1423=LINE('',#1422,#1421);
#1424=DIRECTION('',(0.E0,-1.110223024625E-14,-1.E0));
#1425=VECTOR('',#1424,1.E-2);
#1426=CARTESIAN_POINT('',(-2.650166437626E-1,9.626531931341E-1,0.E0));
#1427=LINE('',#1426,#1425);
#1428=DIRECTION('',(0.E0,0.E0,-1.E0));
#1429=VECTOR('',#1428,1.E-2);
#1430=CARTESIAN_POINT('',(-3.1305E-1,1.011708510730E0,0.E0));
#1431=LINE('',#1430,#1429);
#1432=DIRECTION('',(0.E0,0.E0,-1.E0));
#1433=VECTOR('',#1432,1.E-2);
#1434=CARTESIAN_POINT('',(-3.610833562374E-1,1.036236170601E0,0.E0));
#1435=LINE('',#1434,#1433);
#1436=DIRECTION('',(0.E0,0.E0,-1.E0));
#1437=VECTOR('',#1436,1.E-2);
#1438=CARTESIAN_POINT('',(-4.21125E-1,1.0485E0,0.E0));
#1439=LINE('',#1438,#1437);
#1440=DIRECTION('',(0.E0,0.E0,-1.E0));
#1441=VECTOR('',#1440,1.E-2);
#1442=CARTESIAN_POINT('',(-5.292E-1,1.0485E0,0.E0));
#1443=LINE('',#1442,#1441);
#1444=DIRECTION('',(0.E0,0.E0,-1.E0));
#1445=VECTOR('',#1444,1.E-2);
#1446=CARTESIAN_POINT('',(-3.250583562374E-1,9.013340429187E-1,0.E0));
#1447=LINE('',#1446,#1445);
#1448=DIRECTION('',(0.E0,0.E0,-1.E0));
#1449=VECTOR('',#1448,1.E-2);
#1450=CARTESIAN_POINT('',(-3.370666437626E-1,9.381255278945E-1,0.E0));
#1451=LINE('',#1450,#1449);
#1452=DIRECTION('',(0.E0,0.E0,-1.E0));
#1453=VECTOR('',#1452,1.E-2);
#1454=CARTESIAN_POINT('',(-3.730916437626E-1,9.626531931341E-1,0.E0));
#1455=LINE('',#1454,#1453);
#1456=DIRECTION('',(0.E0,0.E0,-1.E0));
#1457=VECTOR('',#1456,1.E-2);
#1458=CARTESIAN_POINT('',(-4.21125E-1,9.749170214593E-1,0.E0));
#1459=LINE('',#1458,#1457);
#1460=DIRECTION('',(0.E0,0.E0,-1.E0));
#1461=VECTOR('',#1460,1.E-2);
#1462=CARTESIAN_POINT('',(-5.292E-1,9.749170214593E-1,0.E0));
#1463=LINE('',#1462,#1461);
#1464=DIRECTION('',(0.E0,0.E0,-1.E0));
#1465=VECTOR('',#1464,1.E-2);
#1466=CARTESIAN_POINT('',(-5.772333562374E-1,9.626531931341E-1,0.E0));
#1467=LINE('',#1466,#1465);
#1468=DIRECTION('',(0.E0,0.E0,-1.E0));
#1469=VECTOR('',#1468,1.E-2);
#1470=CARTESIAN_POINT('',(-6.132583562374E-1,9.381255278945E-1,0.E0));
#1471=LINE('',#1470,#1469);
#1472=DIRECTION('',(0.E0,0.E0,-1.E0));
#1473=VECTOR('',#1472,1.E-2);
#1474=CARTESIAN_POINT('',(-6.37275E-1,9.013340429187E-1,0.E0));
#1475=LINE('',#1474,#1473);
#1476=DIRECTION('',(0.E0,-2.220446049250E-14,-1.E0));
#1477=VECTOR('',#1476,1.E-2);
#1478=CARTESIAN_POINT('',(-6.492833562374E-1,8.522787296176E-1,0.E0));
#1479=LINE('',#1478,#1477);
#1480=DIRECTION('',(0.E0,1.110223024625E-14,-1.E0));
#1481=VECTOR('',#1480,1.E-2);
#1482=CARTESIAN_POINT('',(-6.492833562374E-1,6.683212875605E-1,0.E0));
#1483=LINE('',#1482,#1481);
#1484=DIRECTION('',(0.E0,0.E0,-1.E0));
#1485=VECTOR('',#1484,1.E-2);
#1486=CARTESIAN_POINT('',(-6.37275E-1,6.192659742594E-1,0.E0));
#1487=LINE('',#1486,#1485);
#1488=DIRECTION('',(0.E0,1.110223024625E-14,-1.E0));
#1489=VECTOR('',#1488,1.E-2);
#1490=CARTESIAN_POINT('',(-6.132583562374E-1,5.824744549274E-1,0.E0));
#1491=LINE('',#1490,#1489);
#1492=DIRECTION('',(-1.110223024625E-14,0.E0,-1.E0));
#1493=VECTOR('',#1492,1.E-2);
#1494=CARTESIAN_POINT('',(-5.772333562374E-1,5.579467982769E-1,0.E0));
#1495=LINE('',#1494,#1493);
#1496=DIRECTION('',(0.E0,0.E0,-1.E0));
#1497=VECTOR('',#1496,1.E-2);
#1498=CARTESIAN_POINT('',(-5.292E-1,5.456829699516E-1,0.E0));
#1499=LINE('',#1498,#1497);
#1500=DIRECTION('',(0.E0,0.E0,-1.E0));
#1501=VECTOR('',#1500,1.E-2);
#1502=CARTESIAN_POINT('',(-4.21125E-1,5.456829699516E-1,0.E0));
#1503=LINE('',#1502,#1501);
#1504=DIRECTION('',(0.E0,0.E0,-1.E0));
#1505=VECTOR('',#1504,1.E-2);
#1506=CARTESIAN_POINT('',(-3.730916437626E-1,5.579467982769E-1,0.E0));
#1507=LINE('',#1506,#1505);
#1508=DIRECTION('',(0.E0,1.110223024625E-14,-1.E0));
#1509=VECTOR('',#1508,1.E-2);
#1510=CARTESIAN_POINT('',(-3.370666437626E-1,5.824744549274E-1,0.E0));
#1511=LINE('',#1510,#1509);
#1512=DIRECTION('',(0.E0,0.E0,-1.E0));
#1513=VECTOR('',#1512,1.E-2);
#1514=CARTESIAN_POINT('',(-3.250583562374E-1,6.192659742594E-1,0.E0));
#1515=LINE('',#1514,#1513);
#1516=DIRECTION('',(0.E0,0.E0,-1.E0));
#1517=VECTOR('',#1516,1.E-2);
#1518=CARTESIAN_POINT('',(-2.530083562374E-1,6.192659742594E-1,0.E0));
#1519=LINE('',#1518,#1517);
#1520=DIRECTION('',(0.E0,1.110223024625E-14,-1.E0));
#1521=VECTOR('',#1520,1.E-2);
#1522=CARTESIAN_POINT('',(-2.650166437626E-1,5.579467982769E-1,0.E0));
#1523=LINE('',#1522,#1521);
#1524=DIRECTION('',(0.E0,0.E0,-1.E0));
#1525=VECTOR('',#1524,1.E-2);
#1526=CARTESIAN_POINT('',(-3.1305E-1,5.088914849758E-1,0.E0));
#1527=LINE('',#1526,#1525);
#1528=DIRECTION('',(0.E0,0.E0,-1.E0));
#1529=VECTOR('',#1528,1.E-2);
#1530=CARTESIAN_POINT('',(-3.610833562374E-1,4.843638283253E-1,0.E0));
#1531=LINE('',#1530,#1529);
#1532=DIRECTION('',(0.E0,0.E0,-1.E0));
#1533=VECTOR('',#1532,1.E-2);
#1534=CARTESIAN_POINT('',(-4.21125E-1,4.721E-1,0.E0));
#1535=LINE('',#1534,#1533);
#1536=DIRECTION('',(0.E0,0.E0,-1.E0));
#1537=VECTOR('',#1536,1.E-2);
#1538=CARTESIAN_POINT('',(-5.292E-1,4.721E-1,0.E0));
#1539=LINE('',#1538,#1537);
#1540=DIRECTION('',(0.E0,0.E0,-1.E0));
#1541=VECTOR('',#1540,1.E-2);
#1542=CARTESIAN_POINT('',(-5.892416437626E-1,4.843638283253E-1,0.E0));
#1543=LINE('',#1542,#1541);
#1544=DIRECTION('',(1.110223024625E-14,0.E0,-1.E0));
#1545=VECTOR('',#1544,1.E-2);
#1546=CARTESIAN_POINT('',(-6.37275E-1,5.088914849758E-1,0.E0));
#1547=LINE('',#1546,#1545);
#1548=DIRECTION('',(0.E0,1.110223024625E-14,-1.E0));
#1549=VECTOR('',#1548,1.E-2);
#1550=CARTESIAN_POINT('',(-6.853083218813E-1,5.579467982769E-1,0.E0));
#1551=LINE('',#1550,#1549);
#1552=DIRECTION('',(0.E0,0.E0,-1.E0));
#1553=VECTOR('',#1552,1.E-2);
#1554=CARTESIAN_POINT('',(-7.09325E-1,6.070021115780E-1,0.E0));
#1555=LINE('',#1554,#1553);
#1556=DIRECTION('',(0.E0,0.E0,-1.E0));
#1557=VECTOR('',#1556,1.E-2);
#1558=CARTESIAN_POINT('',(-7.213333218813E-1,6.683212875605E-1,0.E0));
#1559=LINE('',#1558,#1557);
#1560=DIRECTION('',(0.E0,0.E0,-1.E0));
#1561=VECTOR('',#1560,1.E-2);
#1562=CARTESIAN_POINT('',(-7.213333218813E-1,8.522787296176E-1,0.E0));
#1563=LINE('',#1562,#1561);
#1564=DIRECTION('',(0.E0,0.E0,-1.E0));
#1565=VECTOR('',#1564,1.E-2);
#1566=CARTESIAN_POINT('',(-7.09325E-1,9.135978712440E-1,0.E0));
#1567=LINE('',#1566,#1565);
#1568=DIRECTION('',(0.E0,0.E0,-1.E0));
#1569=VECTOR('',#1568,1.E-2);
#1570=CARTESIAN_POINT('',(-6.853083218813E-1,9.626531931341E-1,0.E0));
#1571=LINE('',#1570,#1569);
#1572=DIRECTION('',(0.E0,0.E0,-1.E0));
#1573=VECTOR('',#1572,1.E-2);
#1574=CARTESIAN_POINT('',(-6.37275E-1,1.011708510730E0,0.E0));
#1575=LINE('',#1574,#1573);
#1576=DIRECTION('',(0.E0,0.E0,-1.E0));
#1577=VECTOR('',#1576,1.E-2);
#1578=CARTESIAN_POINT('',(2.753582875252E-1,9.749170214593E-1,0.E0));
#1579=LINE('',#1578,#1577);
#1580=DIRECTION('',(0.E0,0.E0,-1.E0));
#1581=VECTOR('',#1580,1.E-2);
#1582=CARTESIAN_POINT('',(2.753582875252E-1,1.0485E0,0.E0));
#1583=LINE('',#1582,#1581);
#1584=DIRECTION('',(0.E0,0.E0,-1.E0));
#1585=VECTOR('',#1584,1.E-2);
#1586=CARTESIAN_POINT('',(-1.569416437626E-1,1.0485E0,0.E0));
#1587=LINE('',#1586,#1585);
#1588=DIRECTION('',(0.E0,0.E0,-1.E0));
#1589=VECTOR('',#1588,1.E-2);
#1590=CARTESIAN_POINT('',(-1.569416437626E-1,4.721E-1,0.E0));
#1591=LINE('',#1590,#1589);
#1592=DIRECTION('',(0.E0,0.E0,-1.E0));
#1593=VECTOR('',#1592,1.E-2);
#1594=CARTESIAN_POINT('',(2.753582875252E-1,4.721E-1,0.E0));
#1595=LINE('',#1594,#1593);
#1596=DIRECTION('',(0.E0,0.E0,-1.E0));
#1597=VECTOR('',#1596,1.E-2);
#1598=CARTESIAN_POINT('',(2.753582875252E-1,5.456829699516E-1,0.E0));
#1599=LINE('',#1598,#1597);
#1600=DIRECTION('',(0.E0,0.E0,-1.E0));
#1601=VECTOR('',#1600,1.E-2);
#1602=CARTESIAN_POINT('',(-8.489171247482E-2,5.456829699516E-1,0.E0));
#1603=LINE('',#1602,#1601);
#1604=DIRECTION('',(0.E0,0.E0,-1.E0));
#1605=VECTOR('',#1604,1.E-2);
#1606=CARTESIAN_POINT('',(-8.489171247482E-2,7.051127725363E-1,0.E0));
#1607=LINE('',#1606,#1605);
#1608=DIRECTION('',(0.E0,0.E0,-1.E0));
#1609=VECTOR('',#1608,1.E-2);
#1610=CARTESIAN_POINT('',(2.27325E-1,7.051127725363E-1,0.E0));
#1611=LINE('',#1610,#1609);
#1612=DIRECTION('',(0.E0,0.E0,-1.E0));
#1613=VECTOR('',#1612,1.E-2);
#1614=CARTESIAN_POINT('',(2.27325E-1,7.786957424879E-1,0.E0));
#1615=LINE('',#1614,#1613);
#1616=DIRECTION('',(0.E0,0.E0,-1.E0));
#1617=VECTOR('',#1616,1.E-2);
#1618=CARTESIAN_POINT('',(-8.489171247482E-2,7.786957424879E-1,0.E0));
#1619=LINE('',#1618,#1617);
#1620=DIRECTION('',(0.E0,0.E0,-1.E0));
#1621=VECTOR('',#1620,1.E-2);
#1622=CARTESIAN_POINT('',(-8.489171247482E-2,9.749170214593E-1,0.E0));
#1623=LINE('',#1622,#1621);
#1624=DIRECTION('',(0.E0,0.E0,-1.E0));
#1625=VECTOR('',#1624,1.E-2);
#1626=CARTESIAN_POINT('',(6.59625E-1,4.721E-1,0.E0));
#1627=LINE('',#1626,#1625);
#1628=DIRECTION('',(0.E0,0.E0,-1.E0));
#1629=VECTOR('',#1628,1.E-2);
#1630=CARTESIAN_POINT('',(7.196667124748E-1,4.843638283253E-1,0.E0));
#1631=LINE('',#1630,#1629);
#1632=DIRECTION('',(0.E0,0.E0,-1.E0));
#1633=VECTOR('',#1632,1.E-2);
#1634=CARTESIAN_POINT('',(7.677E-1,5.088914849758E-1,0.E0));
#1635=LINE('',#1634,#1633);
#1636=DIRECTION('',(0.E0,0.E0,-1.E0));
#1637=VECTOR('',#1636,1.E-2);
#1638=CARTESIAN_POINT('',(8.157332875252E-1,5.579467982769E-1,0.E0));
#1639=LINE('',#1638,#1637);
#1640=DIRECTION('',(0.E0,0.E0,-1.E0));
#1641=VECTOR('',#1640,1.E-2);
#1642=CARTESIAN_POINT('',(8.3975E-1,6.070021115780E-1,0.E0));
#1643=LINE('',#1642,#1641);
#1644=DIRECTION('',(0.E0,1.110223024625E-14,-1.E0));
#1645=VECTOR('',#1644,1.E-2);
#1646=CARTESIAN_POINT('',(8.517582875252E-1,6.683212875605E-1,0.E0));
#1647=LINE('',#1646,#1645);
#1648=DIRECTION('',(0.E0,-2.220446049250E-14,-1.E0));
#1649=VECTOR('',#1648,1.E-2);
#1650=CARTESIAN_POINT('',(8.517582875252E-1,8.522787296176E-1,0.E0));
#1651=LINE('',#1650,#1649);
#1652=DIRECTION('',(0.E0,0.E0,-1.E0));
#1653=VECTOR('',#1652,1.E-2);
#1654=CARTESIAN_POINT('',(8.3975E-1,9.135978712440E-1,0.E0));
#1655=LINE('',#1654,#1653);
#1656=DIRECTION('',(0.E0,0.E0,-1.E0));
#1657=VECTOR('',#1656,1.E-2);
#1658=CARTESIAN_POINT('',(8.157332875252E-1,9.626531931341E-1,0.E0));
#1659=LINE('',#1658,#1657);
#1660=DIRECTION('',(0.E0,0.E0,-1.E0));
#1661=VECTOR('',#1660,1.E-2);
#1662=CARTESIAN_POINT('',(7.677E-1,1.011708510730E0,0.E0));
#1663=LINE('',#1662,#1661);
#1664=DIRECTION('',(0.E0,0.E0,-1.E0));
#1665=VECTOR('',#1664,1.E-2);
#1666=CARTESIAN_POINT('',(7.196667124748E-1,1.036236170601E0,0.E0));
#1667=LINE('',#1666,#1665);
#1668=DIRECTION('',(0.E0,0.E0,-1.E0));
#1669=VECTOR('',#1668,1.E-2);
#1670=CARTESIAN_POINT('',(6.59625E-1,1.0485E0,0.E0));
#1671=LINE('',#1670,#1669);
#1672=DIRECTION('',(0.E0,0.E0,-1.E0));
#1673=VECTOR('',#1672,1.E-2);
#1674=CARTESIAN_POINT('',(3.71425E-1,1.0485E0,0.E0));
#1675=LINE('',#1674,#1673);
#1676=DIRECTION('',(0.E0,0.E0,-1.E0));
#1677=VECTOR('',#1676,1.E-2);
#1678=CARTESIAN_POINT('',(3.71425E-1,4.721E-1,0.E0));
#1679=LINE('',#1678,#1677);
#1680=DIRECTION('',(0.E0,0.E0,-1.E0));
#1681=VECTOR('',#1680,1.E-2);
#1682=CARTESIAN_POINT('',(4.43475E-1,5.456829699516E-1,0.E0));
#1683=LINE('',#1682,#1681);
#1684=DIRECTION('',(0.E0,0.E0,-1.E0));
#1685=VECTOR('',#1684,1.E-2);
#1686=CARTESIAN_POINT('',(4.43475E-1,9.749170214593E-1,0.E0));
#1687=LINE('',#1686,#1685);
#1688=DIRECTION('',(0.E0,0.E0,-1.E0));
#1689=VECTOR('',#1688,1.E-2);
#1690=CARTESIAN_POINT('',(6.59625E-1,9.749170214593E-1,0.E0));
#1691=LINE('',#1690,#1689);
#1692=DIRECTION('',(0.E0,0.E0,-1.E0));
#1693=VECTOR('',#1692,1.E-2);
#1694=CARTESIAN_POINT('',(7.076582875252E-1,9.626531931341E-1,0.E0));
#1695=LINE('',#1694,#1693);
#1696=DIRECTION('',(0.E0,0.E0,-1.E0));
#1697=VECTOR('',#1696,1.E-2);
#1698=CARTESIAN_POINT('',(7.436832875252E-1,9.381255278945E-1,0.E0));
#1699=LINE('',#1698,#1697);
#1700=DIRECTION('',(0.E0,0.E0,-1.E0));
#1701=VECTOR('',#1700,1.E-2);
#1702=CARTESIAN_POINT('',(7.677E-1,9.013340429187E-1,0.E0));
#1703=LINE('',#1702,#1701);
#1704=DIRECTION('',(0.E0,0.E0,-1.E0));
#1705=VECTOR('',#1704,1.E-2);
#1706=CARTESIAN_POINT('',(7.797082875252E-1,8.522787296176E-1,0.E0));
#1707=LINE('',#1706,#1705);
#1708=DIRECTION('',(0.E0,0.E0,-1.E0));
#1709=VECTOR('',#1708,1.E-2);
#1710=CARTESIAN_POINT('',(7.797082875252E-1,6.683212875605E-1,0.E0));
#1711=LINE('',#1710,#1709);
#1712=DIRECTION('',(0.E0,0.E0,-1.E0));
#1713=VECTOR('',#1712,1.E-2);
#1714=CARTESIAN_POINT('',(7.677E-1,6.192659742594E-1,0.E0));
#1715=LINE('',#1714,#1713);
#1716=DIRECTION('',(-1.110223024625E-14,0.E0,-1.E0));
#1717=VECTOR('',#1716,1.E-2);
#1718=CARTESIAN_POINT('',(7.436832875252E-1,5.824744549274E-1,0.E0));
#1719=LINE('',#1718,#1717);
#1720=DIRECTION('',(1.110223024625E-14,0.E0,-1.E0));
#1721=VECTOR('',#1720,1.E-2);
#1722=CARTESIAN_POINT('',(7.076582875252E-1,5.579467982769E-1,0.E0));
#1723=LINE('',#1722,#1721);
#1724=DIRECTION('',(0.E0,0.E0,-1.E0));
#1725=VECTOR('',#1724,1.E-2);
#1726=CARTESIAN_POINT('',(6.59625E-1,5.456829699516E-1,0.E0));
#1727=LINE('',#1726,#1725);
#1728=DIRECTION('',(0.E0,0.E0,-1.E0));
#1729=VECTOR('',#1728,1.E-2);
#1730=CARTESIAN_POINT('',(1.236025E0,4.721E-1,0.E0));
#1731=LINE('',#1730,#1729);
#1732=DIRECTION('',(2.220446049250E-14,0.E0,-1.E0));
#1733=VECTOR('',#1732,1.E-2);
#1734=CARTESIAN_POINT('',(1.428158424950E0,1.0485E0,0.E0));
#1735=LINE('',#1734,#1733);
#1736=DIRECTION('',(2.220446049250E-14,0.E0,-1.E0));
#1737=VECTOR('',#1736,1.E-2);
#1738=CARTESIAN_POINT('',(1.356108424950E0,1.0485E0,0.E0));
#1739=LINE('',#1738,#1737);
#1740=DIRECTION('',(0.E0,0.E0,-1.E0));
#1741=VECTOR('',#1740,1.E-2);
#1742=CARTESIAN_POINT('',(1.308075E0,9.013340429187E-1,0.E0));
#1743=LINE('',#1742,#1741);
#1744=DIRECTION('',(0.E0,0.E0,-1.E0));
#1745=VECTOR('',#1744,1.E-2);
#1746=CARTESIAN_POINT('',(1.067908424950E0,9.013340429187E-1,0.E0));
#1747=LINE('',#1746,#1745);
#1748=DIRECTION('',(0.E0,0.E0,-1.E0));
#1749=VECTOR('',#1748,1.E-2);
#1750=CARTESIAN_POINT('',(1.019875E0,1.0485E0,0.E0));
#1751=LINE('',#1750,#1749);
#1752=DIRECTION('',(0.E0,0.E0,-1.E0));
#1753=VECTOR('',#1752,1.E-2);
#1754=CARTESIAN_POINT('',(9.47825E-1,1.0485E0,0.E0));
#1755=LINE('',#1754,#1753);
#1756=DIRECTION('',(0.E0,0.E0,-1.E0));
#1757=VECTOR('',#1756,1.E-2);
#1758=CARTESIAN_POINT('',(1.139958424950E0,4.721E-1,0.E0));
#1759=LINE('',#1758,#1757);
#1760=DIRECTION('',(0.E0,2.220446049250E-14,-1.E0));
#1761=VECTOR('',#1760,1.E-2);
#1762=CARTESIAN_POINT('',(1.187991575050E0,5.211553133011E-1,0.E0));
#1763=LINE('',#1762,#1761);
#1764=DIRECTION('',(0.E0,-2.220446049250E-14,-1.E0));
#1765=VECTOR('',#1764,1.E-2);
#1766=CARTESIAN_POINT('',(1.079916575050E0,8.522787296176E-1,0.E0));
#1767=LINE('',#1766,#1765);
#1768=DIRECTION('',(-2.220446049250E-14,-2.220446049250E-14,-1.E0));
#1769=VECTOR('',#1768,1.E-2);
#1770=CARTESIAN_POINT('',(1.296066575050E0,8.522787296176E-1,0.E0));
#1771=LINE('',#1770,#1769);
#1772=CARTESIAN_POINT('',(-5.5E0,2.8E0,0.E0));
#1773=CARTESIAN_POINT('',(-5.5E0,-2.8E0,0.E0));
#1774=VERTEX_POINT('',#1772);
#1775=VERTEX_POINT('',#1773);
#1776=CARTESIAN_POINT('',(5.5E0,-2.8E0,0.E0));
#1777=CARTESIAN_POINT('',(5.5E0,2.8E0,0.E0));
#1778=VERTEX_POINT('',#1776);
#1779=VERTEX_POINT('',#1777);
#1780=CARTESIAN_POINT('',(-5.5E0,2.8E0,1.E0));
#1781=CARTESIAN_POINT('',(-5.5E0,-2.8E0,1.E0));
#1782=VERTEX_POINT('',#1780);
#1783=VERTEX_POINT('',#1781);
#1784=CARTESIAN_POINT('',(5.5E0,-2.8E0,1.E0));
#1785=CARTESIAN_POINT('',(5.5E0,2.8E0,1.E0));
#1786=VERTEX_POINT('',#1784);
#1787=VERTEX_POINT('',#1785);
#1788=CARTESIAN_POINT('',(-1.2E0,-2.8E0,0.E0));
#1789=CARTESIAN_POINT('',(-1.2E0,-2.25E0,0.E0));
#1790=VERTEX_POINT('',#1788);
#1791=VERTEX_POINT('',#1789);
#1792=CARTESIAN_POINT('',(-3.5E0,-2.25E0,0.E0));
#1793=VERTEX_POINT('',#1792);
#1794=CARTESIAN_POINT('',(-3.5E0,-2.8E0,0.E0));
#1795=VERTEX_POINT('',#1794);
#1796=CARTESIAN_POINT('',(3.5E0,-2.8E0,0.E0));
#1797=CARTESIAN_POINT('',(3.5E0,-2.25E0,0.E0));
#1798=VERTEX_POINT('',#1796);
#1799=VERTEX_POINT('',#1797);
#1800=CARTESIAN_POINT('',(1.2E0,-2.25E0,0.E0));
#1801=VERTEX_POINT('',#1800);
#1802=CARTESIAN_POINT('',(1.2E0,-2.8E0,0.E0));
#1803=VERTEX_POINT('',#1802);
#1804=CARTESIAN_POINT('',(-3.5E0,2.8E0,0.E0));
#1805=CARTESIAN_POINT('',(-3.5E0,2.25E0,0.E0));
#1806=VERTEX_POINT('',#1804);
#1807=VERTEX_POINT('',#1805);
#1808=CARTESIAN_POINT('',(-1.2E0,2.25E0,0.E0));
#1809=VERTEX_POINT('',#1808);
#1810=CARTESIAN_POINT('',(-1.2E0,2.8E0,0.E0));
#1811=VERTEX_POINT('',#1810);
#1812=CARTESIAN_POINT('',(1.2E0,2.8E0,0.E0));
#1813=CARTESIAN_POINT('',(1.2E0,2.25E0,0.E0));
#1814=VERTEX_POINT('',#1812);
#1815=VERTEX_POINT('',#1813);
#1816=CARTESIAN_POINT('',(3.5E0,2.25E0,0.E0));
#1817=VERTEX_POINT('',#1816);
#1818=CARTESIAN_POINT('',(3.5E0,2.8E0,0.E0));
#1819=VERTEX_POINT('',#1818);
#1820=CARTESIAN_POINT('',(-1.2E0,-2.8E0,1.E0));
#1821=CARTESIAN_POINT('',(-1.2E0,-2.25E0,1.E0));
#1822=VERTEX_POINT('',#1820);
#1823=VERTEX_POINT('',#1821);
#1824=CARTESIAN_POINT('',(-3.5E0,-2.25E0,1.E0));
#1825=VERTEX_POINT('',#1824);
#1826=CARTESIAN_POINT('',(-3.5E0,-2.8E0,1.E0));
#1827=VERTEX_POINT('',#1826);
#1828=CARTESIAN_POINT('',(3.5E0,-2.8E0,1.E0));
#1829=CARTESIAN_POINT('',(3.5E0,-2.25E0,1.E0));
#1830=VERTEX_POINT('',#1828);
#1831=VERTEX_POINT('',#1829);
#1832=CARTESIAN_POINT('',(1.2E0,-2.25E0,1.E0));
#1833=VERTEX_POINT('',#1832);
#1834=CARTESIAN_POINT('',(1.2E0,-2.8E0,1.E0));
#1835=VERTEX_POINT('',#1834);
#1836=CARTESIAN_POINT('',(-3.5E0,2.8E0,1.E0));
#1837=CARTESIAN_POINT('',(-3.5E0,2.25E0,1.E0));
#1838=VERTEX_POINT('',#1836);
#1839=VERTEX_POINT('',#1837);
#1840=CARTESIAN_POINT('',(-1.2E0,2.25E0,1.E0));
#1841=VERTEX_POINT('',#1840);
#1842=CARTESIAN_POINT('',(-1.2E0,2.8E0,1.E0));
#1843=VERTEX_POINT('',#1842);
#1844=CARTESIAN_POINT('',(1.2E0,2.8E0,1.E0));
#1845=CARTESIAN_POINT('',(1.2E0,2.25E0,1.E0));
#1846=VERTEX_POINT('',#1844);
#1847=VERTEX_POINT('',#1845);
#1848=CARTESIAN_POINT('',(3.5E0,2.25E0,1.E0));
#1849=VERTEX_POINT('',#1848);
#1850=CARTESIAN_POINT('',(3.5E0,2.8E0,1.E0));
#1851=VERTEX_POINT('',#1850);
#1852=CARTESIAN_POINT('',(-3.35E0,2.E-1,0.E0));
#1853=CARTESIAN_POINT('',(-2.65E0,2.E-1,0.E0));
#1854=VERTEX_POINT('',#1852);
#1855=VERTEX_POINT('',#1853);
#1856=CARTESIAN_POINT('',(-2.65E0,-2.E-1,0.E0));
#1857=VERTEX_POINT('',#1856);
#1858=CARTESIAN_POINT('',(-3.35E0,-2.E-1,0.E0));
#1859=VERTEX_POINT('',#1858);
#1860=CARTESIAN_POINT('',(-2.65E0,2.E-1,-5.35E0));
#1861=CARTESIAN_POINT('',(-3.35E0,2.E-1,-5.35E0));
#1862=VERTEX_POINT('',#1860);
#1863=VERTEX_POINT('',#1861);
#1864=CARTESIAN_POINT('',(-3.35E0,-2.E-1,-5.35E0));
#1865=VERTEX_POINT('',#1864);
#1866=CARTESIAN_POINT('',(-2.65E0,-2.E-1,-5.35E0));
#1867=VERTEX_POINT('',#1866);
#1868=CARTESIAN_POINT('',(-3.5E-1,2.E-1,0.E0));
#1869=CARTESIAN_POINT('',(3.5E-1,2.E-1,0.E0));
#1870=VERTEX_POINT('',#1868);
#1871=VERTEX_POINT('',#1869);
#1872=CARTESIAN_POINT('',(3.5E-1,-2.E-1,0.E0));
#1873=VERTEX_POINT('',#1872);
#1874=CARTESIAN_POINT('',(-3.5E-1,-2.E-1,0.E0));
#1875=VERTEX_POINT('',#1874);
#1876=CARTESIAN_POINT('',(3.5E-1,2.E-1,-5.35E0));
#1877=CARTESIAN_POINT('',(-3.5E-1,2.E-1,-5.35E0));
#1878=VERTEX_POINT('',#1876);
#1879=VERTEX_POINT('',#1877);
#1880=CARTESIAN_POINT('',(-3.5E-1,-2.E-1,-5.35E0));
#1881=VERTEX_POINT('',#1880);
#1882=CARTESIAN_POINT('',(3.5E-1,-2.E-1,-5.35E0));
#1883=VERTEX_POINT('',#1882);
#1884=CARTESIAN_POINT('',(2.65E0,2.E-1,0.E0));
#1885=CARTESIAN_POINT('',(3.35E0,2.E-1,0.E0));
#1886=VERTEX_POINT('',#1884);
#1887=VERTEX_POINT('',#1885);
#1888=CARTESIAN_POINT('',(3.35E0,-2.E-1,0.E0));
#1889=VERTEX_POINT('',#1888);
#1890=CARTESIAN_POINT('',(2.65E0,-2.E-1,0.E0));
#1891=VERTEX_POINT('',#1890);
#1892=CARTESIAN_POINT('',(3.35E0,2.E-1,-5.35E0));
#1893=CARTESIAN_POINT('',(2.65E0,2.E-1,-5.35E0));
#1894=VERTEX_POINT('',#1892);
#1895=VERTEX_POINT('',#1893);
#1896=CARTESIAN_POINT('',(2.65E0,-2.E-1,-5.35E0));
#1897=VERTEX_POINT('',#1896);
#1898=CARTESIAN_POINT('',(3.35E0,-2.E-1,-5.35E0));
#1899=VERTEX_POINT('',#1898);
#1900=CARTESIAN_POINT('',(3.87785E0,1.98225E0,4.5E0));
#1901=CARTESIAN_POINT('',(-3.87785E0,1.98225E0,4.5E0));
#1902=VERTEX_POINT('',#1900);
#1903=VERTEX_POINT('',#1901);
#1904=CARTESIAN_POINT('',(-3.87785E0,-1.98225E0,4.5E0));
#1905=VERTEX_POINT('',#1904);
#1906=CARTESIAN_POINT('',(3.87785E0,-1.98225E0,4.5E0));
#1907=VERTEX_POINT('',#1906);
#1908=CARTESIAN_POINT('',(3.87785E0,1.98225E0,1.E0));
#1909=CARTESIAN_POINT('',(-3.87785E0,1.98225E0,1.E0));
#1910=VERTEX_POINT('',#1908);
#1911=VERTEX_POINT('',#1909);
#1912=CARTESIAN_POINT('',(-3.87785E0,-1.98225E0,1.E0));
#1913=VERTEX_POINT('',#1912);
#1914=CARTESIAN_POINT('',(3.87785E0,-1.98225E0,1.E0));
#1915=VERTEX_POINT('',#1914);
#1916=CARTESIAN_POINT('',(0.E0,1.5E0,4.5E0));
#1917=CARTESIAN_POINT('',(-3.E0,1.5E0,4.5E0));
#1918=VERTEX_POINT('',#1916);
#1919=VERTEX_POINT('',#1917);
#1920=CARTESIAN_POINT('',(-3.E0,-1.5E0,4.5E0));
#1921=VERTEX_POINT('',#1920);
#1922=CARTESIAN_POINT('',(0.E0,-1.5E0,4.5E0));
#1923=VERTEX_POINT('',#1922);
#1924=CARTESIAN_POINT('',(-1.2497E0,4.721E-1,-1.E-2));
#1925=CARTESIAN_POINT('',(-1.2497E0,1.0485E0,-1.E-2));
#1926=VERTEX_POINT('',#1924);
#1927=VERTEX_POINT('',#1925);
#1928=CARTESIAN_POINT('',(-8.174E-1,1.0485E0,-1.E-2));
#1929=VERTEX_POINT('',#1928);
#1930=CARTESIAN_POINT('',(-8.174E-1,9.749170214593E-1,-1.E-2));
#1931=VERTEX_POINT('',#1930);
#1932=CARTESIAN_POINT('',(-1.17765E0,9.749170214593E-1,-1.E-2));
#1933=VERTEX_POINT('',#1932);
#1934=CARTESIAN_POINT('',(-1.17765E0,4.721E-1,-1.E-2));
#1935=VERTEX_POINT('',#1934);
#1936=CARTESIAN_POINT('',(-2.530083562374E-1,9.013340429187E-1,-1.E-2));
#1937=CARTESIAN_POINT('',(-3.250583562374E-1,9.013340429187E-1,-1.E-2));
#1938=VERTEX_POINT('',#1936);
#1939=VERTEX_POINT('',#1937);
#1940=CARTESIAN_POINT('',(-3.370666437626E-1,9.381255278945E-1,-1.E-2));
#1941=VERTEX_POINT('',#1940);
#1942=CARTESIAN_POINT('',(-3.730916437626E-1,9.626531931341E-1,-1.E-2));
#1943=VERTEX_POINT('',#1942);
#1944=CARTESIAN_POINT('',(-4.21125E-1,9.749170214593E-1,-1.E-2));
#1945=VERTEX_POINT('',#1944);
#1946=CARTESIAN_POINT('',(-5.292E-1,9.749170214593E-1,-1.E-2));
#1947=VERTEX_POINT('',#1946);
#1948=CARTESIAN_POINT('',(-5.772333562374E-1,9.626531931341E-1,-1.E-2));
#1949=VERTEX_POINT('',#1948);
#1950=CARTESIAN_POINT('',(-6.132583562374E-1,9.381255278945E-1,-1.E-2));
#1951=VERTEX_POINT('',#1950);
#1952=CARTESIAN_POINT('',(-6.37275E-1,9.013340429187E-1,-1.E-2));
#1953=VERTEX_POINT('',#1952);
#1954=CARTESIAN_POINT('',(-6.492833562374E-1,8.522787296176E-1,-1.E-2));
#1955=VERTEX_POINT('',#1954);
#1956=CARTESIAN_POINT('',(-6.492833562374E-1,6.683212875605E-1,-1.E-2));
#1957=VERTEX_POINT('',#1956);
#1958=CARTESIAN_POINT('',(-6.37275E-1,6.192659742594E-1,-1.E-2));
#1959=VERTEX_POINT('',#1958);
#1960=CARTESIAN_POINT('',(-6.132583562374E-1,5.824744549274E-1,-1.E-2));
#1961=VERTEX_POINT('',#1960);
#1962=CARTESIAN_POINT('',(-5.772333562374E-1,5.579467982769E-1,-1.E-2));
#1963=VERTEX_POINT('',#1962);
#1964=CARTESIAN_POINT('',(-5.292E-1,5.456829699516E-1,-1.E-2));
#1965=VERTEX_POINT('',#1964);
#1966=CARTESIAN_POINT('',(-4.21125E-1,5.456829699516E-1,-1.E-2));
#1967=VERTEX_POINT('',#1966);
#1968=CARTESIAN_POINT('',(-3.730916437626E-1,5.579467982769E-1,-1.E-2));
#1969=VERTEX_POINT('',#1968);
#1970=CARTESIAN_POINT('',(-3.370666437626E-1,5.824744549274E-1,-1.E-2));
#1971=VERTEX_POINT('',#1970);
#1972=CARTESIAN_POINT('',(-3.250583562374E-1,6.192659742594E-1,-1.E-2));
#1973=VERTEX_POINT('',#1972);
#1974=CARTESIAN_POINT('',(-2.530083562374E-1,6.192659742594E-1,-1.E-2));
#1975=VERTEX_POINT('',#1974);
#1976=CARTESIAN_POINT('',(-2.650166437626E-1,5.579467982769E-1,-1.E-2));
#1977=VERTEX_POINT('',#1976);
#1978=CARTESIAN_POINT('',(-3.1305E-1,5.088914849758E-1,-1.E-2));
#1979=VERTEX_POINT('',#1978);
#1980=CARTESIAN_POINT('',(-3.610833562374E-1,4.843638283253E-1,-1.E-2));
#1981=VERTEX_POINT('',#1980);
#1982=CARTESIAN_POINT('',(-4.21125E-1,4.721E-1,-1.E-2));
#1983=VERTEX_POINT('',#1982);
#1984=CARTESIAN_POINT('',(-5.292E-1,4.721E-1,-1.E-2));
#1985=VERTEX_POINT('',#1984);
#1986=CARTESIAN_POINT('',(-5.892416437626E-1,4.843638283253E-1,-1.E-2));
#1987=VERTEX_POINT('',#1986);
#1988=CARTESIAN_POINT('',(-6.37275E-1,5.088914849758E-1,-1.E-2));
#1989=VERTEX_POINT('',#1988);
#1990=CARTESIAN_POINT('',(-6.853083218813E-1,5.579467982769E-1,-1.E-2));
#1991=VERTEX_POINT('',#1990);
#1992=CARTESIAN_POINT('',(-7.09325E-1,6.070021115780E-1,-1.E-2));
#1993=VERTEX_POINT('',#1992);
#1994=CARTESIAN_POINT('',(-7.213333218813E-1,6.683212875605E-1,-1.E-2));
#1995=VERTEX_POINT('',#1994);
#1996=CARTESIAN_POINT('',(-7.213333218813E-1,8.522787296176E-1,-1.E-2));
#1997=VERTEX_POINT('',#1996);
#1998=CARTESIAN_POINT('',(-7.09325E-1,9.135978712440E-1,-1.E-2));
#1999=VERTEX_POINT('',#1998);
#2000=CARTESIAN_POINT('',(-6.853083218813E-1,9.626531931341E-1,-1.E-2));
#2001=VERTEX_POINT('',#2000);
#2002=CARTESIAN_POINT('',(-6.37275E-1,1.011708510730E0,-1.E-2));
#2003=VERTEX_POINT('',#2002);
#2004=CARTESIAN_POINT('',(-5.892416437626E-1,1.036236170601E0,-1.E-2));
#2005=VERTEX_POINT('',#2004);
#2006=CARTESIAN_POINT('',(-5.292E-1,1.0485E0,-1.E-2));
#2007=VERTEX_POINT('',#2006);
#2008=CARTESIAN_POINT('',(-4.21125E-1,1.0485E0,-1.E-2));
#2009=VERTEX_POINT('',#2008);
#2010=CARTESIAN_POINT('',(-3.610833562374E-1,1.036236170601E0,-1.E-2));
#2011=VERTEX_POINT('',#2010);
#2012=CARTESIAN_POINT('',(-3.1305E-1,1.011708510730E0,-1.E-2));
#2013=VERTEX_POINT('',#2012);
#2014=CARTESIAN_POINT('',(-2.650166437626E-1,9.626531931341E-1,-1.E-2));
#2015=VERTEX_POINT('',#2014);
#2016=CARTESIAN_POINT('',(2.753582875252E-1,9.749170214593E-1,-1.E-2));
#2017=CARTESIAN_POINT('',(-8.489171247482E-2,9.749170214593E-1,-1.E-2));
#2018=VERTEX_POINT('',#2016);
#2019=VERTEX_POINT('',#2017);
#2020=CARTESIAN_POINT('',(-8.489171247482E-2,7.786957424879E-1,-1.E-2));
#2021=VERTEX_POINT('',#2020);
#2022=CARTESIAN_POINT('',(2.27325E-1,7.786957424879E-1,-1.E-2));
#2023=VERTEX_POINT('',#2022);
#2024=CARTESIAN_POINT('',(2.27325E-1,7.051127725363E-1,-1.E-2));
#2025=VERTEX_POINT('',#2024);
#2026=CARTESIAN_POINT('',(-8.489171247482E-2,7.051127725363E-1,-1.E-2));
#2027=VERTEX_POINT('',#2026);
#2028=CARTESIAN_POINT('',(-8.489171247482E-2,5.456829699516E-1,-1.E-2));
#2029=VERTEX_POINT('',#2028);
#2030=CARTESIAN_POINT('',(2.753582875252E-1,5.456829699516E-1,-1.E-2));
#2031=VERTEX_POINT('',#2030);
#2032=CARTESIAN_POINT('',(2.753582875252E-1,4.721E-1,-1.E-2));
#2033=VERTEX_POINT('',#2032);
#2034=CARTESIAN_POINT('',(-1.569416437626E-1,4.721E-1,-1.E-2));
#2035=VERTEX_POINT('',#2034);
#2036=CARTESIAN_POINT('',(-1.569416437626E-1,1.0485E0,-1.E-2));
#2037=VERTEX_POINT('',#2036);
#2038=CARTESIAN_POINT('',(2.753582875252E-1,1.0485E0,-1.E-2));
#2039=VERTEX_POINT('',#2038);
#2040=CARTESIAN_POINT('',(6.59625E-1,4.721E-1,-1.E-2));
#2041=CARTESIAN_POINT('',(3.71425E-1,4.721E-1,-1.E-2));
#2042=VERTEX_POINT('',#2040);
#2043=VERTEX_POINT('',#2041);
#2044=CARTESIAN_POINT('',(3.71425E-1,1.0485E0,-1.E-2));
#2045=VERTEX_POINT('',#2044);
#2046=CARTESIAN_POINT('',(6.59625E-1,1.0485E0,-1.E-2));
#2047=VERTEX_POINT('',#2046);
#2048=CARTESIAN_POINT('',(7.196667124748E-1,1.036236170601E0,-1.E-2));
#2049=VERTEX_POINT('',#2048);
#2050=CARTESIAN_POINT('',(7.677E-1,1.011708510730E0,-1.E-2));
#2051=VERTEX_POINT('',#2050);
#2052=CARTESIAN_POINT('',(8.157332875252E-1,9.626531931341E-1,-1.E-2));
#2053=VERTEX_POINT('',#2052);
#2054=CARTESIAN_POINT('',(8.3975E-1,9.135978712440E-1,-1.E-2));
#2055=VERTEX_POINT('',#2054);
#2056=CARTESIAN_POINT('',(8.517582875252E-1,8.522787296176E-1,-1.E-2));
#2057=VERTEX_POINT('',#2056);
#2058=CARTESIAN_POINT('',(8.517582875252E-1,6.683212875605E-1,-1.E-2));
#2059=VERTEX_POINT('',#2058);
#2060=CARTESIAN_POINT('',(8.3975E-1,6.070021115780E-1,-1.E-2));
#2061=VERTEX_POINT('',#2060);
#2062=CARTESIAN_POINT('',(8.157332875252E-1,5.579467982769E-1,-1.E-2));
#2063=VERTEX_POINT('',#2062);
#2064=CARTESIAN_POINT('',(7.677E-1,5.088914849758E-1,-1.E-2));
#2065=VERTEX_POINT('',#2064);
#2066=CARTESIAN_POINT('',(7.196667124748E-1,4.843638283253E-1,-1.E-2));
#2067=VERTEX_POINT('',#2066);
#2068=CARTESIAN_POINT('',(4.43475E-1,5.456829699516E-1,-1.E-2));
#2069=CARTESIAN_POINT('',(6.59625E-1,5.456829699516E-1,-1.E-2));
#2070=VERTEX_POINT('',#2068);
#2071=VERTEX_POINT('',#2069);
#2072=CARTESIAN_POINT('',(7.076582875252E-1,5.579467982769E-1,-1.E-2));
#2073=VERTEX_POINT('',#2072);
#2074=CARTESIAN_POINT('',(7.436832875252E-1,5.824744549274E-1,-1.E-2));
#2075=VERTEX_POINT('',#2074);
#2076=CARTESIAN_POINT('',(7.677E-1,6.192659742594E-1,-1.E-2));
#2077=VERTEX_POINT('',#2076);
#2078=CARTESIAN_POINT('',(7.797082875252E-1,6.683212875605E-1,-1.E-2));
#2079=VERTEX_POINT('',#2078);
#2080=CARTESIAN_POINT('',(7.797082875252E-1,8.522787296176E-1,-1.E-2));
#2081=VERTEX_POINT('',#2080);
#2082=CARTESIAN_POINT('',(7.677E-1,9.013340429187E-1,-1.E-2));
#2083=VERTEX_POINT('',#2082);
#2084=CARTESIAN_POINT('',(7.436832875252E-1,9.381255278945E-1,-1.E-2));
#2085=VERTEX_POINT('',#2084);
#2086=CARTESIAN_POINT('',(7.076582875252E-1,9.626531931341E-1,-1.E-2));
#2087=VERTEX_POINT('',#2086);
#2088=CARTESIAN_POINT('',(6.59625E-1,9.749170214593E-1,-1.E-2));
#2089=VERTEX_POINT('',#2088);
#2090=CARTESIAN_POINT('',(4.43475E-1,9.749170214593E-1,-1.E-2));
#2091=VERTEX_POINT('',#2090);
#2092=CARTESIAN_POINT('',(1.236025E0,4.721E-1,-1.E-2));
#2093=CARTESIAN_POINT('',(1.139958424950E0,4.721E-1,-1.E-2));
#2094=VERTEX_POINT('',#2092);
#2095=VERTEX_POINT('',#2093);
#2096=CARTESIAN_POINT('',(9.47825E-1,1.0485E0,-1.E-2));
#2097=VERTEX_POINT('',#2096);
#2098=CARTESIAN_POINT('',(1.019875E0,1.0485E0,-1.E-2));
#2099=VERTEX_POINT('',#2098);
#2100=CARTESIAN_POINT('',(1.067908424950E0,9.013340429187E-1,-1.E-2));
#2101=VERTEX_POINT('',#2100);
#2102=CARTESIAN_POINT('',(1.308075E0,9.013340429187E-1,-1.E-2));
#2103=VERTEX_POINT('',#2102);
#2104=CARTESIAN_POINT('',(1.356108424950E0,1.0485E0,-1.E-2));
#2105=VERTEX_POINT('',#2104);
#2106=CARTESIAN_POINT('',(1.428158424950E0,1.0485E0,-1.E-2));
#2107=VERTEX_POINT('',#2106);
#2108=CARTESIAN_POINT('',(1.187991575050E0,5.211553133011E-1,-1.E-2));
#2109=CARTESIAN_POINT('',(1.296066575050E0,8.522787296176E-1,-1.E-2));
#2110=VERTEX_POINT('',#2108);
#2111=VERTEX_POINT('',#2109);
#2112=CARTESIAN_POINT('',(1.079916575050E0,8.522787296176E-1,-1.E-2));
#2113=VERTEX_POINT('',#2112);
#2114=CARTESIAN_POINT('',(-1.2497E0,4.721E-1,0.E0));
#2115=CARTESIAN_POINT('',(-1.2497E0,1.0485E0,0.E0));
#2116=VERTEX_POINT('',#2114);
#2117=VERTEX_POINT('',#2115);
#2118=CARTESIAN_POINT('',(-8.174E-1,1.0485E0,0.E0));
#2119=VERTEX_POINT('',#2118);
#2120=CARTESIAN_POINT('',(-8.174E-1,9.749170214593E-1,0.E0));
#2121=VERTEX_POINT('',#2120);
#2122=CARTESIAN_POINT('',(-1.17765E0,9.749170214593E-1,0.E0));
#2123=VERTEX_POINT('',#2122);
#2124=CARTESIAN_POINT('',(-1.17765E0,4.721E-1,0.E0));
#2125=VERTEX_POINT('',#2124);
#2126=CARTESIAN_POINT('',(-2.530083562374E-1,9.013340429187E-1,0.E0));
#2127=CARTESIAN_POINT('',(-3.250583562374E-1,9.013340429187E-1,0.E0));
#2128=VERTEX_POINT('',#2126);
#2129=VERTEX_POINT('',#2127);
#2130=CARTESIAN_POINT('',(-3.370666437626E-1,9.381255278945E-1,0.E0));
#2131=VERTEX_POINT('',#2130);
#2132=CARTESIAN_POINT('',(-3.730916437626E-1,9.626531931341E-1,0.E0));
#2133=VERTEX_POINT('',#2132);
#2134=CARTESIAN_POINT('',(-4.21125E-1,9.749170214593E-1,0.E0));
#2135=VERTEX_POINT('',#2134);
#2136=CARTESIAN_POINT('',(-5.292E-1,9.749170214593E-1,0.E0));
#2137=VERTEX_POINT('',#2136);
#2138=CARTESIAN_POINT('',(-5.772333562374E-1,9.626531931341E-1,0.E0));
#2139=VERTEX_POINT('',#2138);
#2140=CARTESIAN_POINT('',(-6.132583562374E-1,9.381255278945E-1,0.E0));
#2141=VERTEX_POINT('',#2140);
#2142=CARTESIAN_POINT('',(-6.37275E-1,9.013340429187E-1,0.E0));
#2143=VERTEX_POINT('',#2142);
#2144=CARTESIAN_POINT('',(-6.492833562374E-1,8.522787296176E-1,0.E0));
#2145=VERTEX_POINT('',#2144);
#2146=CARTESIAN_POINT('',(-6.492833562374E-1,6.683212875605E-1,0.E0));
#2147=VERTEX_POINT('',#2146);
#2148=CARTESIAN_POINT('',(-6.37275E-1,6.192659742594E-1,0.E0));
#2149=VERTEX_POINT('',#2148);
#2150=CARTESIAN_POINT('',(-6.132583562374E-1,5.824744549274E-1,0.E0));
#2151=VERTEX_POINT('',#2150);
#2152=CARTESIAN_POINT('',(-5.772333562374E-1,5.579467982769E-1,0.E0));
#2153=VERTEX_POINT('',#2152);
#2154=CARTESIAN_POINT('',(-5.292E-1,5.456829699516E-1,0.E0));
#2155=VERTEX_POINT('',#2154);
#2156=CARTESIAN_POINT('',(-4.21125E-1,5.456829699516E-1,0.E0));
#2157=VERTEX_POINT('',#2156);
#2158=CARTESIAN_POINT('',(-3.730916437626E-1,5.579467982769E-1,0.E0));
#2159=VERTEX_POINT('',#2158);
#2160=CARTESIAN_POINT('',(-3.370666437626E-1,5.824744549274E-1,0.E0));
#2161=VERTEX_POINT('',#2160);
#2162=CARTESIAN_POINT('',(-3.250583562374E-1,6.192659742594E-1,0.E0));
#2163=VERTEX_POINT('',#2162);
#2164=CARTESIAN_POINT('',(-2.530083562374E-1,6.192659742594E-1,0.E0));
#2165=VERTEX_POINT('',#2164);
#2166=CARTESIAN_POINT('',(-2.650166437626E-1,5.579467982769E-1,0.E0));
#2167=VERTEX_POINT('',#2166);
#2168=CARTESIAN_POINT('',(-3.1305E-1,5.088914849758E-1,0.E0));
#2169=VERTEX_POINT('',#2168);
#2170=CARTESIAN_POINT('',(-3.610833562374E-1,4.843638283253E-1,0.E0));
#2171=VERTEX_POINT('',#2170);
#2172=CARTESIAN_POINT('',(-4.21125E-1,4.721E-1,0.E0));
#2173=VERTEX_POINT('',#2172);
#2174=CARTESIAN_POINT('',(-5.292E-1,4.721E-1,0.E0));
#2175=VERTEX_POINT('',#2174);
#2176=CARTESIAN_POINT('',(-5.892416437626E-1,4.843638283253E-1,0.E0));
#2177=VERTEX_POINT('',#2176);
#2178=CARTESIAN_POINT('',(-6.37275E-1,5.088914849758E-1,0.E0));
#2179=VERTEX_POINT('',#2178);
#2180=CARTESIAN_POINT('',(-6.853083218813E-1,5.579467982769E-1,0.E0));
#2181=VERTEX_POINT('',#2180);
#2182=CARTESIAN_POINT('',(-7.09325E-1,6.070021115780E-1,0.E0));
#2183=VERTEX_POINT('',#2182);
#2184=CARTESIAN_POINT('',(-7.213333218813E-1,6.683212875605E-1,0.E0));
#2185=VERTEX_POINT('',#2184);
#2186=CARTESIAN_POINT('',(-7.213333218813E-1,8.522787296176E-1,0.E0));
#2187=VERTEX_POINT('',#2186);
#2188=CARTESIAN_POINT('',(-7.09325E-1,9.135978712440E-1,0.E0));
#2189=VERTEX_POINT('',#2188);
#2190=CARTESIAN_POINT('',(-6.853083218813E-1,9.626531931341E-1,0.E0));
#2191=VERTEX_POINT('',#2190);
#2192=CARTESIAN_POINT('',(-6.37275E-1,1.011708510730E0,0.E0));
#2193=VERTEX_POINT('',#2192);
#2194=CARTESIAN_POINT('',(-5.892416437626E-1,1.036236170601E0,0.E0));
#2195=VERTEX_POINT('',#2194);
#2196=CARTESIAN_POINT('',(-5.292E-1,1.0485E0,0.E0));
#2197=VERTEX_POINT('',#2196);
#2198=CARTESIAN_POINT('',(-4.21125E-1,1.0485E0,0.E0));
#2199=VERTEX_POINT('',#2198);
#2200=CARTESIAN_POINT('',(-3.610833562374E-1,1.036236170601E0,0.E0));
#2201=VERTEX_POINT('',#2200);
#2202=CARTESIAN_POINT('',(-3.1305E-1,1.011708510730E0,0.E0));
#2203=VERTEX_POINT('',#2202);
#2204=CARTESIAN_POINT('',(-2.650166437626E-1,9.626531931341E-1,0.E0));
#2205=VERTEX_POINT('',#2204);
#2206=CARTESIAN_POINT('',(2.753582875252E-1,9.749170214593E-1,0.E0));
#2207=CARTESIAN_POINT('',(-8.489171247482E-2,9.749170214593E-1,0.E0));
#2208=VERTEX_POINT('',#2206);
#2209=VERTEX_POINT('',#2207);
#2210=CARTESIAN_POINT('',(-8.489171247482E-2,7.786957424879E-1,0.E0));
#2211=VERTEX_POINT('',#2210);
#2212=CARTESIAN_POINT('',(2.27325E-1,7.786957424879E-1,0.E0));
#2213=VERTEX_POINT('',#2212);
#2214=CARTESIAN_POINT('',(2.27325E-1,7.051127725363E-1,0.E0));
#2215=VERTEX_POINT('',#2214);
#2216=CARTESIAN_POINT('',(-8.489171247482E-2,7.051127725363E-1,0.E0));
#2217=VERTEX_POINT('',#2216);
#2218=CARTESIAN_POINT('',(-8.489171247482E-2,5.456829699516E-1,0.E0));
#2219=VERTEX_POINT('',#2218);
#2220=CARTESIAN_POINT('',(2.753582875252E-1,5.456829699516E-1,0.E0));
#2221=VERTEX_POINT('',#2220);
#2222=CARTESIAN_POINT('',(2.753582875252E-1,4.721E-1,0.E0));
#2223=VERTEX_POINT('',#2222);
#2224=CARTESIAN_POINT('',(-1.569416437626E-1,4.721E-1,0.E0));
#2225=VERTEX_POINT('',#2224);
#2226=CARTESIAN_POINT('',(-1.569416437626E-1,1.0485E0,0.E0));
#2227=VERTEX_POINT('',#2226);
#2228=CARTESIAN_POINT('',(2.753582875252E-1,1.0485E0,0.E0));
#2229=VERTEX_POINT('',#2228);
#2230=CARTESIAN_POINT('',(6.59625E-1,4.721E-1,0.E0));
#2231=CARTESIAN_POINT('',(3.71425E-1,4.721E-1,0.E0));
#2232=VERTEX_POINT('',#2230);
#2233=VERTEX_POINT('',#2231);
#2234=CARTESIAN_POINT('',(3.71425E-1,1.0485E0,0.E0));
#2235=VERTEX_POINT('',#2234);
#2236=CARTESIAN_POINT('',(6.59625E-1,1.0485E0,0.E0));
#2237=VERTEX_POINT('',#2236);
#2238=CARTESIAN_POINT('',(7.196667124748E-1,1.036236170601E0,0.E0));
#2239=VERTEX_POINT('',#2238);
#2240=CARTESIAN_POINT('',(7.677E-1,1.011708510730E0,0.E0));
#2241=VERTEX_POINT('',#2240);
#2242=CARTESIAN_POINT('',(8.157332875252E-1,9.626531931341E-1,0.E0));
#2243=VERTEX_POINT('',#2242);
#2244=CARTESIAN_POINT('',(8.3975E-1,9.135978712440E-1,0.E0));
#2245=VERTEX_POINT('',#2244);
#2246=CARTESIAN_POINT('',(8.517582875252E-1,8.522787296176E-1,0.E0));
#2247=VERTEX_POINT('',#2246);
#2248=CARTESIAN_POINT('',(8.517582875252E-1,6.683212875605E-1,0.E0));
#2249=VERTEX_POINT('',#2248);
#2250=CARTESIAN_POINT('',(8.3975E-1,6.070021115780E-1,0.E0));
#2251=VERTEX_POINT('',#2250);
#2252=CARTESIAN_POINT('',(8.157332875252E-1,5.579467982769E-1,0.E0));
#2253=VERTEX_POINT('',#2252);
#2254=CARTESIAN_POINT('',(7.677E-1,5.088914849758E-1,0.E0));
#2255=VERTEX_POINT('',#2254);
#2256=CARTESIAN_POINT('',(7.196667124748E-1,4.843638283253E-1,0.E0));
#2257=VERTEX_POINT('',#2256);
#2258=CARTESIAN_POINT('',(4.43475E-1,5.456829699516E-1,0.E0));
#2259=CARTESIAN_POINT('',(6.59625E-1,5.456829699516E-1,0.E0));
#2260=VERTEX_POINT('',#2258);
#2261=VERTEX_POINT('',#2259);
#2262=CARTESIAN_POINT('',(7.076582875252E-1,5.579467982769E-1,0.E0));
#2263=VERTEX_POINT('',#2262);
#2264=CARTESIAN_POINT('',(7.436832875252E-1,5.824744549274E-1,0.E0));
#2265=VERTEX_POINT('',#2264);
#2266=CARTESIAN_POINT('',(7.677E-1,6.192659742594E-1,0.E0));
#2267=VERTEX_POINT('',#2266);
#2268=CARTESIAN_POINT('',(7.797082875252E-1,6.683212875605E-1,0.E0));
#2269=VERTEX_POINT('',#2268);
#2270=CARTESIAN_POINT('',(7.797082875252E-1,8.522787296176E-1,0.E0));
#2271=VERTEX_POINT('',#2270);
#2272=CARTESIAN_POINT('',(7.677E-1,9.013340429187E-1,0.E0));
#2273=VERTEX_POINT('',#2272);
#2274=CARTESIAN_POINT('',(7.436832875252E-1,9.381255278945E-1,0.E0));
#2275=VERTEX_POINT('',#2274);
#2276=CARTESIAN_POINT('',(7.076582875252E-1,9.626531931341E-1,0.E0));
#2277=VERTEX_POINT('',#2276);
#2278=CARTESIAN_POINT('',(6.59625E-1,9.749170214593E-1,0.E0));
#2279=VERTEX_POINT('',#2278);
#2280=CARTESIAN_POINT('',(4.43475E-1,9.749170214593E-1,0.E0));
#2281=VERTEX_POINT('',#2280);
#2282=CARTESIAN_POINT('',(1.236025E0,4.721E-1,0.E0));
#2283=CARTESIAN_POINT('',(1.139958424950E0,4.721E-1,0.E0));
#2284=VERTEX_POINT('',#2282);
#2285=VERTEX_POINT('',#2283);
#2286=CARTESIAN_POINT('',(9.47825E-1,1.0485E0,0.E0));
#2287=VERTEX_POINT('',#2286);
#2288=CARTESIAN_POINT('',(1.019875E0,1.0485E0,0.E0));
#2289=VERTEX_POINT('',#2288);
#2290=CARTESIAN_POINT('',(1.067908424950E0,9.013340429187E-1,0.E0));
#2291=VERTEX_POINT('',#2290);
#2292=CARTESIAN_POINT('',(1.308075E0,9.013340429187E-1,0.E0));
#2293=VERTEX_POINT('',#2292);
#2294=CARTESIAN_POINT('',(1.356108424950E0,1.0485E0,0.E0));
#2295=VERTEX_POINT('',#2294);
#2296=CARTESIAN_POINT('',(1.428158424950E0,1.0485E0,0.E0));
#2297=VERTEX_POINT('',#2296);
#2298=CARTESIAN_POINT('',(1.187991575050E0,5.211553133011E-1,0.E0));
#2299=CARTESIAN_POINT('',(1.296066575050E0,8.522787296176E-1,0.E0));
#2300=VERTEX_POINT('',#2298);
#2301=VERTEX_POINT('',#2299);
#2302=CARTESIAN_POINT('',(1.079916575050E0,8.522787296176E-1,0.E0));
#2303=VERTEX_POINT('',#2302);
#2304=CARTESIAN_POINT('',(-3.E0,1.5E0,6.756199516330E0));
#2305=CARTESIAN_POINT('',(-2.6164E0,1.5E0,7.1E0));
#2306=VERTEX_POINT('',#2304);
#2307=VERTEX_POINT('',#2305);
#2308=CARTESIAN_POINT('',(-2.421553602992E0,1.5E0,6.7428E0));
#2309=VERTEX_POINT('',#2308);
#2310=CARTESIAN_POINT('',(-2.093884391015E0,1.5E0,7.1E0));
#2311=VERTEX_POINT('',#2310);
#2312=CARTESIAN_POINT('',(-1.821127031165E0,1.5E0,6.7818E0));
#2313=VERTEX_POINT('',#2312);
#2314=CARTESIAN_POINT('',(-1.562270909226E0,1.5E0,7.1E0));
#2315=VERTEX_POINT('',#2314);
#2316=CARTESIAN_POINT('',(-1.267569110857E0,1.5E0,6.756199516330E0));
#2317=VERTEX_POINT('',#2316);
#2318=CARTESIAN_POINT('',(-9.878869615059E-1,1.5E0,7.1E0));
#2319=VERTEX_POINT('',#2318);
#2320=CARTESIAN_POINT('',(-6.931851631367E-1,1.5E0,6.756199516330E0));
#2321=VERTEX_POINT('',#2320);
#2322=CARTESIAN_POINT('',(-4.047513820652E-1,1.5E0,7.1E0));
#2323=VERTEX_POINT('',#2322);
#2324=CARTESIAN_POINT('',(0.E0,1.5E0,6.648393217767E0));
#2325=VERTEX_POINT('',#2324);
#2326=CARTESIAN_POINT('',(-3.E0,-1.5E0,6.756199516330E0));
#2327=VERTEX_POINT('',#2326);
#2328=CARTESIAN_POINT('',(-2.6164E0,-1.5E0,7.1E0));
#2329=VERTEX_POINT('',#2328);
#2330=CARTESIAN_POINT('',(-2.421553602992E0,-1.5E0,6.7428E0));
#2331=VERTEX_POINT('',#2330);
#2332=CARTESIAN_POINT('',(-2.093884391015E0,-1.5E0,7.1E0));
#2333=VERTEX_POINT('',#2332);
#2334=CARTESIAN_POINT('',(-1.821127031165E0,-1.5E0,6.7818E0));
#2335=VERTEX_POINT('',#2334);
#2336=CARTESIAN_POINT('',(-1.562270909226E0,-1.5E0,7.1E0));
#2337=VERTEX_POINT('',#2336);
#2338=CARTESIAN_POINT('',(-1.267569110857E0,-1.5E0,6.756199516330E0));
#2339=VERTEX_POINT('',#2338);
#2340=CARTESIAN_POINT('',(-9.878869615059E-1,-1.5E0,7.1E0));
#2341=VERTEX_POINT('',#2340);
#2342=CARTESIAN_POINT('',(-6.931851631367E-1,-1.5E0,6.756199516330E0));
#2343=VERTEX_POINT('',#2342);
#2344=CARTESIAN_POINT('',(-4.047513820652E-1,-1.5E0,7.1E0));
#2345=VERTEX_POINT('',#2344);
#2346=CARTESIAN_POINT('',(0.E0,-1.5E0,6.648393217767E0));
#2347=VERTEX_POINT('',#2346);
#2348=CARTESIAN_POINT('',(-5.892416437626E-1,1.036236170601E0,0.E0));
#2349=DIRECTION('',(-2.001234451615E-1,9.797706908745E-1,0.E0));
#2350=DIRECTION('',(9.797706908745E-1,2.001234451615E-1,0.E0));
#2351=AXIS2_PLACEMENT_3D('',#2348,#2349,#2350);
#2352=PLANE('',#2351);
#2354=ORIENTED_EDGE('',*,*,#2353,.F.);
#2356=ORIENTED_EDGE('',*,*,#2355,.T.);
#2358=ORIENTED_EDGE('',*,*,#2357,.T.);
#2360=ORIENTED_EDGE('',*,*,#2359,.F.);
#2361=EDGE_LOOP('',(#2354,#2356,#2358,#2360));
#2362=FACE_OUTER_BOUND('',#2361,.F.);
#2363=ADVANCED_FACE('',(#2362),#2352,.T.);
#2364=FILL_AREA_STYLE_COLOUR('',#5);
#2365=FILL_AREA_STYLE('',(#2364));
#2366=SURFACE_STYLE_FILL_AREA(#2365);
#2367=SURFACE_SIDE_STYLE('',(#2366));
#2368=SURFACE_STYLE_USAGE(.POSITIVE.,#2367);
#2369=PRESENTATION_STYLE_ASSIGNMENT((#2368));
#2370=STYLED_ITEM('',(#2369),#2363);
#2371=CARTESIAN_POINT('',(0.E0,0.E0,0.E0));
#2372=DIRECTION('',(0.E0,0.E0,1.E0));
#2373=DIRECTION('',(1.E0,0.E0,0.E0));
#2374=AXIS2_PLACEMENT_3D('',#2371,#2372,#2373);
#2375=PLANE('',#2374);
#2377=ORIENTED_EDGE('',*,*,#2376,.F.);
#2379=ORIENTED_EDGE('',*,*,#2378,.T.);
#2381=ORIENTED_EDGE('',*,*,#2380,.T.);
#2383=ORIENTED_EDGE('',*,*,#2382,.F.);
#2385=ORIENTED_EDGE('',*,*,#2384,.F.);
#2387=ORIENTED_EDGE('',*,*,#2386,.T.);
#2389=ORIENTED_EDGE('',*,*,#2388,.T.);
#2391=ORIENTED_EDGE('',*,*,#2390,.T.);
#2393=ORIENTED_EDGE('',*,*,#2392,.T.);
#2395=ORIENTED_EDGE('',*,*,#2394,.F.);
#2397=ORIENTED_EDGE('',*,*,#2396,.F.);
#2399=ORIENTED_EDGE('',*,*,#2398,.T.);
#2401=ORIENTED_EDGE('',*,*,#2400,.T.);
#2403=ORIENTED_EDGE('',*,*,#2402,.F.);
#2405=ORIENTED_EDGE('',*,*,#2404,.F.);
#2407=ORIENTED_EDGE('',*,*,#2406,.T.);
#2409=ORIENTED_EDGE('',*,*,#2408,.T.);
#2411=ORIENTED_EDGE('',*,*,#2410,.T.);
#2413=ORIENTED_EDGE('',*,*,#2412,.T.);
#2415=ORIENTED_EDGE('',*,*,#2414,.F.);
#2416=EDGE_LOOP('',(#2377,#2379,#2381,#2383,#2385,#2387,#2389,#2391,#2393,#2395,
#2397,#2399,#2401,#2403,#2405,#2407,#2409,#2411,#2413,#2415));
#2417=FACE_OUTER_BOUND('',#2416,.F.);
#2419=ORIENTED_EDGE('',*,*,#2418,.T.);
#2421=ORIENTED_EDGE('',*,*,#2420,.T.);
#2423=ORIENTED_EDGE('',*,*,#2422,.T.);
#2425=ORIENTED_EDGE('',*,*,#2424,.T.);
#2426=EDGE_LOOP('',(#2419,#2421,#2423,#2425));
#2427=FACE_BOUND('',#2426,.F.);
#2429=ORIENTED_EDGE('',*,*,#2428,.T.);
#2431=ORIENTED_EDGE('',*,*,#2430,.T.);
#2433=ORIENTED_EDGE('',*,*,#2432,.T.);
#2435=ORIENTED_EDGE('',*,*,#2434,.T.);
#2436=EDGE_LOOP('',(#2429,#2431,#2433,#2435));
#2437=FACE_BOUND('',#2436,.F.);
#2439=ORIENTED_EDGE('',*,*,#2438,.T.);
#2441=ORIENTED_EDGE('',*,*,#2440,.T.);
#2443=ORIENTED_EDGE('',*,*,#2442,.T.);
#2445=ORIENTED_EDGE('',*,*,#2444,.T.);
#2446=EDGE_LOOP('',(#2439,#2441,#2443,#2445));
#2447=FACE_BOUND('',#2446,.F.);
#2449=ORIENTED_EDGE('',*,*,#2448,.T.);
#2451=ORIENTED_EDGE('',*,*,#2450,.T.);
#2453=ORIENTED_EDGE('',*,*,#2452,.T.);
#2455=ORIENTED_EDGE('',*,*,#2454,.T.);
#2457=ORIENTED_EDGE('',*,*,#2456,.T.);
#2459=ORIENTED_EDGE('',*,*,#2458,.T.);
#2460=EDGE_LOOP('',(#2449,#2451,#2453,#2455,#2457,#2459));
#2461=FACE_BOUND('',#2460,.F.);
#2463=ORIENTED_EDGE('',*,*,#2462,.T.);
#2465=ORIENTED_EDGE('',*,*,#2464,.T.);
#2467=ORIENTED_EDGE('',*,*,#2466,.T.);
#2469=ORIENTED_EDGE('',*,*,#2468,.T.);
#2471=ORIENTED_EDGE('',*,*,#2470,.T.);
#2473=ORIENTED_EDGE('',*,*,#2472,.T.);
#2475=ORIENTED_EDGE('',*,*,#2474,.T.);
#2477=ORIENTED_EDGE('',*,*,#2476,.T.);
#2479=ORIENTED_EDGE('',*,*,#2478,.T.);
#2481=ORIENTED_EDGE('',*,*,#2480,.T.);
#2483=ORIENTED_EDGE('',*,*,#2482,.T.);
#2485=ORIENTED_EDGE('',*,*,#2484,.T.);
#2487=ORIENTED_EDGE('',*,*,#2486,.T.);
#2489=ORIENTED_EDGE('',*,*,#2488,.T.);
#2491=ORIENTED_EDGE('',*,*,#2490,.T.);
#2493=ORIENTED_EDGE('',*,*,#2492,.T.);
#2495=ORIENTED_EDGE('',*,*,#2494,.T.);
#2497=ORIENTED_EDGE('',*,*,#2496,.T.);
#2499=ORIENTED_EDGE('',*,*,#2498,.T.);
#2501=ORIENTED_EDGE('',*,*,#2500,.T.);
#2503=ORIENTED_EDGE('',*,*,#2502,.T.);
#2505=ORIENTED_EDGE('',*,*,#2504,.T.);
#2507=ORIENTED_EDGE('',*,*,#2506,.T.);
#2509=ORIENTED_EDGE('',*,*,#2508,.T.);
#2511=ORIENTED_EDGE('',*,*,#2510,.T.);
#2513=ORIENTED_EDGE('',*,*,#2512,.T.);
#2515=ORIENTED_EDGE('',*,*,#2514,.T.);
#2517=ORIENTED_EDGE('',*,*,#2516,.T.);
#2519=ORIENTED_EDGE('',*,*,#2518,.T.);
#2521=ORIENTED_EDGE('',*,*,#2520,.T.);
#2523=ORIENTED_EDGE('',*,*,#2522,.T.);
#2525=ORIENTED_EDGE('',*,*,#2524,.T.);
#2527=ORIENTED_EDGE('',*,*,#2526,.T.);
#2529=ORIENTED_EDGE('',*,*,#2528,.T.);
#2530=ORIENTED_EDGE('',*,*,#2353,.T.);
#2532=ORIENTED_EDGE('',*,*,#2531,.T.);
#2534=ORIENTED_EDGE('',*,*,#2533,.T.);
#2536=ORIENTED_EDGE('',*,*,#2535,.T.);
#2538=ORIENTED_EDGE('',*,*,#2537,.T.);
#2540=ORIENTED_EDGE('',*,*,#2539,.T.);
#2541=EDGE_LOOP('',(#2463,#2465,#2467,#2469,#2471,#2473,#2475,#2477,#2479,#2481,
#2483,#2485,#2487,#2489,#2491,#2493,#2495,#2497,#2499,#2501,#2503,#2505,#2507,
#2509,#2511,#2513,#2515,#2517,#2519,#2521,#2523,#2525,#2527,#2529,#2530,#2532,
#2534,#2536,#2538,#2540));
#2542=FACE_BOUND('',#2541,.F.);
#2544=ORIENTED_EDGE('',*,*,#2543,.T.);
#2546=ORIENTED_EDGE('',*,*,#2545,.T.);
#2548=ORIENTED_EDGE('',*,*,#2547,.T.);
#2550=ORIENTED_EDGE('',*,*,#2549,.T.);
#2552=ORIENTED_EDGE('',*,*,#2551,.T.);
#2554=ORIENTED_EDGE('',*,*,#2553,.T.);
#2556=ORIENTED_EDGE('',*,*,#2555,.T.);
#2558=ORIENTED_EDGE('',*,*,#2557,.T.);
#2560=ORIENTED_EDGE('',*,*,#2559,.T.);
#2562=ORIENTED_EDGE('',*,*,#2561,.T.);
#2564=ORIENTED_EDGE('',*,*,#2563,.T.);
#2566=ORIENTED_EDGE('',*,*,#2565,.T.);
#2567=EDGE_LOOP('',(#2544,#2546,#2548,#2550,#2552,#2554,#2556,#2558,#2560,#2562,
#2564,#2566));
#2568=FACE_BOUND('',#2567,.F.);
#2570=ORIENTED_EDGE('',*,*,#2569,.T.);
#2572=ORIENTED_EDGE('',*,*,#2571,.T.);
#2574=ORIENTED_EDGE('',*,*,#2573,.T.);
#2576=ORIENTED_EDGE('',*,*,#2575,.T.);
#2578=ORIENTED_EDGE('',*,*,#2577,.T.);
#2580=ORIENTED_EDGE('',*,*,#2579,.T.);
#2582=ORIENTED_EDGE('',*,*,#2581,.T.);
#2584=ORIENTED_EDGE('',*,*,#2583,.T.);
#2586=ORIENTED_EDGE('',*,*,#2585,.T.);
#2588=ORIENTED_EDGE('',*,*,#2587,.T.);
#2590=ORIENTED_EDGE('',*,*,#2589,.T.);
#2592=ORIENTED_EDGE('',*,*,#2591,.T.);
#2594=ORIENTED_EDGE('',*,*,#2593,.T.);
#2596=ORIENTED_EDGE('',*,*,#2595,.T.);
#2597=EDGE_LOOP('',(#2570,#2572,#2574,#2576,#2578,#2580,#2582,#2584,#2586,#2588,
#2590,#2592,#2594,#2596));
#2598=FACE_BOUND('',#2597,.F.);
#2600=ORIENTED_EDGE('',*,*,#2599,.T.);
#2602=ORIENTED_EDGE('',*,*,#2601,.T.);
#2604=ORIENTED_EDGE('',*,*,#2603,.T.);
#2606=ORIENTED_EDGE('',*,*,#2605,.T.);
#2608=ORIENTED_EDGE('',*,*,#2607,.T.);
#2610=ORIENTED_EDGE('',*,*,#2609,.T.);
#2612=ORIENTED_EDGE('',*,*,#2611,.T.);
#2614=ORIENTED_EDGE('',*,*,#2613,.T.);
#2615=EDGE_LOOP('',(#2600,#2602,#2604,#2606,#2608,#2610,#2612,#2614));
#2616=FACE_BOUND('',#2615,.F.);
#2617=ADVANCED_FACE('',(#2417,#2427,#2437,#2447,#2461,#2542,#2568,#2598,#2616),
#2375,.F.);
#2618=FILL_AREA_STYLE_COLOUR('',#18);
#2619=FILL_AREA_STYLE('',(#2618));
#2620=SURFACE_STYLE_FILL_AREA(#2619);
#2621=SURFACE_SIDE_STYLE('',(#2620));
#2622=SURFACE_STYLE_USAGE(.POSITIVE.,#2621);
#2623=PRESENTATION_STYLE_ASSIGNMENT((#2622));
#2624=STYLED_ITEM('',(#2623),#2617);
#2625=CARTESIAN_POINT('',(0.E0,0.E0,0.E0));
#2626=DIRECTION('',(0.E0,0.E0,1.E0));
#2627=DIRECTION('',(1.E0,0.E0,0.E0));
#2628=AXIS2_PLACEMENT_3D('',#2625,#2626,#2627);
#2629=PLANE('',#2628);
#2631=ORIENTED_EDGE('',*,*,#2630,.T.);
#2633=ORIENTED_EDGE('',*,*,#2632,.T.);
#2635=ORIENTED_EDGE('',*,*,#2634,.T.);
#2637=ORIENTED_EDGE('',*,*,#2636,.T.);
#2639=ORIENTED_EDGE('',*,*,#2638,.T.);
#2641=ORIENTED_EDGE('',*,*,#2640,.T.);
#2643=ORIENTED_EDGE('',*,*,#2642,.T.);
#2645=ORIENTED_EDGE('',*,*,#2644,.T.);
#2647=ORIENTED_EDGE('',*,*,#2646,.T.);
#2649=ORIENTED_EDGE('',*,*,#2648,.T.);
#2651=ORIENTED_EDGE('',*,*,#2650,.T.);
#2653=ORIENTED_EDGE('',*,*,#2652,.T.);
#2654=EDGE_LOOP('',(#2631,#2633,#2635,#2637,#2639,#2641,#2643,#2645,#2647,#2649,
#2651,#2653));
#2655=FACE_OUTER_BOUND('',#2654,.F.);
#2656=ADVANCED_FACE('',(#2655),#2629,.F.);
#2657=FILL_AREA_STYLE_COLOUR('',#18);
#2658=FILL_AREA_STYLE('',(#2657));
#2659=SURFACE_STYLE_FILL_AREA(#2658);
#2660=SURFACE_SIDE_STYLE('',(#2659));
#2661=SURFACE_STYLE_USAGE(.POSITIVE.,#2660);
#2662=PRESENTATION_STYLE_ASSIGNMENT((#2661));
#2663=STYLED_ITEM('',(#2662),#2656);
#2664=CARTESIAN_POINT('',(0.E0,0.E0,0.E0));
#2665=DIRECTION('',(0.E0,0.E0,1.E0));
#2666=DIRECTION('',(1.E0,0.E0,0.E0));
#2667=AXIS2_PLACEMENT_3D('',#2664,#2665,#2666);
#2668=PLANE('',#2667);
#2670=ORIENTED_EDGE('',*,*,#2669,.T.);
#2672=ORIENTED_EDGE('',*,*,#2671,.T.);
#2674=ORIENTED_EDGE('',*,*,#2673,.T.);
#2675=EDGE_LOOP('',(#2670,#2672,#2674));
#2676=FACE_OUTER_BOUND('',#2675,.F.);
#2677=ADVANCED_FACE('',(#2676),#2668,.F.);
#2678=FILL_AREA_STYLE_COLOUR('',#18);
#2679=FILL_AREA_STYLE('',(#2678));
#2680=SURFACE_STYLE_FILL_AREA(#2679);
#2681=SURFACE_SIDE_STYLE('',(#2680));
#2682=SURFACE_STYLE_USAGE(.POSITIVE.,#2681);
#2683=PRESENTATION_STYLE_ASSIGNMENT((#2682));
#2684=STYLED_ITEM('',(#2683),#2677);
#2685=CARTESIAN_POINT('',(-1.2E0,-2.8E0,1.E0));
#2686=DIRECTION('',(1.E0,0.E0,0.E0));
#2687=DIRECTION('',(0.E0,1.E0,0.E0));
#2688=AXIS2_PLACEMENT_3D('',#2685,#2686,#2687);
#2689=PLANE('',#2688);
#2690=ORIENTED_EDGE('',*,*,#2376,.T.);
#2692=ORIENTED_EDGE('',*,*,#2691,.F.);
#2694=ORIENTED_EDGE('',*,*,#2693,.F.);
#2696=ORIENTED_EDGE('',*,*,#2695,.F.);
#2697=EDGE_LOOP('',(#2690,#2692,#2694,#2696));
#2698=FACE_OUTER_BOUND('',#2697,.F.);
#2699=ADVANCED_FACE('',(#2698),#2689,.F.);
#2700=FILL_AREA_STYLE_COLOUR('',#19);
#2701=FILL_AREA_STYLE('',(#2700));
#2702=SURFACE_STYLE_FILL_AREA(#2701);
#2703=SURFACE_SIDE_STYLE('',(#2702));
#2704=SURFACE_STYLE_USAGE(.POSITIVE.,#2703);
#2705=PRESENTATION_STYLE_ASSIGNMENT((#2704));
#2706=STYLED_ITEM('',(#2705),#2699);
#2707=CARTESIAN_POINT('',(-1.2E0,-2.25E0,1.E0));
#2708=DIRECTION('',(0.E0,1.E0,0.E0));
#2709=DIRECTION('',(-1.E0,0.E0,0.E0));
#2710=AXIS2_PLACEMENT_3D('',#2707,#2708,#2709);
#2711=PLANE('',#2710);
#2712=ORIENTED_EDGE('',*,*,#2414,.T.);
#2714=ORIENTED_EDGE('',*,*,#2713,.F.);
#2716=ORIENTED_EDGE('',*,*,#2715,.F.);
#2717=ORIENTED_EDGE('',*,*,#2691,.T.);
#2718=EDGE_LOOP('',(#2712,#2714,#2716,#2717));
#2719=FACE_OUTER_BOUND('',#2718,.F.);
#2720=ADVANCED_FACE('',(#2719),#2711,.F.);
#2721=FILL_AREA_STYLE_COLOUR('',#19);
#2722=FILL_AREA_STYLE('',(#2721));
#2723=SURFACE_STYLE_FILL_AREA(#2722);
#2724=SURFACE_SIDE_STYLE('',(#2723));
#2725=SURFACE_STYLE_USAGE(.POSITIVE.,#2724);
#2726=PRESENTATION_STYLE_ASSIGNMENT((#2725));
#2727=STYLED_ITEM('',(#2726),#2720);
#2728=CARTESIAN_POINT('',(-3.5E0,-2.25E0,1.E0));
#2729=DIRECTION('',(-1.E0,0.E0,0.E0));
#2730=DIRECTION('',(0.E0,-1.E0,0.E0));
#2731=AXIS2_PLACEMENT_3D('',#2728,#2729,#2730);
#2732=PLANE('',#2731);
#2733=ORIENTED_EDGE('',*,*,#2412,.F.);
#2735=ORIENTED_EDGE('',*,*,#2734,.T.);
#2737=ORIENTED_EDGE('',*,*,#2736,.T.);
#2738=ORIENTED_EDGE('',*,*,#2713,.T.);
#2739=EDGE_LOOP('',(#2733,#2735,#2737,#2738));
#2740=FACE_OUTER_BOUND('',#2739,.F.);
#2741=ADVANCED_FACE('',(#2740),#2732,.F.);
#2742=FILL_AREA_STYLE_COLOUR('',#19);
#2743=FILL_AREA_STYLE('',(#2742));
#2744=SURFACE_STYLE_FILL_AREA(#2743);
#2745=SURFACE_SIDE_STYLE('',(#2744));
#2746=SURFACE_STYLE_USAGE(.POSITIVE.,#2745);
#2747=PRESENTATION_STYLE_ASSIGNMENT((#2746));
#2748=STYLED_ITEM('',(#2747),#2741);
#2749=CARTESIAN_POINT('',(-5.5E0,-2.8E0,0.E0));
#2750=DIRECTION('',(0.E0,-1.E0,0.E0));
#2751=DIRECTION('',(1.E0,0.E0,0.E0));
#2752=AXIS2_PLACEMENT_3D('',#2749,#2750,#2751);
#2753=PLANE('',#2752);
#2754=ORIENTED_EDGE('',*,*,#2695,.T.);
#2756=ORIENTED_EDGE('',*,*,#2755,.T.);
#2758=ORIENTED_EDGE('',*,*,#2757,.F.);
#2759=ORIENTED_EDGE('',*,*,#2378,.F.);
#2760=EDGE_LOOP('',(#2754,#2756,#2758,#2759));
#2761=FACE_OUTER_BOUND('',#2760,.F.);
#2762=ADVANCED_FACE('',(#2761),#2753,.T.);
#2763=FILL_AREA_STYLE_COLOUR('',#19);
#2764=FILL_AREA_STYLE('',(#2763));
#2765=SURFACE_STYLE_FILL_AREA(#2764);
#2766=SURFACE_SIDE_STYLE('',(#2765));
#2767=SURFACE_STYLE_USAGE(.POSITIVE.,#2766);
#2768=PRESENTATION_STYLE_ASSIGNMENT((#2767));
#2769=STYLED_ITEM('',(#2768),#2762);
#2770=CARTESIAN_POINT('',(-5.5E0,-2.8E0,0.E0));
#2771=DIRECTION('',(0.E0,-1.E0,0.E0));
#2772=DIRECTION('',(1.E0,0.E0,0.E0));
#2773=AXIS2_PLACEMENT_3D('',#2770,#2771,#2772);
#2774=PLANE('',#2773);
#2775=ORIENTED_EDGE('',*,*,#2734,.F.);
#2776=ORIENTED_EDGE('',*,*,#2410,.F.);
#2778=ORIENTED_EDGE('',*,*,#2777,.T.);
#2780=ORIENTED_EDGE('',*,*,#2779,.T.);
#2781=EDGE_LOOP('',(#2775,#2776,#2778,#2780));
#2782=FACE_OUTER_BOUND('',#2781,.F.);
#2783=ADVANCED_FACE('',(#2782),#2774,.T.);
#2784=FILL_AREA_STYLE_COLOUR('',#19);
#2785=FILL_AREA_STYLE('',(#2784));
#2786=SURFACE_STYLE_FILL_AREA(#2785);
#2787=SURFACE_SIDE_STYLE('',(#2786));
#2788=SURFACE_STYLE_USAGE(.POSITIVE.,#2787);
#2789=PRESENTATION_STYLE_ASSIGNMENT((#2788));
#2790=STYLED_ITEM('',(#2789),#2783);
#2791=CARTESIAN_POINT('',(-5.5E0,-2.8E0,0.E0));
#2792=DIRECTION('',(0.E0,-1.E0,0.E0));
#2793=DIRECTION('',(1.E0,0.E0,0.E0));
#2794=AXIS2_PLACEMENT_3D('',#2791,#2792,#2793);
#2795=PLANE('',#2794);
#2797=ORIENTED_EDGE('',*,*,#2796,.T.);
#2799=ORIENTED_EDGE('',*,*,#2798,.T.);
#2801=ORIENTED_EDGE('',*,*,#2800,.F.);
#2802=ORIENTED_EDGE('',*,*,#2386,.F.);
#2803=EDGE_LOOP('',(#2797,#2799,#2801,#2802));
#2804=FACE_OUTER_BOUND('',#2803,.F.);
#2805=ADVANCED_FACE('',(#2804),#2795,.T.);
#2806=FILL_AREA_STYLE_COLOUR('',#19);
#2807=FILL_AREA_STYLE('',(#2806));
#2808=SURFACE_STYLE_FILL_AREA(#2807);
#2809=SURFACE_SIDE_STYLE('',(#2808));
#2810=SURFACE_STYLE_USAGE(.POSITIVE.,#2809);
#2811=PRESENTATION_STYLE_ASSIGNMENT((#2810));
#2812=STYLED_ITEM('',(#2811),#2805);
#2813=CARTESIAN_POINT('',(0.E0,0.E0,1.E0));
#2814=DIRECTION('',(0.E0,0.E0,1.E0));
#2815=DIRECTION('',(1.E0,0.E0,0.E0));
#2816=AXIS2_PLACEMENT_3D('',#2813,#2814,#2815);
#2817=PLANE('',#2816);
#2818=ORIENTED_EDGE('',*,*,#2693,.T.);
#2819=ORIENTED_EDGE('',*,*,#2715,.T.);
#2820=ORIENTED_EDGE('',*,*,#2736,.F.);
#2821=ORIENTED_EDGE('',*,*,#2779,.F.);
#2823=ORIENTED_EDGE('',*,*,#2822,.F.);
#2825=ORIENTED_EDGE('',*,*,#2824,.F.);
#2827=ORIENTED_EDGE('',*,*,#2826,.T.);
#2829=ORIENTED_EDGE('',*,*,#2828,.T.);
#2831=ORIENTED_EDGE('',*,*,#2830,.F.);
#2833=ORIENTED_EDGE('',*,*,#2832,.F.);
#2835=ORIENTED_EDGE('',*,*,#2834,.T.);
#2837=ORIENTED_EDGE('',*,*,#2836,.T.);
#2839=ORIENTED_EDGE('',*,*,#2838,.F.);
#2841=ORIENTED_EDGE('',*,*,#2840,.F.);
#2843=ORIENTED_EDGE('',*,*,#2842,.F.);
#2844=ORIENTED_EDGE('',*,*,#2798,.F.);
#2846=ORIENTED_EDGE('',*,*,#2845,.T.);
#2848=ORIENTED_EDGE('',*,*,#2847,.T.);
#2850=ORIENTED_EDGE('',*,*,#2849,.F.);
#2851=ORIENTED_EDGE('',*,*,#2755,.F.);
#2852=EDGE_LOOP('',(#2818,#2819,#2820,#2821,#2823,#2825,#2827,#2829,#2831,#2833,
#2835,#2837,#2839,#2841,#2843,#2844,#2846,#2848,#2850,#2851));
#2853=FACE_OUTER_BOUND('',#2852,.F.);
#2855=ORIENTED_EDGE('',*,*,#2854,.T.);
#2857=ORIENTED_EDGE('',*,*,#2856,.T.);
#2859=ORIENTED_EDGE('',*,*,#2858,.T.);
#2861=ORIENTED_EDGE('',*,*,#2860,.T.);
#2862=EDGE_LOOP('',(#2855,#2857,#2859,#2861));
#2863=FACE_BOUND('',#2862,.F.);
#2864=ADVANCED_FACE('',(#2853,#2863),#2817,.T.);
#2865=FILL_AREA_STYLE_COLOUR('',#18);
#2866=FILL_AREA_STYLE('',(#2865));
#2867=SURFACE_STYLE_FILL_AREA(#2866);
#2868=SURFACE_SIDE_STYLE('',(#2867));
#2869=SURFACE_STYLE_USAGE(.POSITIVE.,#2868);
#2870=PRESENTATION_STYLE_ASSIGNMENT((#2869));
#2871=STYLED_ITEM('',(#2870),#2864);
#2872=CARTESIAN_POINT('',(-5.5E0,2.8E0,0.E0));
#2873=DIRECTION('',(-1.E0,0.E0,0.E0));
#2874=DIRECTION('',(0.E0,-1.E0,0.E0));
#2875=AXIS2_PLACEMENT_3D('',#2872,#2873,#2874);
#2876=PLANE('',#2875);
#2877=ORIENTED_EDGE('',*,*,#2408,.F.);
#2879=ORIENTED_EDGE('',*,*,#2878,.T.);
#2880=ORIENTED_EDGE('',*,*,#2822,.T.);
#2881=ORIENTED_EDGE('',*,*,#2777,.F.);
#2882=EDGE_LOOP('',(#2877,#2879,#2880,#2881));
#2883=FACE_OUTER_BOUND('',#2882,.F.);
#2884=ADVANCED_FACE('',(#2883),#2876,.T.);
#2885=FILL_AREA_STYLE_COLOUR('',#19);
#2886=FILL_AREA_STYLE('',(#2885));
#2887=SURFACE_STYLE_FILL_AREA(#2886);
#2888=SURFACE_SIDE_STYLE('',(#2887));
#2889=SURFACE_STYLE_USAGE(.POSITIVE.,#2888);
#2890=PRESENTATION_STYLE_ASSIGNMENT((#2889));
#2891=STYLED_ITEM('',(#2890),#2884);
#2892=CARTESIAN_POINT('',(5.5E0,2.8E0,0.E0));
#2893=DIRECTION('',(0.E0,1.E0,0.E0));
#2894=DIRECTION('',(-1.E0,0.E0,0.E0));
#2895=AXIS2_PLACEMENT_3D('',#2892,#2893,#2894);
#2896=PLANE('',#2895);
#2898=ORIENTED_EDGE('',*,*,#2897,.T.);
#2899=ORIENTED_EDGE('',*,*,#2824,.T.);
#2900=ORIENTED_EDGE('',*,*,#2878,.F.);
#2901=ORIENTED_EDGE('',*,*,#2406,.F.);
#2902=EDGE_LOOP('',(#2898,#2899,#2900,#2901));
#2903=FACE_OUTER_BOUND('',#2902,.F.);
#2904=ADVANCED_FACE('',(#2903),#2896,.T.);
#2905=FILL_AREA_STYLE_COLOUR('',#19);
#2906=FILL_AREA_STYLE('',(#2905));
#2907=SURFACE_STYLE_FILL_AREA(#2906);
#2908=SURFACE_SIDE_STYLE('',(#2907));
#2909=SURFACE_STYLE_USAGE(.POSITIVE.,#2908);
#2910=PRESENTATION_STYLE_ASSIGNMENT((#2909));
#2911=STYLED_ITEM('',(#2910),#2904);
#2912=CARTESIAN_POINT('',(5.5E0,2.8E0,0.E0));
#2913=DIRECTION('',(0.E0,1.E0,0.E0));
#2914=DIRECTION('',(-1.E0,0.E0,0.E0));
#2915=AXIS2_PLACEMENT_3D('',#2912,#2913,#2914);
#2916=PLANE('',#2915);
#2918=ORIENTED_EDGE('',*,*,#2917,.F.);
#2919=ORIENTED_EDGE('',*,*,#2398,.F.);
#2921=ORIENTED_EDGE('',*,*,#2920,.T.);
#2922=ORIENTED_EDGE('',*,*,#2832,.T.);
#2923=EDGE_LOOP('',(#2918,#2919,#2921,#2922));
#2924=FACE_OUTER_BOUND('',#2923,.F.);
#2925=ADVANCED_FACE('',(#2924),#2916,.T.);
#2926=FILL_AREA_STYLE_COLOUR('',#19);
#2927=FILL_AREA_STYLE('',(#2926));
#2928=SURFACE_STYLE_FILL_AREA(#2927);
#2929=SURFACE_SIDE_STYLE('',(#2928));
#2930=SURFACE_STYLE_USAGE(.POSITIVE.,#2929);
#2931=PRESENTATION_STYLE_ASSIGNMENT((#2930));
#2932=STYLED_ITEM('',(#2931),#2925);
#2933=CARTESIAN_POINT('',(5.5E0,2.8E0,0.E0));
#2934=DIRECTION('',(0.E0,1.E0,0.E0));
#2935=DIRECTION('',(-1.E0,0.E0,0.E0));
#2936=AXIS2_PLACEMENT_3D('',#2933,#2934,#2935);
#2937=PLANE('',#2936);
#2939=ORIENTED_EDGE('',*,*,#2938,.F.);
#2940=ORIENTED_EDGE('',*,*,#2390,.F.);
#2942=ORIENTED_EDGE('',*,*,#2941,.T.);
#2943=ORIENTED_EDGE('',*,*,#2840,.T.);
#2944=EDGE_LOOP('',(#2939,#2940,#2942,#2943));
#2945=FACE_OUTER_BOUND('',#2944,.F.);
#2946=ADVANCED_FACE('',(#2945),#2937,.T.);
#2947=FILL_AREA_STYLE_COLOUR('',#19);
#2948=FILL_AREA_STYLE('',(#2947));
#2949=SURFACE_STYLE_FILL_AREA(#2948);
#2950=SURFACE_SIDE_STYLE('',(#2949));
#2951=SURFACE_STYLE_USAGE(.POSITIVE.,#2950);
#2952=PRESENTATION_STYLE_ASSIGNMENT((#2951));
#2953=STYLED_ITEM('',(#2952),#2946);
#2954=CARTESIAN_POINT('',(-3.5E0,2.8E0,1.E0));
#2955=DIRECTION('',(-1.E0,0.E0,0.E0));
#2956=DIRECTION('',(0.E0,-1.E0,0.E0));
#2957=AXIS2_PLACEMENT_3D('',#2954,#2955,#2956);
#2958=PLANE('',#2957);
#2959=ORIENTED_EDGE('',*,*,#2404,.T.);
#2961=ORIENTED_EDGE('',*,*,#2960,.F.);
#2962=ORIENTED_EDGE('',*,*,#2826,.F.);
#2963=ORIENTED_EDGE('',*,*,#2897,.F.);
#2964=EDGE_LOOP('',(#2959,#2961,#2962,#2963));
#2965=FACE_OUTER_BOUND('',#2964,.F.);
#2966=ADVANCED_FACE('',(#2965),#2958,.F.);
#2967=FILL_AREA_STYLE_COLOUR('',#19);
#2968=FILL_AREA_STYLE('',(#2967));
#2969=SURFACE_STYLE_FILL_AREA(#2968);
#2970=SURFACE_SIDE_STYLE('',(#2969));
#2971=SURFACE_STYLE_USAGE(.POSITIVE.,#2970);
#2972=PRESENTATION_STYLE_ASSIGNMENT((#2971));
#2973=STYLED_ITEM('',(#2972),#2966);
#2974=CARTESIAN_POINT('',(-3.5E0,2.25E0,1.E0));
#2975=DIRECTION('',(0.E0,-1.E0,0.E0));
#2976=DIRECTION('',(1.E0,0.E0,0.E0));
#2977=AXIS2_PLACEMENT_3D('',#2974,#2975,#2976);
#2978=PLANE('',#2977);
#2979=ORIENTED_EDGE('',*,*,#2402,.T.);
#2981=ORIENTED_EDGE('',*,*,#2980,.F.);
#2982=ORIENTED_EDGE('',*,*,#2828,.F.);
#2983=ORIENTED_EDGE('',*,*,#2960,.T.);
#2984=EDGE_LOOP('',(#2979,#2981,#2982,#2983));
#2985=FACE_OUTER_BOUND('',#2984,.F.);
#2986=ADVANCED_FACE('',(#2985),#2978,.F.);
#2987=FILL_AREA_STYLE_COLOUR('',#19);
#2988=FILL_AREA_STYLE('',(#2987));
#2989=SURFACE_STYLE_FILL_AREA(#2988);
#2990=SURFACE_SIDE_STYLE('',(#2989));
#2991=SURFACE_STYLE_USAGE(.POSITIVE.,#2990);
#2992=PRESENTATION_STYLE_ASSIGNMENT((#2991));
#2993=STYLED_ITEM('',(#2992),#2986);
#2994=CARTESIAN_POINT('',(-1.2E0,2.25E0,1.E0));
#2995=DIRECTION('',(1.E0,0.E0,0.E0));
#2996=DIRECTION('',(0.E0,1.E0,0.E0));
#2997=AXIS2_PLACEMENT_3D('',#2994,#2995,#2996);
#2998=PLANE('',#2997);
#2999=ORIENTED_EDGE('',*,*,#2400,.F.);
#3000=ORIENTED_EDGE('',*,*,#2917,.T.);
#3001=ORIENTED_EDGE('',*,*,#2830,.T.);
#3002=ORIENTED_EDGE('',*,*,#2980,.T.);
#3003=EDGE_LOOP('',(#2999,#3000,#3001,#3002));
#3004=FACE_OUTER_BOUND('',#3003,.F.);
#3005=ADVANCED_FACE('',(#3004),#2998,.F.);
#3006=FILL_AREA_STYLE_COLOUR('',#19);
#3007=FILL_AREA_STYLE('',(#3006));
#3008=SURFACE_STYLE_FILL_AREA(#3007);
#3009=SURFACE_SIDE_STYLE('',(#3008));
#3010=SURFACE_STYLE_USAGE(.POSITIVE.,#3009);
#3011=PRESENTATION_STYLE_ASSIGNMENT((#3010));
#3012=STYLED_ITEM('',(#3011),#3005);
#3013=CARTESIAN_POINT('',(1.2E0,2.8E0,1.E0));
#3014=DIRECTION('',(-1.E0,0.E0,0.E0));
#3015=DIRECTION('',(0.E0,-1.E0,0.E0));
#3016=AXIS2_PLACEMENT_3D('',#3013,#3014,#3015);
#3017=PLANE('',#3016);
#3018=ORIENTED_EDGE('',*,*,#2396,.T.);
#3020=ORIENTED_EDGE('',*,*,#3019,.F.);
#3021=ORIENTED_EDGE('',*,*,#2834,.F.);
#3022=ORIENTED_EDGE('',*,*,#2920,.F.);
#3023=EDGE_LOOP('',(#3018,#3020,#3021,#3022));
#3024=FACE_OUTER_BOUND('',#3023,.F.);
#3025=ADVANCED_FACE('',(#3024),#3017,.F.);
#3026=FILL_AREA_STYLE_COLOUR('',#19);
#3027=FILL_AREA_STYLE('',(#3026));
#3028=SURFACE_STYLE_FILL_AREA(#3027);
#3029=SURFACE_SIDE_STYLE('',(#3028));
#3030=SURFACE_STYLE_USAGE(.POSITIVE.,#3029);
#3031=PRESENTATION_STYLE_ASSIGNMENT((#3030));
#3032=STYLED_ITEM('',(#3031),#3025);
#3033=CARTESIAN_POINT('',(1.2E0,2.25E0,1.E0));
#3034=DIRECTION('',(0.E0,-1.E0,0.E0));
#3035=DIRECTION('',(1.E0,0.E0,0.E0));
#3036=AXIS2_PLACEMENT_3D('',#3033,#3034,#3035);
#3037=PLANE('',#3036);
#3038=ORIENTED_EDGE('',*,*,#2394,.T.);
#3040=ORIENTED_EDGE('',*,*,#3039,.F.);
#3041=ORIENTED_EDGE('',*,*,#2836,.F.);
#3042=ORIENTED_EDGE('',*,*,#3019,.T.);
#3043=EDGE_LOOP('',(#3038,#3040,#3041,#3042));
#3044=FACE_OUTER_BOUND('',#3043,.F.);
#3045=ADVANCED_FACE('',(#3044),#3037,.F.);
#3046=FILL_AREA_STYLE_COLOUR('',#19);
#3047=FILL_AREA_STYLE('',(#3046));
#3048=SURFACE_STYLE_FILL_AREA(#3047);
#3049=SURFACE_SIDE_STYLE('',(#3048));
#3050=SURFACE_STYLE_USAGE(.POSITIVE.,#3049);
#3051=PRESENTATION_STYLE_ASSIGNMENT((#3050));
#3052=STYLED_ITEM('',(#3051),#3045);
#3053=CARTESIAN_POINT('',(3.5E0,2.25E0,1.E0));
#3054=DIRECTION('',(1.E0,0.E0,0.E0));
#3055=DIRECTION('',(0.E0,1.E0,0.E0));
#3056=AXIS2_PLACEMENT_3D('',#3053,#3054,#3055);
#3057=PLANE('',#3056);
#3058=ORIENTED_EDGE('',*,*,#2392,.F.);
#3059=ORIENTED_EDGE('',*,*,#2938,.T.);
#3060=ORIENTED_EDGE('',*,*,#2838,.T.);
#3061=ORIENTED_EDGE('',*,*,#3039,.T.);
#3062=EDGE_LOOP('',(#3058,#3059,#3060,#3061));
#3063=FACE_OUTER_BOUND('',#3062,.F.);
#3064=ADVANCED_FACE('',(#3063),#3057,.F.);
#3065=FILL_AREA_STYLE_COLOUR('',#19);
#3066=FILL_AREA_STYLE('',(#3065));
#3067=SURFACE_STYLE_FILL_AREA(#3066);
#3068=SURFACE_SIDE_STYLE('',(#3067));
#3069=SURFACE_STYLE_USAGE(.POSITIVE.,#3068);
#3070=PRESENTATION_STYLE_ASSIGNMENT((#3069));
#3071=STYLED_ITEM('',(#3070),#3064);
#3072=CARTESIAN_POINT('',(5.5E0,-2.8E0,0.E0));
#3073=DIRECTION('',(1.E0,0.E0,0.E0));
#3074=DIRECTION('',(0.E0,1.E0,0.E0));
#3075=AXIS2_PLACEMENT_3D('',#3072,#3073,#3074);
#3076=PLANE('',#3075);
#3077=ORIENTED_EDGE('',*,*,#2388,.F.);
#3078=ORIENTED_EDGE('',*,*,#2800,.T.);
#3079=ORIENTED_EDGE('',*,*,#2842,.T.);
#3080=ORIENTED_EDGE('',*,*,#2941,.F.);
#3081=EDGE_LOOP('',(#3077,#3078,#3079,#3080));
#3082=FACE_OUTER_BOUND('',#3081,.F.);
#3083=ADVANCED_FACE('',(#3082),#3076,.T.);
#3084=FILL_AREA_STYLE_COLOUR('',#19);
#3085=FILL_AREA_STYLE('',(#3084));
#3086=SURFACE_STYLE_FILL_AREA(#3085);
#3087=SURFACE_SIDE_STYLE('',(#3086));
#3088=SURFACE_STYLE_USAGE(.POSITIVE.,#3087);
#3089=PRESENTATION_STYLE_ASSIGNMENT((#3088));
#3090=STYLED_ITEM('',(#3089),#3083);
#3091=CARTESIAN_POINT('',(3.5E0,-2.8E0,1.E0));
#3092=DIRECTION('',(1.E0,0.E0,0.E0));
#3093=DIRECTION('',(0.E0,1.E0,0.E0));
#3094=AXIS2_PLACEMENT_3D('',#3091,#3092,#3093);
#3095=PLANE('',#3094);
#3096=ORIENTED_EDGE('',*,*,#2384,.T.);
#3098=ORIENTED_EDGE('',*,*,#3097,.F.);
#3099=ORIENTED_EDGE('',*,*,#2845,.F.);
#3100=ORIENTED_EDGE('',*,*,#2796,.F.);
#3101=EDGE_LOOP('',(#3096,#3098,#3099,#3100));
#3102=FACE_OUTER_BOUND('',#3101,.F.);
#3103=ADVANCED_FACE('',(#3102),#3095,.F.);
#3104=FILL_AREA_STYLE_COLOUR('',#19);
#3105=FILL_AREA_STYLE('',(#3104));
#3106=SURFACE_STYLE_FILL_AREA(#3105);
#3107=SURFACE_SIDE_STYLE('',(#3106));
#3108=SURFACE_STYLE_USAGE(.POSITIVE.,#3107);
#3109=PRESENTATION_STYLE_ASSIGNMENT((#3108));
#3110=STYLED_ITEM('',(#3109),#3103);
#3111=CARTESIAN_POINT('',(3.5E0,-2.25E0,1.E0));
#3112=DIRECTION('',(0.E0,1.E0,0.E0));
#3113=DIRECTION('',(-1.E0,0.E0,0.E0));
#3114=AXIS2_PLACEMENT_3D('',#3111,#3112,#3113);
#3115=PLANE('',#3114);
#3116=ORIENTED_EDGE('',*,*,#2382,.T.);
#3118=ORIENTED_EDGE('',*,*,#3117,.F.);
#3119=ORIENTED_EDGE('',*,*,#2847,.F.);
#3120=ORIENTED_EDGE('',*,*,#3097,.T.);
#3121=EDGE_LOOP('',(#3116,#3118,#3119,#3120));
#3122=FACE_OUTER_BOUND('',#3121,.F.);
#3123=ADVANCED_FACE('',(#3122),#3115,.F.);
#3124=FILL_AREA_STYLE_COLOUR('',#19);
#3125=FILL_AREA_STYLE('',(#3124));
#3126=SURFACE_STYLE_FILL_AREA(#3125);
#3127=SURFACE_SIDE_STYLE('',(#3126));
#3128=SURFACE_STYLE_USAGE(.POSITIVE.,#3127);
#3129=PRESENTATION_STYLE_ASSIGNMENT((#3128));
#3130=STYLED_ITEM('',(#3129),#3123);
#3131=CARTESIAN_POINT('',(1.2E0,-2.25E0,1.E0));
#3132=DIRECTION('',(-1.E0,0.E0,0.E0));
#3133=DIRECTION('',(0.E0,-1.E0,0.E0));
#3134=AXIS2_PLACEMENT_3D('',#3131,#3132,#3133);
#3135=PLANE('',#3134);
#3136=ORIENTED_EDGE('',*,*,#2380,.F.);
#3137=ORIENTED_EDGE('',*,*,#2757,.T.);
#3138=ORIENTED_EDGE('',*,*,#2849,.T.);
#3139=ORIENTED_EDGE('',*,*,#3117,.T.);
#3140=EDGE_LOOP('',(#3136,#3137,#3138,#3139));
#3141=FACE_OUTER_BOUND('',#3140,.F.);
#3142=ADVANCED_FACE('',(#3141),#3135,.F.);
#3143=FILL_AREA_STYLE_COLOUR('',#19);
#3144=FILL_AREA_STYLE('',(#3143));
#3145=SURFACE_STYLE_FILL_AREA(#3144);
#3146=SURFACE_SIDE_STYLE('',(#3145));
#3147=SURFACE_STYLE_USAGE(.POSITIVE.,#3146);
#3148=PRESENTATION_STYLE_ASSIGNMENT((#3147));
#3149=STYLED_ITEM('',(#3148),#3142);
#3150=CARTESIAN_POINT('',(3.87785E0,1.98225E0,1.E0));
#3151=DIRECTION('',(0.E0,1.E0,0.E0));
#3152=DIRECTION('',(-1.E0,0.E0,0.E0));
#3153=AXIS2_PLACEMENT_3D('',#3150,#3151,#3152);
#3154=PLANE('',#3153);
#3155=ORIENTED_EDGE('',*,*,#2854,.F.);
#3157=ORIENTED_EDGE('',*,*,#3156,.T.);
#3159=ORIENTED_EDGE('',*,*,#3158,.T.);
#3161=ORIENTED_EDGE('',*,*,#3160,.F.);
#3162=EDGE_LOOP('',(#3155,#3157,#3159,#3161));
#3163=FACE_OUTER_BOUND('',#3162,.F.);
#3164=ADVANCED_FACE('',(#3163),#3154,.T.);
#3165=FILL_AREA_STYLE_COLOUR('',#5);
#3166=FILL_AREA_STYLE('',(#3165));
#3167=SURFACE_STYLE_FILL_AREA(#3166);
#3168=SURFACE_SIDE_STYLE('',(#3167));
#3169=SURFACE_STYLE_USAGE(.POSITIVE.,#3168);
#3170=PRESENTATION_STYLE_ASSIGNMENT((#3169));
#3171=STYLED_ITEM('',(#3170),#3164);
#3172=CARTESIAN_POINT('',(3.87785E0,-1.98225E0,1.E0));
#3173=DIRECTION('',(1.E0,0.E0,0.E0));
#3174=DIRECTION('',(0.E0,1.E0,0.E0));
#3175=AXIS2_PLACEMENT_3D('',#3172,#3173,#3174);
#3176=PLANE('',#3175);
#3177=ORIENTED_EDGE('',*,*,#2860,.F.);
#3179=ORIENTED_EDGE('',*,*,#3178,.T.);
#3181=ORIENTED_EDGE('',*,*,#3180,.T.);
#3182=ORIENTED_EDGE('',*,*,#3156,.F.);
#3183=EDGE_LOOP('',(#3177,#3179,#3181,#3182));
#3184=FACE_OUTER_BOUND('',#3183,.F.);
#3185=ADVANCED_FACE('',(#3184),#3176,.T.);
#3186=FILL_AREA_STYLE_COLOUR('',#5);
#3187=FILL_AREA_STYLE('',(#3186));
#3188=SURFACE_STYLE_FILL_AREA(#3187);
#3189=SURFACE_SIDE_STYLE('',(#3188));
#3190=SURFACE_STYLE_USAGE(.POSITIVE.,#3189);
#3191=PRESENTATION_STYLE_ASSIGNMENT((#3190));
#3192=STYLED_ITEM('',(#3191),#3185);
#3193=CARTESIAN_POINT('',(-3.87785E0,-1.98225E0,1.E0));
#3194=DIRECTION('',(0.E0,-1.E0,0.E0));
#3195=DIRECTION('',(1.E0,0.E0,0.E0));
#3196=AXIS2_PLACEMENT_3D('',#3193,#3194,#3195);
#3197=PLANE('',#3196);
#3198=ORIENTED_EDGE('',*,*,#2858,.F.);
#3200=ORIENTED_EDGE('',*,*,#3199,.T.);
#3202=ORIENTED_EDGE('',*,*,#3201,.T.);
#3203=ORIENTED_EDGE('',*,*,#3178,.F.);
#3204=EDGE_LOOP('',(#3198,#3200,#3202,#3203));
#3205=FACE_OUTER_BOUND('',#3204,.F.);
#3206=ADVANCED_FACE('',(#3205),#3197,.T.);
#3207=FILL_AREA_STYLE_COLOUR('',#5);
#3208=FILL_AREA_STYLE('',(#3207));
#3209=SURFACE_STYLE_FILL_AREA(#3208);
#3210=SURFACE_SIDE_STYLE('',(#3209));
#3211=SURFACE_STYLE_USAGE(.POSITIVE.,#3210);
#3212=PRESENTATION_STYLE_ASSIGNMENT((#3211));
#3213=STYLED_ITEM('',(#3212),#3206);
#3214=CARTESIAN_POINT('',(-3.87785E0,1.98225E0,1.E0));
#3215=DIRECTION('',(-1.E0,0.E0,0.E0));
#3216=DIRECTION('',(0.E0,-1.E0,0.E0));
#3217=AXIS2_PLACEMENT_3D('',#3214,#3215,#3216);
#3218=PLANE('',#3217);
#3219=ORIENTED_EDGE('',*,*,#2856,.F.);
#3220=ORIENTED_EDGE('',*,*,#3160,.T.);
#3222=ORIENTED_EDGE('',*,*,#3221,.T.);
#3223=ORIENTED_EDGE('',*,*,#3199,.F.);
#3224=EDGE_LOOP('',(#3219,#3220,#3222,#3223));
#3225=FACE_OUTER_BOUND('',#3224,.F.);
#3226=ADVANCED_FACE('',(#3225),#3218,.T.);
#3227=FILL_AREA_STYLE_COLOUR('',#5);
#3228=FILL_AREA_STYLE('',(#3227));
#3229=SURFACE_STYLE_FILL_AREA(#3228);
#3230=SURFACE_SIDE_STYLE('',(#3229));
#3231=SURFACE_STYLE_USAGE(.POSITIVE.,#3230);
#3232=PRESENTATION_STYLE_ASSIGNMENT((#3231));
#3233=STYLED_ITEM('',(#3232),#3226);
#3234=CARTESIAN_POINT('',(0.E0,0.E0,4.5E0));
#3235=DIRECTION('',(0.E0,0.E0,1.E0));
#3236=DIRECTION('',(1.E0,0.E0,0.E0));
#3237=AXIS2_PLACEMENT_3D('',#3234,#3235,#3236);
#3238=PLANE('',#3237);
#3239=ORIENTED_EDGE('',*,*,#3158,.F.);
#3240=ORIENTED_EDGE('',*,*,#3180,.F.);
#3241=ORIENTED_EDGE('',*,*,#3201,.F.);
#3242=ORIENTED_EDGE('',*,*,#3221,.F.);
#3243=EDGE_LOOP('',(#3239,#3240,#3241,#3242));
#3244=FACE_OUTER_BOUND('',#3243,.F.);
#3246=ORIENTED_EDGE('',*,*,#3245,.T.);
#3248=ORIENTED_EDGE('',*,*,#3247,.T.);
#3250=ORIENTED_EDGE('',*,*,#3249,.T.);
#3252=ORIENTED_EDGE('',*,*,#3251,.T.);
#3253=EDGE_LOOP('',(#3246,#3248,#3250,#3252));
#3254=FACE_BOUND('',#3253,.F.);
#3255=ADVANCED_FACE('',(#3244,#3254),#3238,.T.);
#3256=FILL_AREA_STYLE_COLOUR('',#5);
#3257=FILL_AREA_STYLE('',(#3256));
#3258=SURFACE_STYLE_FILL_AREA(#3257);
#3259=SURFACE_SIDE_STYLE('',(#3258));
#3260=SURFACE_STYLE_USAGE(.POSITIVE.,#3259);
#3261=PRESENTATION_STYLE_ASSIGNMENT((#3260));
#3262=STYLED_ITEM('',(#3261),#3255);
#3263=CARTESIAN_POINT('',(0.E0,1.5E0,4.5E0));
#3264=DIRECTION('',(0.E0,1.E0,0.E0));
#3265=DIRECTION('',(-1.E0,0.E0,0.E0));
#3266=AXIS2_PLACEMENT_3D('',#3263,#3264,#3265);
#3267=PLANE('',#3266);
#3269=ORIENTED_EDGE('',*,*,#3268,.F.);
#3271=ORIENTED_EDGE('',*,*,#3270,.F.);
#3272=ORIENTED_EDGE('',*,*,#3245,.F.);
#3274=ORIENTED_EDGE('',*,*,#3273,.T.);
#3276=ORIENTED_EDGE('',*,*,#3275,.F.);
#3278=ORIENTED_EDGE('',*,*,#3277,.F.);
#3280=ORIENTED_EDGE('',*,*,#3279,.F.);
#3282=ORIENTED_EDGE('',*,*,#3281,.F.);
#3284=ORIENTED_EDGE('',*,*,#3283,.F.);
#3286=ORIENTED_EDGE('',*,*,#3285,.F.);
#3288=ORIENTED_EDGE('',*,*,#3287,.F.);
#3290=ORIENTED_EDGE('',*,*,#3289,.F.);
#3292=ORIENTED_EDGE('',*,*,#3291,.F.);
#3293=EDGE_LOOP('',(#3269,#3271,#3272,#3274,#3276,#3278,#3280,#3282,#3284,#3286,
#3288,#3290,#3292));
#3294=FACE_OUTER_BOUND('',#3293,.F.);
#3295=ADVANCED_FACE('',(#3294),#3267,.T.);
#3296=FILL_AREA_STYLE_COLOUR('',#5);
#3297=FILL_AREA_STYLE('',(#3296));
#3298=SURFACE_STYLE_FILL_AREA(#3297);
#3299=SURFACE_SIDE_STYLE('',(#3298));
#3300=SURFACE_STYLE_USAGE(.POSITIVE.,#3299);
#3301=PRESENTATION_STYLE_ASSIGNMENT((#3300));
#3302=STYLED_ITEM('',(#3301),#3295);
#3303=CARTESIAN_POINT('',(-3.E0,-1.5E0,6.756199516330E0));
#3304=DIRECTION('',(6.674193487811E-1,0.E0,-7.446820884596E-1));
#3305=DIRECTION('',(7.446820884596E-1,0.E0,6.674193487811E-1));
#3306=AXIS2_PLACEMENT_3D('',#3303,#3304,#3305);
#3307=PLANE('',#3306);
#3308=ORIENTED_EDGE('',*,*,#3268,.T.);
#3310=ORIENTED_EDGE('',*,*,#3309,.F.);
#3312=ORIENTED_EDGE('',*,*,#3311,.F.);
#3314=ORIENTED_EDGE('',*,*,#3313,.F.);
#3315=EDGE_LOOP('',(#3308,#3310,#3312,#3314));
#3316=FACE_OUTER_BOUND('',#3315,.F.);
#3317=ADVANCED_FACE('',(#3316),#3307,.F.);
#3318=FILL_AREA_STYLE_COLOUR('',#5);
#3319=FILL_AREA_STYLE('',(#3318));
#3320=SURFACE_STYLE_FILL_AREA(#3319);
#3321=SURFACE_SIDE_STYLE('',(#3320));
#3322=SURFACE_STYLE_USAGE(.POSITIVE.,#3321);
#3323=PRESENTATION_STYLE_ASSIGNMENT((#3322));
#3324=STYLED_ITEM('',(#3323),#3317);
#3325=CARTESIAN_POINT('',(-2.6164E0,-1.5E0,7.1E0));
#3326=DIRECTION('',(-8.778852065595E-1,0.E0,-4.788711351751E-1));
#3327=DIRECTION('',(4.788711351751E-1,0.E0,-8.778852065595E-1));
#3328=AXIS2_PLACEMENT_3D('',#3325,#3326,#3327);
#3329=PLANE('',#3328);
#3330=ORIENTED_EDGE('',*,*,#3291,.T.);
#3332=ORIENTED_EDGE('',*,*,#3331,.F.);
#3334=ORIENTED_EDGE('',*,*,#3333,.F.);
#3335=ORIENTED_EDGE('',*,*,#3309,.T.);
#3336=EDGE_LOOP('',(#3330,#3332,#3334,#3335));
#3337=FACE_OUTER_BOUND('',#3336,.F.);
#3338=ADVANCED_FACE('',(#3337),#3329,.F.);
#3339=FILL_AREA_STYLE_COLOUR('',#5);
#3340=FILL_AREA_STYLE('',(#3339));
#3341=SURFACE_STYLE_FILL_AREA(#3340);
#3342=SURFACE_SIDE_STYLE('',(#3341));
#3343=SURFACE_STYLE_USAGE(.POSITIVE.,#3342);
#3344=PRESENTATION_STYLE_ASSIGNMENT((#3343));
#3345=STYLED_ITEM('',(#3344),#3338);
#3346=CARTESIAN_POINT('',(-2.421553602992E0,-1.5E0,6.7428E0));
#3347=DIRECTION('',(7.369116994346E-1,0.E0,-6.759890141388E-1));
#3348=DIRECTION('',(6.759890141388E-1,0.E0,7.369116994346E-1));
#3349=AXIS2_PLACEMENT_3D('',#3346,#3347,#3348);
#3350=PLANE('',#3349);
#3351=ORIENTED_EDGE('',*,*,#3289,.T.);
#3353=ORIENTED_EDGE('',*,*,#3352,.F.);
#3355=ORIENTED_EDGE('',*,*,#3354,.F.);
#3356=ORIENTED_EDGE('',*,*,#3331,.T.);
#3357=EDGE_LOOP('',(#3351,#3353,#3355,#3356));
#3358=FACE_OUTER_BOUND('',#3357,.F.);
#3359=ADVANCED_FACE('',(#3358),#3350,.F.);
#3360=FILL_AREA_STYLE_COLOUR('',#5);
#3361=FILL_AREA_STYLE('',(#3360));
#3362=SURFACE_STYLE_FILL_AREA(#3361);
#3363=SURFACE_SIDE_STYLE('',(#3362));
#3364=SURFACE_STYLE_USAGE(.POSITIVE.,#3363);
#3365=PRESENTATION_STYLE_ASSIGNMENT((#3364));
#3366=STYLED_ITEM('',(#3365),#3359);
#3367=CARTESIAN_POINT('',(-2.093884391015E0,-1.5E0,7.1E0));
#3368=DIRECTION('',(-7.592395036005E-1,0.E0,-6.508113214846E-1));
#3369=DIRECTION('',(6.508113214846E-1,0.E0,-7.592395036005E-1));
#3370=AXIS2_PLACEMENT_3D('',#3367,#3368,#3369);
#3371=PLANE('',#3370);
#3372=ORIENTED_EDGE('',*,*,#3287,.T.);
#3374=ORIENTED_EDGE('',*,*,#3373,.F.);
#3376=ORIENTED_EDGE('',*,*,#3375,.F.);
#3377=ORIENTED_EDGE('',*,*,#3352,.T.);
#3378=EDGE_LOOP('',(#3372,#3374,#3376,#3377));
#3379=FACE_OUTER_BOUND('',#3378,.F.);
#3380=ADVANCED_FACE('',(#3379),#3371,.F.);
#3381=FILL_AREA_STYLE_COLOUR('',#5);
#3382=FILL_AREA_STYLE('',(#3381));
#3383=SURFACE_STYLE_FILL_AREA(#3382);
#3384=SURFACE_SIDE_STYLE('',(#3383));
#3385=SURFACE_STYLE_USAGE(.POSITIVE.,#3384);
#3386=PRESENTATION_STYLE_ASSIGNMENT((#3385));
#3387=STYLED_ITEM('',(#3386),#3380);
#3388=CARTESIAN_POINT('',(-1.821127031165E0,-1.5E0,6.7818E0));
#3389=DIRECTION('',(7.757337024555E-1,0.E0,-6.310603955841E-1));
#3390=DIRECTION('',(6.310603955841E-1,0.E0,7.757337024555E-1));
#3391=AXIS2_PLACEMENT_3D('',#3388,#3389,#3390);
#3392=PLANE('',#3391);
#3393=ORIENTED_EDGE('',*,*,#3285,.T.);
#3395=ORIENTED_EDGE('',*,*,#3394,.F.);
#3397=ORIENTED_EDGE('',*,*,#3396,.F.);
#3398=ORIENTED_EDGE('',*,*,#3373,.T.);
#3399=EDGE_LOOP('',(#3393,#3395,#3397,#3398));
#3400=FACE_OUTER_BOUND('',#3399,.F.);
#3401=ADVANCED_FACE('',(#3400),#3392,.F.);
#3402=FILL_AREA_STYLE_COLOUR('',#5);
#3403=FILL_AREA_STYLE('',(#3402));
#3404=SURFACE_STYLE_FILL_AREA(#3403);
#3405=SURFACE_SIDE_STYLE('',(#3404));
#3406=SURFACE_STYLE_USAGE(.POSITIVE.,#3405);
#3407=PRESENTATION_STYLE_ASSIGNMENT((#3406));
#3408=STYLED_ITEM('',(#3407),#3401);
#3409=CARTESIAN_POINT('',(-1.562270909226E0,-1.5E0,7.1E0));
#3410=DIRECTION('',(-7.592395036005E-1,0.E0,-6.508113214846E-1));
#3411=DIRECTION('',(6.508113214846E-1,0.E0,-7.592395036005E-1));
#3412=AXIS2_PLACEMENT_3D('',#3409,#3410,#3411);
#3413=PLANE('',#3412);
#3414=ORIENTED_EDGE('',*,*,#3283,.T.);
#3416=ORIENTED_EDGE('',*,*,#3415,.F.);
#3418=ORIENTED_EDGE('',*,*,#3417,.F.);
#3419=ORIENTED_EDGE('',*,*,#3394,.T.);
#3420=EDGE_LOOP('',(#3414,#3416,#3418,#3419));
#3421=FACE_OUTER_BOUND('',#3420,.F.);
#3422=ADVANCED_FACE('',(#3421),#3413,.F.);
#3423=FILL_AREA_STYLE_COLOUR('',#5);
#3424=FILL_AREA_STYLE('',(#3423));
#3425=SURFACE_STYLE_FILL_AREA(#3424);
#3426=SURFACE_SIDE_STYLE('',(#3425));
#3427=SURFACE_STYLE_USAGE(.POSITIVE.,#3426);
#3428=PRESENTATION_STYLE_ASSIGNMENT((#3427));
#3429=STYLED_ITEM('',(#3428),#3422);
#3430=CARTESIAN_POINT('',(-1.267569110857E0,-1.5E0,6.756199516330E0));
#3431=DIRECTION('',(7.757337024555E-1,0.E0,-6.310603955841E-1));
#3432=DIRECTION('',(6.310603955841E-1,0.E0,7.757337024555E-1));
#3433=AXIS2_PLACEMENT_3D('',#3430,#3431,#3432);
#3434=PLANE('',#3433);
#3435=ORIENTED_EDGE('',*,*,#3281,.T.);
#3437=ORIENTED_EDGE('',*,*,#3436,.F.);
#3439=ORIENTED_EDGE('',*,*,#3438,.F.);
#3440=ORIENTED_EDGE('',*,*,#3415,.T.);
#3441=EDGE_LOOP('',(#3435,#3437,#3439,#3440));
#3442=FACE_OUTER_BOUND('',#3441,.F.);
#3443=ADVANCED_FACE('',(#3442),#3434,.F.);
#3444=FILL_AREA_STYLE_COLOUR('',#5);
#3445=FILL_AREA_STYLE('',(#3444));
#3446=SURFACE_STYLE_FILL_AREA(#3445);
#3447=SURFACE_SIDE_STYLE('',(#3446));
#3448=SURFACE_STYLE_USAGE(.POSITIVE.,#3447);
#3449=PRESENTATION_STYLE_ASSIGNMENT((#3448));
#3450=STYLED_ITEM('',(#3449),#3443);
#3451=CARTESIAN_POINT('',(-9.878869615059E-1,-1.5E0,7.1E0));
#3452=DIRECTION('',(-7.592395036005E-1,0.E0,-6.508113214846E-1));
#3453=DIRECTION('',(6.508113214846E-1,0.E0,-7.592395036005E-1));
#3454=AXIS2_PLACEMENT_3D('',#3451,#3452,#3453);
#3455=PLANE('',#3454);
#3456=ORIENTED_EDGE('',*,*,#3279,.T.);
#3458=ORIENTED_EDGE('',*,*,#3457,.F.);
#3460=ORIENTED_EDGE('',*,*,#3459,.F.);
#3461=ORIENTED_EDGE('',*,*,#3436,.T.);
#3462=EDGE_LOOP('',(#3456,#3458,#3460,#3461));
#3463=FACE_OUTER_BOUND('',#3462,.F.);
#3464=ADVANCED_FACE('',(#3463),#3455,.F.);
#3465=FILL_AREA_STYLE_COLOUR('',#5);
#3466=FILL_AREA_STYLE('',(#3465));
#3467=SURFACE_STYLE_FILL_AREA(#3466);
#3468=SURFACE_SIDE_STYLE('',(#3467));
#3469=SURFACE_STYLE_USAGE(.POSITIVE.,#3468);
#3470=PRESENTATION_STYLE_ASSIGNMENT((#3469));
#3471=STYLED_ITEM('',(#3470),#3464);
#3472=CARTESIAN_POINT('',(-6.931851631367E-1,-1.5E0,6.756199516330E0));
#3473=DIRECTION('',(7.660982904796E-1,0.E0,-6.427234314418E-1));
#3474=DIRECTION('',(6.427234314418E-1,0.E0,7.660982904796E-1));
#3475=AXIS2_PLACEMENT_3D('',#3472,#3473,#3474);
#3476=PLANE('',#3475);
#3477=ORIENTED_EDGE('',*,*,#3277,.T.);
#3479=ORIENTED_EDGE('',*,*,#3478,.F.);
#3481=ORIENTED_EDGE('',*,*,#3480,.F.);
#3482=ORIENTED_EDGE('',*,*,#3457,.T.);
#3483=EDGE_LOOP('',(#3477,#3479,#3481,#3482));
#3484=FACE_OUTER_BOUND('',#3483,.F.);
#3485=ADVANCED_FACE('',(#3484),#3476,.F.);
#3486=FILL_AREA_STYLE_COLOUR('',#5);
#3487=FILL_AREA_STYLE('',(#3486));
#3488=SURFACE_STYLE_FILL_AREA(#3487);
#3489=SURFACE_SIDE_STYLE('',(#3488));
#3490=SURFACE_STYLE_USAGE(.POSITIVE.,#3489);
#3491=PRESENTATION_STYLE_ASSIGNMENT((#3490));
#3492=STYLED_ITEM('',(#3491),#3485);
#3493=CARTESIAN_POINT('',(-4.047513820652E-1,-1.5E0,7.1E0));
#3494=DIRECTION('',(-7.446820884596E-1,0.E0,-6.674193487811E-1));
#3495=DIRECTION('',(6.674193487811E-1,0.E0,-7.446820884596E-1));
#3496=AXIS2_PLACEMENT_3D('',#3493,#3494,#3495);
#3497=PLANE('',#3496);
#3498=ORIENTED_EDGE('',*,*,#3275,.T.);
#3500=ORIENTED_EDGE('',*,*,#3499,.F.);
#3502=ORIENTED_EDGE('',*,*,#3501,.F.);
#3503=ORIENTED_EDGE('',*,*,#3478,.T.);
#3504=EDGE_LOOP('',(#3498,#3500,#3502,#3503));
#3505=FACE_OUTER_BOUND('',#3504,.F.);
#3506=ADVANCED_FACE('',(#3505),#3497,.F.);
#3507=FILL_AREA_STYLE_COLOUR('',#5);
#3508=FILL_AREA_STYLE('',(#3507));
#3509=SURFACE_STYLE_FILL_AREA(#3508);
#3510=SURFACE_SIDE_STYLE('',(#3509));
#3511=SURFACE_STYLE_USAGE(.POSITIVE.,#3510);
#3512=PRESENTATION_STYLE_ASSIGNMENT((#3511));
#3513=STYLED_ITEM('',(#3512),#3506);
#3514=CARTESIAN_POINT('',(0.E0,-1.5E0,4.5E0));
#3515=DIRECTION('',(1.E0,0.E0,0.E0));
#3516=DIRECTION('',(0.E0,1.E0,0.E0));
#3517=AXIS2_PLACEMENT_3D('',#3514,#3515,#3516);
#3518=PLANE('',#3517);
#3519=ORIENTED_EDGE('',*,*,#3499,.T.);
#3520=ORIENTED_EDGE('',*,*,#3273,.F.);
#3521=ORIENTED_EDGE('',*,*,#3251,.F.);
#3523=ORIENTED_EDGE('',*,*,#3522,.T.);
#3524=EDGE_LOOP('',(#3519,#3520,#3521,#3523));
#3525=FACE_OUTER_BOUND('',#3524,.F.);
#3526=ADVANCED_FACE('',(#3525),#3518,.T.);
#3527=FILL_AREA_STYLE_COLOUR('',#5);
#3528=FILL_AREA_STYLE('',(#3527));
#3529=SURFACE_STYLE_FILL_AREA(#3528);
#3530=SURFACE_SIDE_STYLE('',(#3529));
#3531=SURFACE_STYLE_USAGE(.POSITIVE.,#3530);
#3532=PRESENTATION_STYLE_ASSIGNMENT((#3531));
#3533=STYLED_ITEM('',(#3532),#3526);
#3534=CARTESIAN_POINT('',(-3.E0,-1.5E0,4.5E0));
#3535=DIRECTION('',(0.E0,-1.E0,0.E0));
#3536=DIRECTION('',(1.E0,0.E0,0.E0));
#3537=AXIS2_PLACEMENT_3D('',#3534,#3535,#3536);
#3538=PLANE('',#3537);
#3539=ORIENTED_EDGE('',*,*,#3311,.T.);
#3540=ORIENTED_EDGE('',*,*,#3333,.T.);
#3541=ORIENTED_EDGE('',*,*,#3354,.T.);
#3542=ORIENTED_EDGE('',*,*,#3375,.T.);
#3543=ORIENTED_EDGE('',*,*,#3396,.T.);
#3544=ORIENTED_EDGE('',*,*,#3417,.T.);
#3545=ORIENTED_EDGE('',*,*,#3438,.T.);
#3546=ORIENTED_EDGE('',*,*,#3459,.T.);
#3547=ORIENTED_EDGE('',*,*,#3480,.T.);
#3548=ORIENTED_EDGE('',*,*,#3501,.T.);
#3549=ORIENTED_EDGE('',*,*,#3522,.F.);
#3550=ORIENTED_EDGE('',*,*,#3249,.F.);
#3552=ORIENTED_EDGE('',*,*,#3551,.T.);
#3553=EDGE_LOOP('',(#3539,#3540,#3541,#3542,#3543,#3544,#3545,#3546,#3547,#3548,
#3549,#3550,#3552));
#3554=FACE_OUTER_BOUND('',#3553,.F.);
#3555=ADVANCED_FACE('',(#3554),#3538,.T.);
#3556=FILL_AREA_STYLE_COLOUR('',#5);
#3557=FILL_AREA_STYLE('',(#3556));
#3558=SURFACE_STYLE_FILL_AREA(#3557);
#3559=SURFACE_SIDE_STYLE('',(#3558));
#3560=SURFACE_STYLE_USAGE(.POSITIVE.,#3559);
#3561=PRESENTATION_STYLE_ASSIGNMENT((#3560));
#3562=STYLED_ITEM('',(#3561),#3555);
#3563=CARTESIAN_POINT('',(-3.E0,1.5E0,4.5E0));
#3564=DIRECTION('',(-1.E0,0.E0,0.E0));
#3565=DIRECTION('',(0.E0,-1.E0,0.E0));
#3566=AXIS2_PLACEMENT_3D('',#3563,#3564,#3565);
#3567=PLANE('',#3566);
#3568=ORIENTED_EDGE('',*,*,#3313,.T.);
#3569=ORIENTED_EDGE('',*,*,#3551,.F.);
#3570=ORIENTED_EDGE('',*,*,#3247,.F.);
#3571=ORIENTED_EDGE('',*,*,#3270,.T.);
#3572=EDGE_LOOP('',(#3568,#3569,#3570,#3571));
#3573=FACE_OUTER_BOUND('',#3572,.F.);
#3574=ADVANCED_FACE('',(#3573),#3567,.T.);
#3575=FILL_AREA_STYLE_COLOUR('',#5);
#3576=FILL_AREA_STYLE('',(#3575));
#3577=SURFACE_STYLE_FILL_AREA(#3576);
#3578=SURFACE_SIDE_STYLE('',(#3577));
#3579=SURFACE_STYLE_USAGE(.POSITIVE.,#3578);
#3580=PRESENTATION_STYLE_ASSIGNMENT((#3579));
#3581=STYLED_ITEM('',(#3580),#3574);
#3582=CARTESIAN_POINT('',(-3.35E0,2.E-1,0.E0));
#3583=DIRECTION('',(0.E0,1.E0,0.E0));
#3584=DIRECTION('',(1.E0,0.E0,0.E0));
#3585=AXIS2_PLACEMENT_3D('',#3582,#3583,#3584);
#3586=PLANE('',#3585);
#3588=ORIENTED_EDGE('',*,*,#3587,.F.);
#3590=ORIENTED_EDGE('',*,*,#3589,.F.);
#3591=ORIENTED_EDGE('',*,*,#2418,.F.);
#3593=ORIENTED_EDGE('',*,*,#3592,.T.);
#3594=EDGE_LOOP('',(#3588,#3590,#3591,#3593));
#3595=FACE_OUTER_BOUND('',#3594,.F.);
#3596=ADVANCED_FACE('',(#3595),#3586,.T.);
#3597=FILL_AREA_STYLE_COLOUR('',#25);
#3598=FILL_AREA_STYLE('',(#3597));
#3599=SURFACE_STYLE_FILL_AREA(#3598);
#3600=SURFACE_SIDE_STYLE('',(#3599));
#3601=SURFACE_STYLE_USAGE(.POSITIVE.,#3600);
#3602=PRESENTATION_STYLE_ASSIGNMENT((#3601));
#3603=STYLED_ITEM('',(#3602),#3596);
#3604=CARTESIAN_POINT('',(-3.E0,-1.010016E1,-5.35E0));
#3605=DIRECTION('',(0.E0,1.E0,0.E0));
#3606=DIRECTION('',(-1.E0,0.E0,0.E0));
#3607=AXIS2_PLACEMENT_3D('',#3604,#3605,#3606);
#3608=CYLINDRICAL_SURFACE('',#3607,3.5E-1);
#3609=ORIENTED_EDGE('',*,*,#3587,.T.);
#3611=ORIENTED_EDGE('',*,*,#3610,.F.);
#3613=ORIENTED_EDGE('',*,*,#3612,.T.);
#3615=ORIENTED_EDGE('',*,*,#3614,.T.);
#3616=EDGE_LOOP('',(#3609,#3611,#3613,#3615));
#3617=FACE_OUTER_BOUND('',#3616,.F.);
#3618=ADVANCED_FACE('',(#3617),#3608,.T.);
#3619=FILL_AREA_STYLE_COLOUR('',#25);
#3620=FILL_AREA_STYLE('',(#3619));
#3621=SURFACE_STYLE_FILL_AREA(#3620);
#3622=SURFACE_SIDE_STYLE('',(#3621));
#3623=SURFACE_STYLE_USAGE(.POSITIVE.,#3622);
#3624=PRESENTATION_STYLE_ASSIGNMENT((#3623));
#3625=STYLED_ITEM('',(#3624),#3618);
#3626=CARTESIAN_POINT('',(-3.35E0,-2.E-1,0.E0));
#3627=DIRECTION('',(-1.E0,0.E0,0.E0));
#3628=DIRECTION('',(0.E0,1.E0,0.E0));
#3629=AXIS2_PLACEMENT_3D('',#3626,#3627,#3628);
#3630=PLANE('',#3629);
#3631=ORIENTED_EDGE('',*,*,#3610,.T.);
#3632=ORIENTED_EDGE('',*,*,#3592,.F.);
#3633=ORIENTED_EDGE('',*,*,#2424,.F.);
#3635=ORIENTED_EDGE('',*,*,#3634,.T.);
#3636=EDGE_LOOP('',(#3631,#3632,#3633,#3635));
#3637=FACE_OUTER_BOUND('',#3636,.F.);
#3638=ADVANCED_FACE('',(#3637),#3630,.T.);
#3639=FILL_AREA_STYLE_COLOUR('',#25);
#3640=FILL_AREA_STYLE('',(#3639));
#3641=SURFACE_STYLE_FILL_AREA(#3640);
#3642=SURFACE_SIDE_STYLE('',(#3641));
#3643=SURFACE_STYLE_USAGE(.POSITIVE.,#3642);
#3644=PRESENTATION_STYLE_ASSIGNMENT((#3643));
#3645=STYLED_ITEM('',(#3644),#3638);
#3646=CARTESIAN_POINT('',(-2.65E0,-2.E-1,0.E0));
#3647=DIRECTION('',(0.E0,-1.E0,0.E0));
#3648=DIRECTION('',(-1.E0,0.E0,0.E0));
#3649=AXIS2_PLACEMENT_3D('',#3646,#3647,#3648);
#3650=PLANE('',#3649);
#3651=ORIENTED_EDGE('',*,*,#3612,.F.);
#3652=ORIENTED_EDGE('',*,*,#3634,.F.);
#3653=ORIENTED_EDGE('',*,*,#2422,.F.);
#3655=ORIENTED_EDGE('',*,*,#3654,.T.);
#3656=EDGE_LOOP('',(#3651,#3652,#3653,#3655));
#3657=FACE_OUTER_BOUND('',#3656,.F.);
#3658=ADVANCED_FACE('',(#3657),#3650,.T.);
#3659=FILL_AREA_STYLE_COLOUR('',#25);
#3660=FILL_AREA_STYLE('',(#3659));
#3661=SURFACE_STYLE_FILL_AREA(#3660);
#3662=SURFACE_SIDE_STYLE('',(#3661));
#3663=SURFACE_STYLE_USAGE(.POSITIVE.,#3662);
#3664=PRESENTATION_STYLE_ASSIGNMENT((#3663));
#3665=STYLED_ITEM('',(#3664),#3658);
#3666=CARTESIAN_POINT('',(-2.65E0,2.E-1,0.E0));
#3667=DIRECTION('',(1.E0,0.E0,0.E0));
#3668=DIRECTION('',(0.E0,-1.E0,0.E0));
#3669=AXIS2_PLACEMENT_3D('',#3666,#3667,#3668);
#3670=PLANE('',#3669);
#3671=ORIENTED_EDGE('',*,*,#3614,.F.);
#3672=ORIENTED_EDGE('',*,*,#3654,.F.);
#3673=ORIENTED_EDGE('',*,*,#2420,.F.);
#3674=ORIENTED_EDGE('',*,*,#3589,.T.);
#3675=EDGE_LOOP('',(#3671,#3672,#3673,#3674));
#3676=FACE_OUTER_BOUND('',#3675,.F.);
#3677=ADVANCED_FACE('',(#3676),#3670,.T.);
#3678=FILL_AREA_STYLE_COLOUR('',#25);
#3679=FILL_AREA_STYLE('',(#3678));
#3680=SURFACE_STYLE_FILL_AREA(#3679);
#3681=SURFACE_SIDE_STYLE('',(#3680));
#3682=SURFACE_STYLE_USAGE(.POSITIVE.,#3681);
#3683=PRESENTATION_STYLE_ASSIGNMENT((#3682));
#3684=STYLED_ITEM('',(#3683),#3677);
#3685=CARTESIAN_POINT('',(-3.5E-1,2.E-1,0.E0));
#3686=DIRECTION('',(0.E0,1.E0,0.E0));
#3687=DIRECTION('',(1.E0,0.E0,0.E0));
#3688=AXIS2_PLACEMENT_3D('',#3685,#3686,#3687);
#3689=PLANE('',#3688);
#3691=ORIENTED_EDGE('',*,*,#3690,.F.);
#3693=ORIENTED_EDGE('',*,*,#3692,.F.);
#3694=ORIENTED_EDGE('',*,*,#2428,.F.);
#3696=ORIENTED_EDGE('',*,*,#3695,.T.);
#3697=EDGE_LOOP('',(#3691,#3693,#3694,#3696));
#3698=FACE_OUTER_BOUND('',#3697,.F.);
#3699=ADVANCED_FACE('',(#3698),#3689,.T.);
#3700=FILL_AREA_STYLE_COLOUR('',#25);
#3701=FILL_AREA_STYLE('',(#3700));
#3702=SURFACE_STYLE_FILL_AREA(#3701);
#3703=SURFACE_SIDE_STYLE('',(#3702));
#3704=SURFACE_STYLE_USAGE(.POSITIVE.,#3703);
#3705=PRESENTATION_STYLE_ASSIGNMENT((#3704));
#3706=STYLED_ITEM('',(#3705),#3699);
#3707=CARTESIAN_POINT('',(0.E0,-1.010016E1,-5.35E0));
#3708=DIRECTION('',(0.E0,1.E0,0.E0));
#3709=DIRECTION('',(-1.E0,0.E0,0.E0));
#3710=AXIS2_PLACEMENT_3D('',#3707,#3708,#3709);
#3711=CYLINDRICAL_SURFACE('',#3710,3.5E-1);
#3712=ORIENTED_EDGE('',*,*,#3690,.T.);
#3714=ORIENTED_EDGE('',*,*,#3713,.F.);
#3716=ORIENTED_EDGE('',*,*,#3715,.T.);
#3718=ORIENTED_EDGE('',*,*,#3717,.T.);
#3719=EDGE_LOOP('',(#3712,#3714,#3716,#3718));
#3720=FACE_OUTER_BOUND('',#3719,.F.);
#3721=ADVANCED_FACE('',(#3720),#3711,.T.);
#3722=FILL_AREA_STYLE_COLOUR('',#25);
#3723=FILL_AREA_STYLE('',(#3722));
#3724=SURFACE_STYLE_FILL_AREA(#3723);
#3725=SURFACE_SIDE_STYLE('',(#3724));
#3726=SURFACE_STYLE_USAGE(.POSITIVE.,#3725);
#3727=PRESENTATION_STYLE_ASSIGNMENT((#3726));
#3728=STYLED_ITEM('',(#3727),#3721);
#3729=CARTESIAN_POINT('',(-3.5E-1,-2.E-1,0.E0));
#3730=DIRECTION('',(-1.E0,0.E0,0.E0));
#3731=DIRECTION('',(0.E0,1.E0,0.E0));
#3732=AXIS2_PLACEMENT_3D('',#3729,#3730,#3731);
#3733=PLANE('',#3732);
#3734=ORIENTED_EDGE('',*,*,#3713,.T.);
#3735=ORIENTED_EDGE('',*,*,#3695,.F.);
#3736=ORIENTED_EDGE('',*,*,#2434,.F.);
#3738=ORIENTED_EDGE('',*,*,#3737,.T.);
#3739=EDGE_LOOP('',(#3734,#3735,#3736,#3738));
#3740=FACE_OUTER_BOUND('',#3739,.F.);
#3741=ADVANCED_FACE('',(#3740),#3733,.T.);
#3742=FILL_AREA_STYLE_COLOUR('',#25);
#3743=FILL_AREA_STYLE('',(#3742));
#3744=SURFACE_STYLE_FILL_AREA(#3743);
#3745=SURFACE_SIDE_STYLE('',(#3744));
#3746=SURFACE_STYLE_USAGE(.POSITIVE.,#3745);
#3747=PRESENTATION_STYLE_ASSIGNMENT((#3746));
#3748=STYLED_ITEM('',(#3747),#3741);
#3749=CARTESIAN_POINT('',(3.5E-1,-2.E-1,0.E0));
#3750=DIRECTION('',(0.E0,-1.E0,0.E0));
#3751=DIRECTION('',(-1.E0,0.E0,0.E0));
#3752=AXIS2_PLACEMENT_3D('',#3749,#3750,#3751);
#3753=PLANE('',#3752);
#3754=ORIENTED_EDGE('',*,*,#3715,.F.);
#3755=ORIENTED_EDGE('',*,*,#3737,.F.);
#3756=ORIENTED_EDGE('',*,*,#2432,.F.);
#3758=ORIENTED_EDGE('',*,*,#3757,.T.);
#3759=EDGE_LOOP('',(#3754,#3755,#3756,#3758));
#3760=FACE_OUTER_BOUND('',#3759,.F.);
#3761=ADVANCED_FACE('',(#3760),#3753,.T.);
#3762=FILL_AREA_STYLE_COLOUR('',#25);
#3763=FILL_AREA_STYLE('',(#3762));
#3764=SURFACE_STYLE_FILL_AREA(#3763);
#3765=SURFACE_SIDE_STYLE('',(#3764));
#3766=SURFACE_STYLE_USAGE(.POSITIVE.,#3765);
#3767=PRESENTATION_STYLE_ASSIGNMENT((#3766));
#3768=STYLED_ITEM('',(#3767),#3761);
#3769=CARTESIAN_POINT('',(3.5E-1,2.E-1,0.E0));
#3770=DIRECTION('',(1.E0,0.E0,0.E0));
#3771=DIRECTION('',(0.E0,-1.E0,0.E0));
#3772=AXIS2_PLACEMENT_3D('',#3769,#3770,#3771);
#3773=PLANE('',#3772);
#3774=ORIENTED_EDGE('',*,*,#3717,.F.);
#3775=ORIENTED_EDGE('',*,*,#3757,.F.);
#3776=ORIENTED_EDGE('',*,*,#2430,.F.);
#3777=ORIENTED_EDGE('',*,*,#3692,.T.);
#3778=EDGE_LOOP('',(#3774,#3775,#3776,#3777));
#3779=FACE_OUTER_BOUND('',#3778,.F.);
#3780=ADVANCED_FACE('',(#3779),#3773,.T.);
#3781=FILL_AREA_STYLE_COLOUR('',#25);
#3782=FILL_AREA_STYLE('',(#3781));
#3783=SURFACE_STYLE_FILL_AREA(#3782);
#3784=SURFACE_SIDE_STYLE('',(#3783));
#3785=SURFACE_STYLE_USAGE(.POSITIVE.,#3784);
#3786=PRESENTATION_STYLE_ASSIGNMENT((#3785));
#3787=STYLED_ITEM('',(#3786),#3780);
#3788=CARTESIAN_POINT('',(2.65E0,2.E-1,0.E0));
#3789=DIRECTION('',(0.E0,1.E0,0.E0));
#3790=DIRECTION('',(1.E0,0.E0,0.E0));
#3791=AXIS2_PLACEMENT_3D('',#3788,#3789,#3790);
#3792=PLANE('',#3791);
#3794=ORIENTED_EDGE('',*,*,#3793,.F.);
#3796=ORIENTED_EDGE('',*,*,#3795,.F.);
#3797=ORIENTED_EDGE('',*,*,#2438,.F.);
#3799=ORIENTED_EDGE('',*,*,#3798,.T.);
#3800=EDGE_LOOP('',(#3794,#3796,#3797,#3799));
#3801=FACE_OUTER_BOUND('',#3800,.F.);
#3802=ADVANCED_FACE('',(#3801),#3792,.T.);
#3803=FILL_AREA_STYLE_COLOUR('',#25);
#3804=FILL_AREA_STYLE('',(#3803));
#3805=SURFACE_STYLE_FILL_AREA(#3804);
#3806=SURFACE_SIDE_STYLE('',(#3805));
#3807=SURFACE_STYLE_USAGE(.POSITIVE.,#3806);
#3808=PRESENTATION_STYLE_ASSIGNMENT((#3807));
#3809=STYLED_ITEM('',(#3808),#3802);
#3810=CARTESIAN_POINT('',(3.E0,-1.010016E1,-5.35E0));
#3811=DIRECTION('',(0.E0,1.E0,0.E0));
#3812=DIRECTION('',(-1.E0,0.E0,0.E0));
#3813=AXIS2_PLACEMENT_3D('',#3810,#3811,#3812);
#3814=CYLINDRICAL_SURFACE('',#3813,3.5E-1);
#3815=ORIENTED_EDGE('',*,*,#3793,.T.);
#3817=ORIENTED_EDGE('',*,*,#3816,.F.);
#3819=ORIENTED_EDGE('',*,*,#3818,.T.);
#3821=ORIENTED_EDGE('',*,*,#3820,.T.);
#3822=EDGE_LOOP('',(#3815,#3817,#3819,#3821));
#3823=FACE_OUTER_BOUND('',#3822,.F.);
#3824=ADVANCED_FACE('',(#3823),#3814,.T.);
#3825=FILL_AREA_STYLE_COLOUR('',#25);
#3826=FILL_AREA_STYLE('',(#3825));
#3827=SURFACE_STYLE_FILL_AREA(#3826);
#3828=SURFACE_SIDE_STYLE('',(#3827));
#3829=SURFACE_STYLE_USAGE(.POSITIVE.,#3828);
#3830=PRESENTATION_STYLE_ASSIGNMENT((#3829));
#3831=STYLED_ITEM('',(#3830),#3824);
#3832=CARTESIAN_POINT('',(2.65E0,-2.E-1,0.E0));
#3833=DIRECTION('',(-1.E0,0.E0,0.E0));
#3834=DIRECTION('',(0.E0,1.E0,0.E0));
#3835=AXIS2_PLACEMENT_3D('',#3832,#3833,#3834);
#3836=PLANE('',#3835);
#3837=ORIENTED_EDGE('',*,*,#3816,.T.);
#3838=ORIENTED_EDGE('',*,*,#3798,.F.);
#3839=ORIENTED_EDGE('',*,*,#2444,.F.);
#3841=ORIENTED_EDGE('',*,*,#3840,.T.);
#3842=EDGE_LOOP('',(#3837,#3838,#3839,#3841));
#3843=FACE_OUTER_BOUND('',#3842,.F.);
#3844=ADVANCED_FACE('',(#3843),#3836,.T.);
#3845=FILL_AREA_STYLE_COLOUR('',#25);
#3846=FILL_AREA_STYLE('',(#3845));
#3847=SURFACE_STYLE_FILL_AREA(#3846);
#3848=SURFACE_SIDE_STYLE('',(#3847));
#3849=SURFACE_STYLE_USAGE(.POSITIVE.,#3848);
#3850=PRESENTATION_STYLE_ASSIGNMENT((#3849));
#3851=STYLED_ITEM('',(#3850),#3844);
#3852=CARTESIAN_POINT('',(3.35E0,-2.E-1,0.E0));
#3853=DIRECTION('',(0.E0,-1.E0,0.E0));
#3854=DIRECTION('',(-1.E0,0.E0,0.E0));
#3855=AXIS2_PLACEMENT_3D('',#3852,#3853,#3854);
#3856=PLANE('',#3855);
#3857=ORIENTED_EDGE('',*,*,#3818,.F.);
#3858=ORIENTED_EDGE('',*,*,#3840,.F.);
#3859=ORIENTED_EDGE('',*,*,#2442,.F.);
#3861=ORIENTED_EDGE('',*,*,#3860,.T.);
#3862=EDGE_LOOP('',(#3857,#3858,#3859,#3861));
#3863=FACE_OUTER_BOUND('',#3862,.F.);
#3864=ADVANCED_FACE('',(#3863),#3856,.T.);
#3865=FILL_AREA_STYLE_COLOUR('',#25);
#3866=FILL_AREA_STYLE('',(#3865));
#3867=SURFACE_STYLE_FILL_AREA(#3866);
#3868=SURFACE_SIDE_STYLE('',(#3867));
#3869=SURFACE_STYLE_USAGE(.POSITIVE.,#3868);
#3870=PRESENTATION_STYLE_ASSIGNMENT((#3869));
#3871=STYLED_ITEM('',(#3870),#3864);
#3872=CARTESIAN_POINT('',(3.35E0,2.E-1,0.E0));
#3873=DIRECTION('',(1.E0,0.E0,0.E0));
#3874=DIRECTION('',(0.E0,-1.E0,0.E0));
#3875=AXIS2_PLACEMENT_3D('',#3872,#3873,#3874);
#3876=PLANE('',#3875);
#3877=ORIENTED_EDGE('',*,*,#3820,.F.);
#3878=ORIENTED_EDGE('',*,*,#3860,.F.);
#3879=ORIENTED_EDGE('',*,*,#2440,.F.);
#3880=ORIENTED_EDGE('',*,*,#3795,.T.);
#3881=EDGE_LOOP('',(#3877,#3878,#3879,#3880));
#3882=FACE_OUTER_BOUND('',#3881,.F.);
#3883=ADVANCED_FACE('',(#3882),#3876,.T.);
#3884=FILL_AREA_STYLE_COLOUR('',#25);
#3885=FILL_AREA_STYLE('',(#3884));
#3886=SURFACE_STYLE_FILL_AREA(#3885);
#3887=SURFACE_SIDE_STYLE('',(#3886));
#3888=SURFACE_STYLE_USAGE(.POSITIVE.,#3887);
#3889=PRESENTATION_STYLE_ASSIGNMENT((#3888));
#3890=STYLED_ITEM('',(#3889),#3883);
#3891=CARTESIAN_POINT('',(-1.2497E0,4.721E-1,0.E0));
#3892=DIRECTION('',(-1.E0,0.E0,0.E0));
#3893=DIRECTION('',(0.E0,1.E0,0.E0));
#3894=AXIS2_PLACEMENT_3D('',#3891,#3892,#3893);
#3895=PLANE('',#3894);
#3896=ORIENTED_EDGE('',*,*,#2448,.F.);
#3898=ORIENTED_EDGE('',*,*,#3897,.T.);
#3900=ORIENTED_EDGE('',*,*,#3899,.T.);
#3902=ORIENTED_EDGE('',*,*,#3901,.F.);
#3903=EDGE_LOOP('',(#3896,#3898,#3900,#3902));
#3904=FACE_OUTER_BOUND('',#3903,.F.);
#3905=ADVANCED_FACE('',(#3904),#3895,.T.);
#3906=FILL_AREA_STYLE_COLOUR('',#5);
#3907=FILL_AREA_STYLE('',(#3906));
#3908=SURFACE_STYLE_FILL_AREA(#3907);
#3909=SURFACE_SIDE_STYLE('',(#3908));
#3910=SURFACE_STYLE_USAGE(.POSITIVE.,#3909);
#3911=PRESENTATION_STYLE_ASSIGNMENT((#3910));
#3912=STYLED_ITEM('',(#3911),#3905);
#3913=CARTESIAN_POINT('',(-1.17765E0,4.721E-1,0.E0));
#3914=DIRECTION('',(0.E0,-1.E0,0.E0));
#3915=DIRECTION('',(-1.E0,0.E0,0.E0));
#3916=AXIS2_PLACEMENT_3D('',#3913,#3914,#3915);
#3917=PLANE('',#3916);
#3918=ORIENTED_EDGE('',*,*,#2458,.F.);
#3920=ORIENTED_EDGE('',*,*,#3919,.T.);
#3922=ORIENTED_EDGE('',*,*,#3921,.T.);
#3923=ORIENTED_EDGE('',*,*,#3897,.F.);
#3924=EDGE_LOOP('',(#3918,#3920,#3922,#3923));
#3925=FACE_OUTER_BOUND('',#3924,.F.);
#3926=ADVANCED_FACE('',(#3925),#3917,.T.);
#3927=FILL_AREA_STYLE_COLOUR('',#5);
#3928=FILL_AREA_STYLE('',(#3927));
#3929=SURFACE_STYLE_FILL_AREA(#3928);
#3930=SURFACE_SIDE_STYLE('',(#3929));
#3931=SURFACE_STYLE_USAGE(.POSITIVE.,#3930);
#3932=PRESENTATION_STYLE_ASSIGNMENT((#3931));
#3933=STYLED_ITEM('',(#3932),#3926);
#3934=CARTESIAN_POINT('',(-1.17765E0,9.749170214593E-1,0.E0));
#3935=DIRECTION('',(1.E0,0.E0,0.E0));
#3936=DIRECTION('',(0.E0,-1.E0,0.E0));
#3937=AXIS2_PLACEMENT_3D('',#3934,#3935,#3936);
#3938=PLANE('',#3937);
#3939=ORIENTED_EDGE('',*,*,#2456,.F.);
#3941=ORIENTED_EDGE('',*,*,#3940,.T.);
#3943=ORIENTED_EDGE('',*,*,#3942,.T.);
#3944=ORIENTED_EDGE('',*,*,#3919,.F.);
#3945=EDGE_LOOP('',(#3939,#3941,#3943,#3944));
#3946=FACE_OUTER_BOUND('',#3945,.F.);
#3947=ADVANCED_FACE('',(#3946),#3938,.T.);
#3948=FILL_AREA_STYLE_COLOUR('',#5);
#3949=FILL_AREA_STYLE('',(#3948));
#3950=SURFACE_STYLE_FILL_AREA(#3949);
#3951=SURFACE_SIDE_STYLE('',(#3950));
#3952=SURFACE_STYLE_USAGE(.POSITIVE.,#3951);
#3953=PRESENTATION_STYLE_ASSIGNMENT((#3952));
#3954=STYLED_ITEM('',(#3953),#3947);
#3955=CARTESIAN_POINT('',(-8.174E-1,9.749170214593E-1,0.E0));
#3956=DIRECTION('',(0.E0,-1.E0,0.E0));
#3957=DIRECTION('',(-1.E0,0.E0,0.E0));
#3958=AXIS2_PLACEMENT_3D('',#3955,#3956,#3957);
#3959=PLANE('',#3958);
#3960=ORIENTED_EDGE('',*,*,#2454,.F.);
#3962=ORIENTED_EDGE('',*,*,#3961,.T.);
#3964=ORIENTED_EDGE('',*,*,#3963,.T.);
#3965=ORIENTED_EDGE('',*,*,#3940,.F.);
#3966=EDGE_LOOP('',(#3960,#3962,#3964,#3965));
#3967=FACE_OUTER_BOUND('',#3966,.F.);
#3968=ADVANCED_FACE('',(#3967),#3959,.T.);
#3969=FILL_AREA_STYLE_COLOUR('',#5);
#3970=FILL_AREA_STYLE('',(#3969));
#3971=SURFACE_STYLE_FILL_AREA(#3970);
#3972=SURFACE_SIDE_STYLE('',(#3971));
#3973=SURFACE_STYLE_USAGE(.POSITIVE.,#3972);
#3974=PRESENTATION_STYLE_ASSIGNMENT((#3973));
#3975=STYLED_ITEM('',(#3974),#3968);
#3976=CARTESIAN_POINT('',(-8.174E-1,1.0485E0,0.E0));
#3977=DIRECTION('',(1.E0,0.E0,0.E0));
#3978=DIRECTION('',(0.E0,-1.E0,0.E0));
#3979=AXIS2_PLACEMENT_3D('',#3976,#3977,#3978);
#3980=PLANE('',#3979);
#3981=ORIENTED_EDGE('',*,*,#2452,.F.);
#3983=ORIENTED_EDGE('',*,*,#3982,.T.);
#3985=ORIENTED_EDGE('',*,*,#3984,.T.);
#3986=ORIENTED_EDGE('',*,*,#3961,.F.);
#3987=EDGE_LOOP('',(#3981,#3983,#3985,#3986));
#3988=FACE_OUTER_BOUND('',#3987,.F.);
#3989=ADVANCED_FACE('',(#3988),#3980,.T.);
#3990=FILL_AREA_STYLE_COLOUR('',#5);
#3991=FILL_AREA_STYLE('',(#3990));
#3992=SURFACE_STYLE_FILL_AREA(#3991);
#3993=SURFACE_SIDE_STYLE('',(#3992));
#3994=SURFACE_STYLE_USAGE(.POSITIVE.,#3993);
#3995=PRESENTATION_STYLE_ASSIGNMENT((#3994));
#3996=STYLED_ITEM('',(#3995),#3989);
#3997=CARTESIAN_POINT('',(-1.2497E0,1.0485E0,0.E0));
#3998=DIRECTION('',(0.E0,1.E0,0.E0));
#3999=DIRECTION('',(1.E0,0.E0,0.E0));
#4000=AXIS2_PLACEMENT_3D('',#3997,#3998,#3999);
#4001=PLANE('',#4000);
#4002=ORIENTED_EDGE('',*,*,#2450,.F.);
#4003=ORIENTED_EDGE('',*,*,#3901,.T.);
#4005=ORIENTED_EDGE('',*,*,#4004,.T.);
#4006=ORIENTED_EDGE('',*,*,#3982,.F.);
#4007=EDGE_LOOP('',(#4002,#4003,#4005,#4006));
#4008=FACE_OUTER_BOUND('',#4007,.F.);
#4009=ADVANCED_FACE('',(#4008),#4001,.T.);
#4010=FILL_AREA_STYLE_COLOUR('',#5);
#4011=FILL_AREA_STYLE('',(#4010));
#4012=SURFACE_STYLE_FILL_AREA(#4011);
#4013=SURFACE_SIDE_STYLE('',(#4012));
#4014=SURFACE_STYLE_USAGE(.POSITIVE.,#4013);
#4015=PRESENTATION_STYLE_ASSIGNMENT((#4014));
#4016=STYLED_ITEM('',(#4015),#4009);
#4017=CARTESIAN_POINT('',(0.E0,0.E0,-1.E-2));
#4018=DIRECTION('',(0.E0,0.E0,-1.E0));
#4019=DIRECTION('',(1.E0,0.E0,0.E0));
#4020=AXIS2_PLACEMENT_3D('',#4017,#4018,#4019);
#4021=PLANE('',#4020);
#4022=ORIENTED_EDGE('',*,*,#3899,.F.);
#4023=ORIENTED_EDGE('',*,*,#3921,.F.);
#4024=ORIENTED_EDGE('',*,*,#3942,.F.);
#4025=ORIENTED_EDGE('',*,*,#3963,.F.);
#4026=ORIENTED_EDGE('',*,*,#3984,.F.);
#4027=ORIENTED_EDGE('',*,*,#4004,.F.);
#4028=EDGE_LOOP('',(#4022,#4023,#4024,#4025,#4026,#4027));
#4029=FACE_OUTER_BOUND('',#4028,.F.);
#4030=ADVANCED_FACE('',(#4029),#4021,.T.);
#4031=FILL_AREA_STYLE_COLOUR('',#5);
#4032=FILL_AREA_STYLE('',(#4031));
#4033=SURFACE_STYLE_FILL_AREA(#4032);
#4034=SURFACE_SIDE_STYLE('',(#4033));
#4035=SURFACE_STYLE_USAGE(.POSITIVE.,#4034);
#4036=PRESENTATION_STYLE_ASSIGNMENT((#4035));
#4037=STYLED_ITEM('',(#4036),#4030);
#4038=CARTESIAN_POINT('',(0.E0,0.E0,-1.E-2));
#4039=DIRECTION('',(0.E0,0.E0,-1.E0));
#4040=DIRECTION('',(1.E0,0.E0,0.E0));
#4041=AXIS2_PLACEMENT_3D('',#4038,#4039,#4040);
#4042=PLANE('',#4041);
#4044=ORIENTED_EDGE('',*,*,#4043,.F.);
#4046=ORIENTED_EDGE('',*,*,#4045,.F.);
#4048=ORIENTED_EDGE('',*,*,#4047,.F.);
#4050=ORIENTED_EDGE('',*,*,#4049,.F.);
#4052=ORIENTED_EDGE('',*,*,#4051,.F.);
#4054=ORIENTED_EDGE('',*,*,#4053,.F.);
#4055=ORIENTED_EDGE('',*,*,#2357,.F.);
#4057=ORIENTED_EDGE('',*,*,#4056,.F.);
#4059=ORIENTED_EDGE('',*,*,#4058,.F.);
#4061=ORIENTED_EDGE('',*,*,#4060,.F.);
#4063=ORIENTED_EDGE('',*,*,#4062,.F.);
#4065=ORIENTED_EDGE('',*,*,#4064,.F.);
#4067=ORIENTED_EDGE('',*,*,#4066,.F.);
#4069=ORIENTED_EDGE('',*,*,#4068,.F.);
#4071=ORIENTED_EDGE('',*,*,#4070,.F.);
#4073=ORIENTED_EDGE('',*,*,#4072,.F.);
#4075=ORIENTED_EDGE('',*,*,#4074,.F.);
#4077=ORIENTED_EDGE('',*,*,#4076,.F.);
#4079=ORIENTED_EDGE('',*,*,#4078,.F.);
#4081=ORIENTED_EDGE('',*,*,#4080,.F.);
#4083=ORIENTED_EDGE('',*,*,#4082,.F.);
#4085=ORIENTED_EDGE('',*,*,#4084,.F.);
#4087=ORIENTED_EDGE('',*,*,#4086,.F.);
#4089=ORIENTED_EDGE('',*,*,#4088,.F.);
#4091=ORIENTED_EDGE('',*,*,#4090,.F.);
#4093=ORIENTED_EDGE('',*,*,#4092,.F.);
#4095=ORIENTED_EDGE('',*,*,#4094,.F.);
#4097=ORIENTED_EDGE('',*,*,#4096,.F.);
#4099=ORIENTED_EDGE('',*,*,#4098,.F.);
#4101=ORIENTED_EDGE('',*,*,#4100,.F.);
#4103=ORIENTED_EDGE('',*,*,#4102,.F.);
#4105=ORIENTED_EDGE('',*,*,#4104,.F.);
#4107=ORIENTED_EDGE('',*,*,#4106,.F.);
#4109=ORIENTED_EDGE('',*,*,#4108,.F.);
#4111=ORIENTED_EDGE('',*,*,#4110,.F.);
#4113=ORIENTED_EDGE('',*,*,#4112,.F.);
#4115=ORIENTED_EDGE('',*,*,#4114,.F.);
#4117=ORIENTED_EDGE('',*,*,#4116,.F.);
#4119=ORIENTED_EDGE('',*,*,#4118,.F.);
#4121=ORIENTED_EDGE('',*,*,#4120,.F.);
#4122=EDGE_LOOP('',(#4044,#4046,#4048,#4050,#4052,#4054,#4055,#4057,#4059,#4061,
#4063,#4065,#4067,#4069,#4071,#4073,#4075,#4077,#4079,#4081,#4083,#4085,#4087,
#4089,#4091,#4093,#4095,#4097,#4099,#4101,#4103,#4105,#4107,#4109,#4111,#4113,
#4115,#4117,#4119,#4121));
#4123=FACE_OUTER_BOUND('',#4122,.F.);
#4124=ADVANCED_FACE('',(#4123),#4042,.T.);
#4125=FILL_AREA_STYLE_COLOUR('',#5);
#4126=FILL_AREA_STYLE('',(#4125));
#4127=SURFACE_STYLE_FILL_AREA(#4126);
#4128=SURFACE_SIDE_STYLE('',(#4127));
#4129=SURFACE_STYLE_USAGE(.POSITIVE.,#4128);
#4130=PRESENTATION_STYLE_ASSIGNMENT((#4129));
#4131=STYLED_ITEM('',(#4130),#4124);
#4132=CARTESIAN_POINT('',(0.E0,0.E0,-1.E-2));
#4133=DIRECTION('',(0.E0,0.E0,-1.E0));
#4134=DIRECTION('',(1.E0,0.E0,0.E0));
#4135=AXIS2_PLACEMENT_3D('',#4132,#4133,#4134);
#4136=PLANE('',#4135);
#4138=ORIENTED_EDGE('',*,*,#4137,.F.);
#4140=ORIENTED_EDGE('',*,*,#4139,.F.);
#4142=ORIENTED_EDGE('',*,*,#4141,.F.);
#4144=ORIENTED_EDGE('',*,*,#4143,.F.);
#4146=ORIENTED_EDGE('',*,*,#4145,.F.);
#4148=ORIENTED_EDGE('',*,*,#4147,.F.);
#4150=ORIENTED_EDGE('',*,*,#4149,.F.);
#4152=ORIENTED_EDGE('',*,*,#4151,.F.);
#4154=ORIENTED_EDGE('',*,*,#4153,.F.);
#4156=ORIENTED_EDGE('',*,*,#4155,.F.);
#4158=ORIENTED_EDGE('',*,*,#4157,.F.);
#4160=ORIENTED_EDGE('',*,*,#4159,.F.);
#4161=EDGE_LOOP('',(#4138,#4140,#4142,#4144,#4146,#4148,#4150,#4152,#4154,#4156,
#4158,#4160));
#4162=FACE_OUTER_BOUND('',#4161,.F.);
#4163=ADVANCED_FACE('',(#4162),#4136,.T.);
#4164=FILL_AREA_STYLE_COLOUR('',#5);
#4165=FILL_AREA_STYLE('',(#4164));
#4166=SURFACE_STYLE_FILL_AREA(#4165);
#4167=SURFACE_SIDE_STYLE('',(#4166));
#4168=SURFACE_STYLE_USAGE(.POSITIVE.,#4167);
#4169=PRESENTATION_STYLE_ASSIGNMENT((#4168));
#4170=STYLED_ITEM('',(#4169),#4163);
#4171=CARTESIAN_POINT('',(0.E0,0.E0,-1.E-2));
#4172=DIRECTION('',(0.E0,0.E0,-1.E0));
#4173=DIRECTION('',(1.E0,0.E0,0.E0));
#4174=AXIS2_PLACEMENT_3D('',#4171,#4172,#4173);
#4175=PLANE('',#4174);
#4177=ORIENTED_EDGE('',*,*,#4176,.F.);
#4179=ORIENTED_EDGE('',*,*,#4178,.F.);
#4181=ORIENTED_EDGE('',*,*,#4180,.F.);
#4183=ORIENTED_EDGE('',*,*,#4182,.F.);
#4185=ORIENTED_EDGE('',*,*,#4184,.F.);
#4187=ORIENTED_EDGE('',*,*,#4186,.F.);
#4189=ORIENTED_EDGE('',*,*,#4188,.F.);
#4191=ORIENTED_EDGE('',*,*,#4190,.F.);
#4193=ORIENTED_EDGE('',*,*,#4192,.F.);
#4195=ORIENTED_EDGE('',*,*,#4194,.F.);
#4197=ORIENTED_EDGE('',*,*,#4196,.F.);
#4199=ORIENTED_EDGE('',*,*,#4198,.F.);
#4201=ORIENTED_EDGE('',*,*,#4200,.F.);
#4203=ORIENTED_EDGE('',*,*,#4202,.F.);
#4204=EDGE_LOOP('',(#4177,#4179,#4181,#4183,#4185,#4187,#4189,#4191,#4193,#4195,
#4197,#4199,#4201,#4203));
#4205=FACE_OUTER_BOUND('',#4204,.F.);
#4207=ORIENTED_EDGE('',*,*,#4206,.F.);
#4209=ORIENTED_EDGE('',*,*,#4208,.F.);
#4211=ORIENTED_EDGE('',*,*,#4210,.F.);
#4213=ORIENTED_EDGE('',*,*,#4212,.F.);
#4215=ORIENTED_EDGE('',*,*,#4214,.F.);
#4217=ORIENTED_EDGE('',*,*,#4216,.F.);
#4219=ORIENTED_EDGE('',*,*,#4218,.F.);
#4221=ORIENTED_EDGE('',*,*,#4220,.F.);
#4223=ORIENTED_EDGE('',*,*,#4222,.F.);
#4225=ORIENTED_EDGE('',*,*,#4224,.F.);
#4227=ORIENTED_EDGE('',*,*,#4226,.F.);
#4229=ORIENTED_EDGE('',*,*,#4228,.F.);
#4230=EDGE_LOOP('',(#4207,#4209,#4211,#4213,#4215,#4217,#4219,#4221,#4223,#4225,
#4227,#4229));
#4231=FACE_BOUND('',#4230,.F.);
#4232=ADVANCED_FACE('',(#4205,#4231),#4175,.T.);
#4233=FILL_AREA_STYLE_COLOUR('',#5);
#4234=FILL_AREA_STYLE('',(#4233));
#4235=SURFACE_STYLE_FILL_AREA(#4234);
#4236=SURFACE_SIDE_STYLE('',(#4235));
#4237=SURFACE_STYLE_USAGE(.POSITIVE.,#4236);
#4238=PRESENTATION_STYLE_ASSIGNMENT((#4237));
#4239=STYLED_ITEM('',(#4238),#4232);
#4240=CARTESIAN_POINT('',(0.E0,0.E0,-1.E-2));
#4241=DIRECTION('',(0.E0,0.E0,-1.E0));
#4242=DIRECTION('',(1.E0,0.E0,0.E0));
#4243=AXIS2_PLACEMENT_3D('',#4240,#4241,#4242);
#4244=PLANE('',#4243);
#4246=ORIENTED_EDGE('',*,*,#4245,.F.);
#4248=ORIENTED_EDGE('',*,*,#4247,.F.);
#4250=ORIENTED_EDGE('',*,*,#4249,.F.);
#4252=ORIENTED_EDGE('',*,*,#4251,.F.);
#4254=ORIENTED_EDGE('',*,*,#4253,.F.);
#4256=ORIENTED_EDGE('',*,*,#4255,.F.);
#4258=ORIENTED_EDGE('',*,*,#4257,.F.);
#4260=ORIENTED_EDGE('',*,*,#4259,.F.);
#4261=EDGE_LOOP('',(#4246,#4248,#4250,#4252,#4254,#4256,#4258,#4260));
#4262=FACE_OUTER_BOUND('',#4261,.F.);
#4264=ORIENTED_EDGE('',*,*,#4263,.F.);
#4266=ORIENTED_EDGE('',*,*,#4265,.F.);
#4268=ORIENTED_EDGE('',*,*,#4267,.F.);
#4269=EDGE_LOOP('',(#4264,#4266,#4268));
#4270=FACE_BOUND('',#4269,.F.);
#4271=ADVANCED_FACE('',(#4262,#4270),#4244,.T.);
#4272=FILL_AREA_STYLE_COLOUR('',#5);
#4273=FILL_AREA_STYLE('',(#4272));
#4274=SURFACE_STYLE_FILL_AREA(#4273);
#4275=SURFACE_SIDE_STYLE('',(#4274));
#4276=SURFACE_STYLE_USAGE(.POSITIVE.,#4275);
#4277=PRESENTATION_STYLE_ASSIGNMENT((#4276));
#4278=STYLED_ITEM('',(#4277),#4271);
#4279=CARTESIAN_POINT('',(-2.530083562374E-1,9.013340429187E-1,0.E0));
#4280=DIRECTION('',(0.E0,-1.E0,0.E0));
#4281=DIRECTION('',(-1.E0,0.E0,0.E0));
#4282=AXIS2_PLACEMENT_3D('',#4279,#4280,#4281);
#4283=PLANE('',#4282);
#4284=ORIENTED_EDGE('',*,*,#2462,.F.);
#4286=ORIENTED_EDGE('',*,*,#4285,.T.);
#4287=ORIENTED_EDGE('',*,*,#4043,.T.);
#4289=ORIENTED_EDGE('',*,*,#4288,.F.);
#4290=EDGE_LOOP('',(#4284,#4286,#4287,#4289));
#4291=FACE_OUTER_BOUND('',#4290,.F.);
#4292=ADVANCED_FACE('',(#4291),#4283,.T.);
#4293=FILL_AREA_STYLE_COLOUR('',#5);
#4294=FILL_AREA_STYLE('',(#4293));
#4295=SURFACE_STYLE_FILL_AREA(#4294);
#4296=SURFACE_SIDE_STYLE('',(#4295));
#4297=SURFACE_STYLE_USAGE(.POSITIVE.,#4296);
#4298=PRESENTATION_STYLE_ASSIGNMENT((#4297));
#4299=STYLED_ITEM('',(#4298),#4292);
#4300=CARTESIAN_POINT('',(-2.650166437626E-1,9.626531931341E-1,0.E0));
#4301=DIRECTION('',(9.813592778365E-1,1.921821214477E-1,0.E0));
#4302=DIRECTION('',(1.921821214477E-1,-9.813592778365E-1,0.E0));
#4303=AXIS2_PLACEMENT_3D('',#4300,#4301,#4302);
#4304=PLANE('',#4303);
#4305=ORIENTED_EDGE('',*,*,#2539,.F.);
#4307=ORIENTED_EDGE('',*,*,#4306,.T.);
#4308=ORIENTED_EDGE('',*,*,#4045,.T.);
#4309=ORIENTED_EDGE('',*,*,#4285,.F.);
#4310=EDGE_LOOP('',(#4305,#4307,#4308,#4309));
#4311=FACE_OUTER_BOUND('',#4310,.F.);
#4312=ADVANCED_FACE('',(#4311),#4304,.T.);
#4313=FILL_AREA_STYLE_COLOUR('',#5);
#4314=FILL_AREA_STYLE('',(#4313));
#4315=SURFACE_STYLE_FILL_AREA(#4314);
#4316=SURFACE_SIDE_STYLE('',(#4315));
#4317=SURFACE_STYLE_USAGE(.POSITIVE.,#4316);
#4318=PRESENTATION_STYLE_ASSIGNMENT((#4317));
#4319=STYLED_ITEM('',(#4318),#4312);
#4320=CARTESIAN_POINT('',(-3.1305E-1,1.011708510730E0,0.E0));
#4321=DIRECTION('',(7.145102486526E-1,6.996249742329E-1,0.E0));
#4322=DIRECTION('',(6.996249742329E-1,-7.145102486526E-1,0.E0));
#4323=AXIS2_PLACEMENT_3D('',#4320,#4321,#4322);
#4324=PLANE('',#4323);
#4325=ORIENTED_EDGE('',*,*,#2537,.F.);
#4327=ORIENTED_EDGE('',*,*,#4326,.T.);
#4328=ORIENTED_EDGE('',*,*,#4047,.T.);
#4329=ORIENTED_EDGE('',*,*,#4306,.F.);
#4330=EDGE_LOOP('',(#4325,#4327,#4328,#4329));
#4331=FACE_OUTER_BOUND('',#4330,.F.);
#4332=ADVANCED_FACE('',(#4331),#4324,.T.);
#4333=FILL_AREA_STYLE_COLOUR('',#5);
#4334=FILL_AREA_STYLE('',(#4333));
#4335=SURFACE_STYLE_FILL_AREA(#4334);
#4336=SURFACE_SIDE_STYLE('',(#4335));
#4337=SURFACE_STYLE_USAGE(.POSITIVE.,#4336);
#4338=PRESENTATION_STYLE_ASSIGNMENT((#4337));
#4339=STYLED_ITEM('',(#4338),#4332);
#4340=CARTESIAN_POINT('',(-3.610833562374E-1,1.036236170601E0,0.E0));
#4341=DIRECTION('',(4.547769889117E-1,8.906053505096E-1,0.E0));
#4342=DIRECTION('',(8.906053505096E-1,-4.547769889117E-1,0.E0));
#4343=AXIS2_PLACEMENT_3D('',#4340,#4341,#4342);
#4344=PLANE('',#4343);
#4345=ORIENTED_EDGE('',*,*,#2535,.F.);
#4347=ORIENTED_EDGE('',*,*,#4346,.T.);
#4348=ORIENTED_EDGE('',*,*,#4049,.T.);
#4349=ORIENTED_EDGE('',*,*,#4326,.F.);
#4350=EDGE_LOOP('',(#4345,#4347,#4348,#4349));
#4351=FACE_OUTER_BOUND('',#4350,.F.);
#4352=ADVANCED_FACE('',(#4351),#4344,.T.);
#4353=FILL_AREA_STYLE_COLOUR('',#5);
#4354=FILL_AREA_STYLE('',(#4353));
#4355=SURFACE_STYLE_FILL_AREA(#4354);
#4356=SURFACE_SIDE_STYLE('',(#4355));
#4357=SURFACE_STYLE_USAGE(.POSITIVE.,#4356);
#4358=PRESENTATION_STYLE_ASSIGNMENT((#4357));
#4359=STYLED_ITEM('',(#4358),#4352);
#4360=CARTESIAN_POINT('',(-4.21125E-1,1.0485E0,0.E0));
#4361=DIRECTION('',(2.001234451615E-1,9.797706908745E-1,0.E0));
#4362=DIRECTION('',(9.797706908745E-1,-2.001234451615E-1,0.E0));
#4363=AXIS2_PLACEMENT_3D('',#4360,#4361,#4362);
#4364=PLANE('',#4363);
#4365=ORIENTED_EDGE('',*,*,#2533,.F.);
#4367=ORIENTED_EDGE('',*,*,#4366,.T.);
#4368=ORIENTED_EDGE('',*,*,#4051,.T.);
#4369=ORIENTED_EDGE('',*,*,#4346,.F.);
#4370=EDGE_LOOP('',(#4365,#4367,#4368,#4369));
#4371=FACE_OUTER_BOUND('',#4370,.F.);
#4372=ADVANCED_FACE('',(#4371),#4364,.T.);
#4373=FILL_AREA_STYLE_COLOUR('',#5);
#4374=FILL_AREA_STYLE('',(#4373));
#4375=SURFACE_STYLE_FILL_AREA(#4374);
#4376=SURFACE_SIDE_STYLE('',(#4375));
#4377=SURFACE_STYLE_USAGE(.POSITIVE.,#4376);
#4378=PRESENTATION_STYLE_ASSIGNMENT((#4377));
#4379=STYLED_ITEM('',(#4378),#4372);
#4380=CARTESIAN_POINT('',(-5.292E-1,1.0485E0,0.E0));
#4381=DIRECTION('',(0.E0,1.E0,0.E0));
#4382=DIRECTION('',(1.E0,0.E0,0.E0));
#4383=AXIS2_PLACEMENT_3D('',#4380,#4381,#4382);
#4384=PLANE('',#4383);
#4385=ORIENTED_EDGE('',*,*,#2531,.F.);
#4386=ORIENTED_EDGE('',*,*,#2359,.T.);
#4387=ORIENTED_EDGE('',*,*,#4053,.T.);
#4388=ORIENTED_EDGE('',*,*,#4366,.F.);
#4389=EDGE_LOOP('',(#4385,#4386,#4387,#4388));
#4390=FACE_OUTER_BOUND('',#4389,.F.);
#4391=ADVANCED_FACE('',(#4390),#4384,.T.);
#4392=FILL_AREA_STYLE_COLOUR('',#5);
#4393=FILL_AREA_STYLE('',(#4392));
#4394=SURFACE_STYLE_FILL_AREA(#4393);
#4395=SURFACE_SIDE_STYLE('',(#4394));
#4396=SURFACE_STYLE_USAGE(.POSITIVE.,#4395);
#4397=PRESENTATION_STYLE_ASSIGNMENT((#4396));
#4398=STYLED_ITEM('',(#4397),#4391);
#4399=CARTESIAN_POINT('',(-3.250583562374E-1,9.013340429187E-1,0.E0));
#4400=DIRECTION('',(-9.506455412394E-1,-3.102789952956E-1,0.E0));
#4401=DIRECTION('',(-3.102789952956E-1,9.506455412394E-1,0.E0));
#4402=AXIS2_PLACEMENT_3D('',#4399,#4400,#4401);
#4403=PLANE('',#4402);
#4404=ORIENTED_EDGE('',*,*,#2464,.F.);
#4405=ORIENTED_EDGE('',*,*,#4288,.T.);
#4406=ORIENTED_EDGE('',*,*,#4120,.T.);
#4408=ORIENTED_EDGE('',*,*,#4407,.F.);
#4409=EDGE_LOOP('',(#4404,#4405,#4406,#4408));
#4410=FACE_OUTER_BOUND('',#4409,.F.);
#4411=ADVANCED_FACE('',(#4410),#4403,.T.);
#4412=FILL_AREA_STYLE_COLOUR('',#5);
#4413=FILL_AREA_STYLE('',(#4412));
#4414=SURFACE_STYLE_FILL_AREA(#4413);
#4415=SURFACE_SIDE_STYLE('',(#4414));
#4416=SURFACE_STYLE_USAGE(.POSITIVE.,#4415);
#4417=PRESENTATION_STYLE_ASSIGNMENT((#4416));
#4418=STYLED_ITEM('',(#4417),#4411);
#4419=CARTESIAN_POINT('',(-3.370666437626E-1,9.381255278945E-1,0.E0));
#4420=DIRECTION('',(-5.627910658975E-1,-8.265991871191E-1,0.E0));
#4421=DIRECTION('',(-8.265991871191E-1,5.627910658975E-1,0.E0));
#4422=AXIS2_PLACEMENT_3D('',#4419,#4420,#4421);
#4423=PLANE('',#4422);
#4424=ORIENTED_EDGE('',*,*,#2466,.F.);
#4425=ORIENTED_EDGE('',*,*,#4407,.T.);
#4426=ORIENTED_EDGE('',*,*,#4118,.T.);
#4428=ORIENTED_EDGE('',*,*,#4427,.F.);
#4429=EDGE_LOOP('',(#4424,#4425,#4426,#4428));
#4430=FACE_OUTER_BOUND('',#4429,.F.);
#4431=ADVANCED_FACE('',(#4430),#4423,.T.);
#4432=FILL_AREA_STYLE_COLOUR('',#5);
#4433=FILL_AREA_STYLE('',(#4432));
#4434=SURFACE_STYLE_FILL_AREA(#4433);
#4435=SURFACE_SIDE_STYLE('',(#4434));
#4436=SURFACE_STYLE_USAGE(.POSITIVE.,#4435);
#4437=PRESENTATION_STYLE_ASSIGNMENT((#4436));
#4438=STYLED_ITEM('',(#4437),#4431);
#4439=CARTESIAN_POINT('',(-3.730916437626E-1,9.626531931341E-1,0.E0));
#4440=DIRECTION('',(-2.473831068378E-1,-9.689177459678E-1,0.E0));
#4441=DIRECTION('',(-9.689177459678E-1,2.473831068378E-1,0.E0));
#4442=AXIS2_PLACEMENT_3D('',#4439,#4440,#4441);
#4443=PLANE('',#4442);
#4444=ORIENTED_EDGE('',*,*,#2468,.F.);
#4445=ORIENTED_EDGE('',*,*,#4427,.T.);
#4446=ORIENTED_EDGE('',*,*,#4116,.T.);
#4448=ORIENTED_EDGE('',*,*,#4447,.F.);
#4449=EDGE_LOOP('',(#4444,#4445,#4446,#4448));
#4450=FACE_OUTER_BOUND('',#4449,.F.);
#4451=ADVANCED_FACE('',(#4450),#4443,.T.);
#4452=FILL_AREA_STYLE_COLOUR('',#5);
#4453=FILL_AREA_STYLE('',(#4452));
#4454=SURFACE_STYLE_FILL_AREA(#4453);
#4455=SURFACE_SIDE_STYLE('',(#4454));
#4456=SURFACE_STYLE_USAGE(.POSITIVE.,#4455);
#4457=PRESENTATION_STYLE_ASSIGNMENT((#4456));
#4458=STYLED_ITEM('',(#4457),#4451);
#4459=CARTESIAN_POINT('',(-4.21125E-1,9.749170214593E-1,0.E0));
#4460=DIRECTION('',(0.E0,-1.E0,0.E0));
#4461=DIRECTION('',(-1.E0,0.E0,0.E0));
#4462=AXIS2_PLACEMENT_3D('',#4459,#4460,#4461);
#4463=PLANE('',#4462);
#4464=ORIENTED_EDGE('',*,*,#2470,.F.);
#4465=ORIENTED_EDGE('',*,*,#4447,.T.);
#4466=ORIENTED_EDGE('',*,*,#4114,.T.);
#4468=ORIENTED_EDGE('',*,*,#4467,.F.);
#4469=EDGE_LOOP('',(#4464,#4465,#4466,#4468));
#4470=FACE_OUTER_BOUND('',#4469,.F.);
#4471=ADVANCED_FACE('',(#4470),#4463,.T.);
#4472=FILL_AREA_STYLE_COLOUR('',#5);
#4473=FILL_AREA_STYLE('',(#4472));
#4474=SURFACE_STYLE_FILL_AREA(#4473);
#4475=SURFACE_SIDE_STYLE('',(#4474));
#4476=SURFACE_STYLE_USAGE(.POSITIVE.,#4475);
#4477=PRESENTATION_STYLE_ASSIGNMENT((#4476));
#4478=STYLED_ITEM('',(#4477),#4471);
#4479=CARTESIAN_POINT('',(-5.292E-1,9.749170214593E-1,0.E0));
#4480=DIRECTION('',(2.473831068378E-1,-9.689177459678E-1,0.E0));
#4481=DIRECTION('',(-9.689177459678E-1,-2.473831068378E-1,0.E0));
#4482=AXIS2_PLACEMENT_3D('',#4479,#4480,#4481);
#4483=PLANE('',#4482);
#4484=ORIENTED_EDGE('',*,*,#2472,.F.);
#4485=ORIENTED_EDGE('',*,*,#4467,.T.);
#4486=ORIENTED_EDGE('',*,*,#4112,.T.);
#4488=ORIENTED_EDGE('',*,*,#4487,.F.);
#4489=EDGE_LOOP('',(#4484,#4485,#4486,#4488));
#4490=FACE_OUTER_BOUND('',#4489,.F.);
#4491=ADVANCED_FACE('',(#4490),#4483,.T.);
#4492=FILL_AREA_STYLE_COLOUR('',#5);
#4493=FILL_AREA_STYLE('',(#4492));
#4494=SURFACE_STYLE_FILL_AREA(#4493);
#4495=SURFACE_SIDE_STYLE('',(#4494));
#4496=SURFACE_STYLE_USAGE(.POSITIVE.,#4495);
#4497=PRESENTATION_STYLE_ASSIGNMENT((#4496));
#4498=STYLED_ITEM('',(#4497),#4491);
#4499=CARTESIAN_POINT('',(-5.772333562374E-1,9.626531931341E-1,0.E0));
#4500=DIRECTION('',(5.627910658975E-1,-8.265991871191E-1,0.E0));
#4501=DIRECTION('',(-8.265991871191E-1,-5.627910658975E-1,0.E0));
#4502=AXIS2_PLACEMENT_3D('',#4499,#4500,#4501);
#4503=PLANE('',#4502);
#4504=ORIENTED_EDGE('',*,*,#2474,.F.);
#4505=ORIENTED_EDGE('',*,*,#4487,.T.);
#4506=ORIENTED_EDGE('',*,*,#4110,.T.);
#4508=ORIENTED_EDGE('',*,*,#4507,.F.);
#4509=EDGE_LOOP('',(#4504,#4505,#4506,#4508));
#4510=FACE_OUTER_BOUND('',#4509,.F.);
#4511=ADVANCED_FACE('',(#4510),#4503,.T.);
#4512=FILL_AREA_STYLE_COLOUR('',#5);
#4513=FILL_AREA_STYLE('',(#4512));
#4514=SURFACE_STYLE_FILL_AREA(#4513);
#4515=SURFACE_SIDE_STYLE('',(#4514));
#4516=SURFACE_STYLE_USAGE(.POSITIVE.,#4515);
#4517=PRESENTATION_STYLE_ASSIGNMENT((#4516));
#4518=STYLED_ITEM('',(#4517),#4511);
#4519=CARTESIAN_POINT('',(-6.132583562374E-1,9.381255278945E-1,0.E0));
#4520=DIRECTION('',(8.373793591563E-1,-5.466221810895E-1,0.E0));
#4521=DIRECTION('',(-5.466221810895E-1,-8.373793591563E-1,0.E0));
#4522=AXIS2_PLACEMENT_3D('',#4519,#4520,#4521);
#4523=PLANE('',#4522);
#4524=ORIENTED_EDGE('',*,*,#2476,.F.);
#4525=ORIENTED_EDGE('',*,*,#4507,.T.);
#4526=ORIENTED_EDGE('',*,*,#4108,.T.);
#4528=ORIENTED_EDGE('',*,*,#4527,.F.);
#4529=EDGE_LOOP('',(#4524,#4525,#4526,#4528));
#4530=FACE_OUTER_BOUND('',#4529,.F.);
#4531=ADVANCED_FACE('',(#4530),#4523,.T.);
#4532=FILL_AREA_STYLE_COLOUR('',#5);
#4533=FILL_AREA_STYLE('',(#4532));
#4534=SURFACE_STYLE_FILL_AREA(#4533);
#4535=SURFACE_SIDE_STYLE('',(#4534));
#4536=SURFACE_STYLE_USAGE(.POSITIVE.,#4535);
#4537=PRESENTATION_STYLE_ASSIGNMENT((#4536));
#4538=STYLED_ITEM('',(#4537),#4531);
#4539=CARTESIAN_POINT('',(-6.37275E-1,9.013340429187E-1,0.E0));
#4540=DIRECTION('',(9.713210491251E-1,-2.377717803411E-1,0.E0));
#4541=DIRECTION('',(-2.377717803411E-1,-9.713210491251E-1,0.E0));
#4542=AXIS2_PLACEMENT_3D('',#4539,#4540,#4541);
#4543=PLANE('',#4542);
#4544=ORIENTED_EDGE('',*,*,#2478,.F.);
#4545=ORIENTED_EDGE('',*,*,#4527,.T.);
#4546=ORIENTED_EDGE('',*,*,#4106,.T.);
#4548=ORIENTED_EDGE('',*,*,#4547,.F.);
#4549=EDGE_LOOP('',(#4544,#4545,#4546,#4548));
#4550=FACE_OUTER_BOUND('',#4549,.F.);
#4551=ADVANCED_FACE('',(#4550),#4543,.T.);
#4552=FILL_AREA_STYLE_COLOUR('',#5);
#4553=FILL_AREA_STYLE('',(#4552));
#4554=SURFACE_STYLE_FILL_AREA(#4553);
#4555=SURFACE_SIDE_STYLE('',(#4554));
#4556=SURFACE_STYLE_USAGE(.POSITIVE.,#4555);
#4557=PRESENTATION_STYLE_ASSIGNMENT((#4556));
#4558=STYLED_ITEM('',(#4557),#4551);
#4559=CARTESIAN_POINT('',(-6.492833562374E-1,8.522787296176E-1,0.E0));
#4560=DIRECTION('',(1.E0,0.E0,0.E0));
#4561=DIRECTION('',(0.E0,-1.E0,0.E0));
#4562=AXIS2_PLACEMENT_3D('',#4559,#4560,#4561);
#4563=PLANE('',#4562);
#4564=ORIENTED_EDGE('',*,*,#2480,.F.);
#4565=ORIENTED_EDGE('',*,*,#4547,.T.);
#4566=ORIENTED_EDGE('',*,*,#4104,.T.);
#4568=ORIENTED_EDGE('',*,*,#4567,.F.);
#4569=EDGE_LOOP('',(#4564,#4565,#4566,#4568));
#4570=FACE_OUTER_BOUND('',#4569,.F.);
#4571=ADVANCED_FACE('',(#4570),#4563,.T.);
#4572=FILL_AREA_STYLE_COLOUR('',#5);
#4573=FILL_AREA_STYLE('',(#4572));
#4574=SURFACE_STYLE_FILL_AREA(#4573);
#4575=SURFACE_SIDE_STYLE('',(#4574));
#4576=SURFACE_STYLE_USAGE(.POSITIVE.,#4575);
#4577=PRESENTATION_STYLE_ASSIGNMENT((#4576));
#4578=STYLED_ITEM('',(#4577),#4571);
#4579=CARTESIAN_POINT('',(-6.492833562374E-1,6.683212875605E-1,0.E0));
#4580=DIRECTION('',(9.713210491251E-1,2.377717803411E-1,0.E0));
#4581=DIRECTION('',(2.377717803411E-1,-9.713210491251E-1,0.E0));
#4582=AXIS2_PLACEMENT_3D('',#4579,#4580,#4581);
#4583=PLANE('',#4582);
#4584=ORIENTED_EDGE('',*,*,#2482,.F.);
#4585=ORIENTED_EDGE('',*,*,#4567,.T.);
#4586=ORIENTED_EDGE('',*,*,#4102,.T.);
#4588=ORIENTED_EDGE('',*,*,#4587,.F.);
#4589=EDGE_LOOP('',(#4584,#4585,#4586,#4588));
#4590=FACE_OUTER_BOUND('',#4589,.F.);
#4591=ADVANCED_FACE('',(#4590),#4583,.T.);
#4592=FILL_AREA_STYLE_COLOUR('',#5);
#4593=FILL_AREA_STYLE('',(#4592));
#4594=SURFACE_STYLE_FILL_AREA(#4593);
#4595=SURFACE_SIDE_STYLE('',(#4594));
#4596=SURFACE_STYLE_USAGE(.POSITIVE.,#4595);
#4597=PRESENTATION_STYLE_ASSIGNMENT((#4596));
#4598=STYLED_ITEM('',(#4597),#4591);
#4599=CARTESIAN_POINT('',(-6.37275E-1,6.192659742594E-1,0.E0));
#4600=DIRECTION('',(8.373795927994E-1,5.466218231676E-1,0.E0));
#4601=DIRECTION('',(5.466218231676E-1,-8.373795927994E-1,0.E0));
#4602=AXIS2_PLACEMENT_3D('',#4599,#4600,#4601);
#4603=PLANE('',#4602);
#4604=ORIENTED_EDGE('',*,*,#2484,.F.);
#4605=ORIENTED_EDGE('',*,*,#4587,.T.);
#4606=ORIENTED_EDGE('',*,*,#4100,.T.);
#4608=ORIENTED_EDGE('',*,*,#4607,.F.);
#4609=EDGE_LOOP('',(#4604,#4605,#4606,#4608));
#4610=FACE_OUTER_BOUND('',#4609,.F.);
#4611=ADVANCED_FACE('',(#4610),#4603,.T.);
#4612=FILL_AREA_STYLE_COLOUR('',#5);
#4613=FILL_AREA_STYLE('',(#4612));
#4614=SURFACE_STYLE_FILL_AREA(#4613);
#4615=SURFACE_SIDE_STYLE('',(#4614));
#4616=SURFACE_STYLE_USAGE(.POSITIVE.,#4615);
#4617=PRESENTATION_STYLE_ASSIGNMENT((#4616));
#4618=STYLED_ITEM('',(#4617),#4611);
#4619=CARTESIAN_POINT('',(-6.132583562374E-1,5.824744549274E-1,0.E0));
#4620=DIRECTION('',(5.627909312417E-1,8.265992787996E-1,0.E0));
#4621=DIRECTION('',(8.265992787996E-1,-5.627909312417E-1,0.E0));
#4622=AXIS2_PLACEMENT_3D('',#4619,#4620,#4621);
#4623=PLANE('',#4622);
#4624=ORIENTED_EDGE('',*,*,#2486,.F.);
#4625=ORIENTED_EDGE('',*,*,#4607,.T.);
#4626=ORIENTED_EDGE('',*,*,#4098,.T.);
#4628=ORIENTED_EDGE('',*,*,#4627,.F.);
#4629=EDGE_LOOP('',(#4624,#4625,#4626,#4628));
#4630=FACE_OUTER_BOUND('',#4629,.F.);
#4631=ADVANCED_FACE('',(#4630),#4623,.T.);
#4632=FILL_AREA_STYLE_COLOUR('',#5);
#4633=FILL_AREA_STYLE('',(#4632));
#4634=SURFACE_STYLE_FILL_AREA(#4633);
#4635=SURFACE_SIDE_STYLE('',(#4634));
#4636=SURFACE_STYLE_USAGE(.POSITIVE.,#4635);
#4637=PRESENTATION_STYLE_ASSIGNMENT((#4636));
#4638=STYLED_ITEM('',(#4637),#4631);
#4639=CARTESIAN_POINT('',(-5.772333562374E-1,5.579467982769E-1,0.E0));
#4640=DIRECTION('',(2.473831068378E-1,9.689177459678E-1,0.E0));
#4641=DIRECTION('',(9.689177459678E-1,-2.473831068378E-1,0.E0));
#4642=AXIS2_PLACEMENT_3D('',#4639,#4640,#4641);
#4643=PLANE('',#4642);
#4644=ORIENTED_EDGE('',*,*,#2488,.F.);
#4645=ORIENTED_EDGE('',*,*,#4627,.T.);
#4646=ORIENTED_EDGE('',*,*,#4096,.T.);
#4648=ORIENTED_EDGE('',*,*,#4647,.F.);
#4649=EDGE_LOOP('',(#4644,#4645,#4646,#4648));
#4650=FACE_OUTER_BOUND('',#4649,.F.);
#4651=ADVANCED_FACE('',(#4650),#4643,.T.);
#4652=FILL_AREA_STYLE_COLOUR('',#5);
#4653=FILL_AREA_STYLE('',(#4652));
#4654=SURFACE_STYLE_FILL_AREA(#4653);
#4655=SURFACE_SIDE_STYLE('',(#4654));
#4656=SURFACE_STYLE_USAGE(.POSITIVE.,#4655);
#4657=PRESENTATION_STYLE_ASSIGNMENT((#4656));
#4658=STYLED_ITEM('',(#4657),#4651);
#4659=CARTESIAN_POINT('',(-5.292E-1,5.456829699516E-1,0.E0));
#4660=DIRECTION('',(0.E0,1.E0,0.E0));
#4661=DIRECTION('',(1.E0,0.E0,0.E0));
#4662=AXIS2_PLACEMENT_3D('',#4659,#4660,#4661);
#4663=PLANE('',#4662);
#4664=ORIENTED_EDGE('',*,*,#2490,.F.);
#4665=ORIENTED_EDGE('',*,*,#4647,.T.);
#4666=ORIENTED_EDGE('',*,*,#4094,.T.);
#4668=ORIENTED_EDGE('',*,*,#4667,.F.);
#4669=EDGE_LOOP('',(#4664,#4665,#4666,#4668));
#4670=FACE_OUTER_BOUND('',#4669,.F.);
#4671=ADVANCED_FACE('',(#4670),#4663,.T.);
#4672=FILL_AREA_STYLE_COLOUR('',#5);
#4673=FILL_AREA_STYLE('',(#4672));
#4674=SURFACE_STYLE_FILL_AREA(#4673);
#4675=SURFACE_SIDE_STYLE('',(#4674));
#4676=SURFACE_STYLE_USAGE(.POSITIVE.,#4675);
#4677=PRESENTATION_STYLE_ASSIGNMENT((#4676));
#4678=STYLED_ITEM('',(#4677),#4671);
#4679=CARTESIAN_POINT('',(-4.21125E-1,5.456829699516E-1,0.E0));
#4680=DIRECTION('',(-2.473831068378E-1,9.689177459678E-1,0.E0));
#4681=DIRECTION('',(9.689177459678E-1,2.473831068378E-1,0.E0));
#4682=AXIS2_PLACEMENT_3D('',#4679,#4680,#4681);
#4683=PLANE('',#4682);
#4684=ORIENTED_EDGE('',*,*,#2492,.F.);
#4685=ORIENTED_EDGE('',*,*,#4667,.T.);
#4686=ORIENTED_EDGE('',*,*,#4092,.T.);
#4688=ORIENTED_EDGE('',*,*,#4687,.F.);
#4689=EDGE_LOOP('',(#4684,#4685,#4686,#4688));
#4690=FACE_OUTER_BOUND('',#4689,.F.);
#4691=ADVANCED_FACE('',(#4690),#4683,.T.);
#4692=FILL_AREA_STYLE_COLOUR('',#5);
#4693=FILL_AREA_STYLE('',(#4692));
#4694=SURFACE_STYLE_FILL_AREA(#4693);
#4695=SURFACE_SIDE_STYLE('',(#4694));
#4696=SURFACE_STYLE_USAGE(.POSITIVE.,#4695);
#4697=PRESENTATION_STYLE_ASSIGNMENT((#4696));
#4698=STYLED_ITEM('',(#4697),#4691);
#4699=CARTESIAN_POINT('',(-3.730916437626E-1,5.579467982769E-1,0.E0));
#4700=DIRECTION('',(-5.627909312417E-1,8.265992787996E-1,0.E0));
#4701=DIRECTION('',(8.265992787996E-1,5.627909312417E-1,0.E0));
#4702=AXIS2_PLACEMENT_3D('',#4699,#4700,#4701);
#4703=PLANE('',#4702);
#4704=ORIENTED_EDGE('',*,*,#2494,.F.);
#4705=ORIENTED_EDGE('',*,*,#4687,.T.);
#4706=ORIENTED_EDGE('',*,*,#4090,.T.);
#4708=ORIENTED_EDGE('',*,*,#4707,.F.);
#4709=EDGE_LOOP('',(#4704,#4705,#4706,#4708));
#4710=FACE_OUTER_BOUND('',#4709,.F.);
#4711=ADVANCED_FACE('',(#4710),#4703,.T.);
#4712=FILL_AREA_STYLE_COLOUR('',#5);
#4713=FILL_AREA_STYLE('',(#4712));
#4714=SURFACE_STYLE_FILL_AREA(#4713);
#4715=SURFACE_SIDE_STYLE('',(#4714));
#4716=SURFACE_STYLE_USAGE(.POSITIVE.,#4715);
#4717=PRESENTATION_STYLE_ASSIGNMENT((#4716));
#4718=STYLED_ITEM('',(#4717),#4711);
#4719=CARTESIAN_POINT('',(-3.370666437626E-1,5.824744549274E-1,0.E0));
#4720=DIRECTION('',(-9.506456267027E-1,3.102787334496E-1,0.E0));
#4721=DIRECTION('',(3.102787334496E-1,9.506456267027E-1,0.E0));
#4722=AXIS2_PLACEMENT_3D('',#4719,#4720,#4721);
#4723=PLANE('',#4722);
#4724=ORIENTED_EDGE('',*,*,#2496,.F.);
#4725=ORIENTED_EDGE('',*,*,#4707,.T.);
#4726=ORIENTED_EDGE('',*,*,#4088,.T.);
#4728=ORIENTED_EDGE('',*,*,#4727,.F.);
#4729=EDGE_LOOP('',(#4724,#4725,#4726,#4728));
#4730=FACE_OUTER_BOUND('',#4729,.F.);
#4731=ADVANCED_FACE('',(#4730),#4723,.T.);
#4732=FILL_AREA_STYLE_COLOUR('',#5);
#4733=FILL_AREA_STYLE('',(#4732));
#4734=SURFACE_STYLE_FILL_AREA(#4733);
#4735=SURFACE_SIDE_STYLE('',(#4734));
#4736=SURFACE_STYLE_USAGE(.POSITIVE.,#4735);
#4737=PRESENTATION_STYLE_ASSIGNMENT((#4736));
#4738=STYLED_ITEM('',(#4737),#4731);
#4739=CARTESIAN_POINT('',(-3.250583562374E-1,6.192659742594E-1,0.E0));
#4740=DIRECTION('',(0.E0,1.E0,0.E0));
#4741=DIRECTION('',(1.E0,0.E0,0.E0));
#4742=AXIS2_PLACEMENT_3D('',#4739,#4740,#4741);
#4743=PLANE('',#4742);
#4744=ORIENTED_EDGE('',*,*,#2498,.F.);
#4745=ORIENTED_EDGE('',*,*,#4727,.T.);
#4746=ORIENTED_EDGE('',*,*,#4086,.T.);
#4748=ORIENTED_EDGE('',*,*,#4747,.F.);
#4749=EDGE_LOOP('',(#4744,#4745,#4746,#4748));
#4750=FACE_OUTER_BOUND('',#4749,.F.);
#4751=ADVANCED_FACE('',(#4750),#4743,.T.);
#4752=FILL_AREA_STYLE_COLOUR('',#5);
#4753=FILL_AREA_STYLE('',(#4752));
#4754=SURFACE_STYLE_FILL_AREA(#4753);
#4755=SURFACE_SIDE_STYLE('',(#4754));
#4756=SURFACE_STYLE_USAGE(.POSITIVE.,#4755);
#4757=PRESENTATION_STYLE_ASSIGNMENT((#4756));
#4758=STYLED_ITEM('',(#4757),#4751);
#4759=CARTESIAN_POINT('',(-2.530083562374E-1,6.192659742594E-1,0.E0));
#4760=DIRECTION('',(9.813592930674E-1,-1.921820436730E-1,0.E0));
#4761=DIRECTION('',(-1.921820436730E-1,-9.813592930674E-1,0.E0));
#4762=AXIS2_PLACEMENT_3D('',#4759,#4760,#4761);
#4763=PLANE('',#4762);
#4764=ORIENTED_EDGE('',*,*,#2500,.F.);
#4765=ORIENTED_EDGE('',*,*,#4747,.T.);
#4766=ORIENTED_EDGE('',*,*,#4084,.T.);
#4768=ORIENTED_EDGE('',*,*,#4767,.F.);
#4769=EDGE_LOOP('',(#4764,#4765,#4766,#4768));
#4770=FACE_OUTER_BOUND('',#4769,.F.);
#4771=ADVANCED_FACE('',(#4770),#4763,.T.);
#4772=FILL_AREA_STYLE_COLOUR('',#5);
#4773=FILL_AREA_STYLE('',(#4772));
#4774=SURFACE_STYLE_FILL_AREA(#4773);
#4775=SURFACE_SIDE_STYLE('',(#4774));
#4776=SURFACE_STYLE_USAGE(.POSITIVE.,#4775);
#4777=PRESENTATION_STYLE_ASSIGNMENT((#4776));
#4778=STYLED_ITEM('',(#4777),#4771);
#4779=CARTESIAN_POINT('',(-2.650166437626E-1,5.579467982769E-1,0.E0));
#4780=DIRECTION('',(7.145102180353E-1,-6.996250055017E-1,0.E0));
#4781=DIRECTION('',(-6.996250055017E-1,-7.145102180353E-1,0.E0));
#4782=AXIS2_PLACEMENT_3D('',#4779,#4780,#4781);
#4783=PLANE('',#4782);
#4784=ORIENTED_EDGE('',*,*,#2502,.F.);
#4785=ORIENTED_EDGE('',*,*,#4767,.T.);
#4786=ORIENTED_EDGE('',*,*,#4082,.T.);
#4788=ORIENTED_EDGE('',*,*,#4787,.F.);
#4789=EDGE_LOOP('',(#4784,#4785,#4786,#4788));
#4790=FACE_OUTER_BOUND('',#4789,.F.);
#4791=ADVANCED_FACE('',(#4790),#4783,.T.);
#4792=FILL_AREA_STYLE_COLOUR('',#5);
#4793=FILL_AREA_STYLE('',(#4792));
#4794=SURFACE_STYLE_FILL_AREA(#4793);
#4795=SURFACE_SIDE_STYLE('',(#4794));
#4796=SURFACE_STYLE_USAGE(.POSITIVE.,#4795);
#4797=PRESENTATION_STYLE_ASSIGNMENT((#4796));
#4798=STYLED_ITEM('',(#4797),#4791);
#4799=CARTESIAN_POINT('',(-3.1305E-1,5.088914849758E-1,0.E0));
#4800=DIRECTION('',(4.547769415434E-1,-8.906053746977E-1,0.E0));
#4801=DIRECTION('',(-8.906053746977E-1,-4.547769415434E-1,0.E0));
#4802=AXIS2_PLACEMENT_3D('',#4799,#4800,#4801);
#4803=PLANE('',#4802);
#4804=ORIENTED_EDGE('',*,*,#2504,.F.);
#4805=ORIENTED_EDGE('',*,*,#4787,.T.);
#4806=ORIENTED_EDGE('',*,*,#4080,.T.);
#4808=ORIENTED_EDGE('',*,*,#4807,.F.);
#4809=EDGE_LOOP('',(#4804,#4805,#4806,#4808));
#4810=FACE_OUTER_BOUND('',#4809,.F.);
#4811=ADVANCED_FACE('',(#4810),#4803,.T.);
#4812=FILL_AREA_STYLE_COLOUR('',#5);
#4813=FILL_AREA_STYLE('',(#4812));
#4814=SURFACE_STYLE_FILL_AREA(#4813);
#4815=SURFACE_SIDE_STYLE('',(#4814));
#4816=SURFACE_STYLE_USAGE(.POSITIVE.,#4815);
#4817=PRESENTATION_STYLE_ASSIGNMENT((#4816));
#4818=STYLED_ITEM('',(#4817),#4811);
#4819=CARTESIAN_POINT('',(-3.610833562374E-1,4.843638283253E-1,0.E0));
#4820=DIRECTION('',(2.001234283435E-1,-9.797706943097E-1,0.E0));
#4821=DIRECTION('',(-9.797706943097E-1,-2.001234283435E-1,0.E0));
#4822=AXIS2_PLACEMENT_3D('',#4819,#4820,#4821);
#4823=PLANE('',#4822);
#4824=ORIENTED_EDGE('',*,*,#2506,.F.);
#4825=ORIENTED_EDGE('',*,*,#4807,.T.);
#4826=ORIENTED_EDGE('',*,*,#4078,.T.);
#4828=ORIENTED_EDGE('',*,*,#4827,.F.);
#4829=EDGE_LOOP('',(#4824,#4825,#4826,#4828));
#4830=FACE_OUTER_BOUND('',#4829,.F.);
#4831=ADVANCED_FACE('',(#4830),#4823,.T.);
#4832=FILL_AREA_STYLE_COLOUR('',#5);
#4833=FILL_AREA_STYLE('',(#4832));
#4834=SURFACE_STYLE_FILL_AREA(#4833);
#4835=SURFACE_SIDE_STYLE('',(#4834));
#4836=SURFACE_STYLE_USAGE(.POSITIVE.,#4835);
#4837=PRESENTATION_STYLE_ASSIGNMENT((#4836));
#4838=STYLED_ITEM('',(#4837),#4831);
#4839=CARTESIAN_POINT('',(-4.21125E-1,4.721E-1,0.E0));
#4840=DIRECTION('',(0.E0,-1.E0,0.E0));
#4841=DIRECTION('',(-1.E0,0.E0,0.E0));
#4842=AXIS2_PLACEMENT_3D('',#4839,#4840,#4841);
#4843=PLANE('',#4842);
#4844=ORIENTED_EDGE('',*,*,#2508,.F.);
#4845=ORIENTED_EDGE('',*,*,#4827,.T.);
#4846=ORIENTED_EDGE('',*,*,#4076,.T.);
#4848=ORIENTED_EDGE('',*,*,#4847,.F.);
#4849=EDGE_LOOP('',(#4844,#4845,#4846,#4848));
#4850=FACE_OUTER_BOUND('',#4849,.F.);
#4851=ADVANCED_FACE('',(#4850),#4843,.T.);
#4852=FILL_AREA_STYLE_COLOUR('',#5);
#4853=FILL_AREA_STYLE('',(#4852));
#4854=SURFACE_STYLE_FILL_AREA(#4853);
#4855=SURFACE_SIDE_STYLE('',(#4854));
#4856=SURFACE_STYLE_USAGE(.POSITIVE.,#4855);
#4857=PRESENTATION_STYLE_ASSIGNMENT((#4856));
#4858=STYLED_ITEM('',(#4857),#4851);
#4859=CARTESIAN_POINT('',(-5.292E-1,4.721E-1,0.E0));
#4860=DIRECTION('',(-2.001234283435E-1,-9.797706943097E-1,0.E0));
#4861=DIRECTION('',(-9.797706943097E-1,2.001234283435E-1,0.E0));
#4862=AXIS2_PLACEMENT_3D('',#4859,#4860,#4861);
#4863=PLANE('',#4862);
#4864=ORIENTED_EDGE('',*,*,#2510,.F.);
#4865=ORIENTED_EDGE('',*,*,#4847,.T.);
#4866=ORIENTED_EDGE('',*,*,#4074,.T.);
#4868=ORIENTED_EDGE('',*,*,#4867,.F.);
#4869=EDGE_LOOP('',(#4864,#4865,#4866,#4868));
#4870=FACE_OUTER_BOUND('',#4869,.F.);
#4871=ADVANCED_FACE('',(#4870),#4863,.T.);
#4872=FILL_AREA_STYLE_COLOUR('',#5);
#4873=FILL_AREA_STYLE('',(#4872));
#4874=SURFACE_STYLE_FILL_AREA(#4873);
#4875=SURFACE_SIDE_STYLE('',(#4874));
#4876=SURFACE_STYLE_USAGE(.POSITIVE.,#4875);
#4877=PRESENTATION_STYLE_ASSIGNMENT((#4876));
#4878=STYLED_ITEM('',(#4877),#4871);
#4879=CARTESIAN_POINT('',(-5.892416437626E-1,4.843638283253E-1,0.E0));
#4880=DIRECTION('',(-4.547769415434E-1,-8.906053746977E-1,0.E0));
#4881=DIRECTION('',(-8.906053746977E-1,4.547769415434E-1,0.E0));
#4882=AXIS2_PLACEMENT_3D('',#4879,#4880,#4881);
#4883=PLANE('',#4882);
#4884=ORIENTED_EDGE('',*,*,#2512,.F.);
#4885=ORIENTED_EDGE('',*,*,#4867,.T.);
#4886=ORIENTED_EDGE('',*,*,#4072,.T.);
#4888=ORIENTED_EDGE('',*,*,#4887,.F.);
#4889=EDGE_LOOP('',(#4884,#4885,#4886,#4888));
#4890=FACE_OUTER_BOUND('',#4889,.F.);
#4891=ADVANCED_FACE('',(#4890),#4883,.T.);
#4892=FILL_AREA_STYLE_COLOUR('',#5);
#4893=FILL_AREA_STYLE('',(#4892));
#4894=SURFACE_STYLE_FILL_AREA(#4893);
#4895=SURFACE_SIDE_STYLE('',(#4894));
#4896=SURFACE_STYLE_USAGE(.POSITIVE.,#4895);
#4897=PRESENTATION_STYLE_ASSIGNMENT((#4896));
#4898=STYLED_ITEM('',(#4897),#4891);
#4899=CARTESIAN_POINT('',(-6.37275E-1,5.088914849758E-1,0.E0));
#4900=DIRECTION('',(-7.145104681851E-1,-6.996247500295E-1,0.E0));
#4901=DIRECTION('',(-6.996247500295E-1,7.145104681851E-1,0.E0));
#4902=AXIS2_PLACEMENT_3D('',#4899,#4900,#4901);
#4903=PLANE('',#4902);
#4904=ORIENTED_EDGE('',*,*,#2514,.F.);
#4905=ORIENTED_EDGE('',*,*,#4887,.T.);
#4906=ORIENTED_EDGE('',*,*,#4070,.T.);
#4908=ORIENTED_EDGE('',*,*,#4907,.F.);
#4909=EDGE_LOOP('',(#4904,#4905,#4906,#4908));
#4910=FACE_OUTER_BOUND('',#4909,.F.);
#4911=ADVANCED_FACE('',(#4910),#4903,.T.);
#4912=FILL_AREA_STYLE_COLOUR('',#5);
#4913=FILL_AREA_STYLE('',(#4912));
#4914=SURFACE_STYLE_FILL_AREA(#4913);
#4915=SURFACE_SIDE_STYLE('',(#4914));
#4916=SURFACE_STYLE_USAGE(.POSITIVE.,#4915);
#4917=PRESENTATION_STYLE_ASSIGNMENT((#4916));
#4918=STYLED_ITEM('',(#4917),#4911);
#4919=CARTESIAN_POINT('',(-6.853083218813E-1,5.579467982769E-1,0.E0));
#4920=DIRECTION('',(-8.981380143666E-1,-4.397136649566E-1,0.E0));
#4921=DIRECTION('',(-4.397136649566E-1,8.981380143666E-1,0.E0));
#4922=AXIS2_PLACEMENT_3D('',#4919,#4920,#4921);
#4923=PLANE('',#4922);
#4924=ORIENTED_EDGE('',*,*,#2516,.F.);
#4925=ORIENTED_EDGE('',*,*,#4907,.T.);
#4926=ORIENTED_EDGE('',*,*,#4068,.T.);
#4928=ORIENTED_EDGE('',*,*,#4927,.F.);
#4929=EDGE_LOOP('',(#4924,#4925,#4926,#4928));
#4930=FACE_OUTER_BOUND('',#4929,.F.);
#4931=ADVANCED_FACE('',(#4930),#4923,.T.);
#4932=FILL_AREA_STYLE_COLOUR('',#5);
#4933=FILL_AREA_STYLE('',(#4932));
#4934=SURFACE_STYLE_FILL_AREA(#4933);
#4935=SURFACE_SIDE_STYLE('',(#4934));
#4936=SURFACE_STYLE_USAGE(.POSITIVE.,#4935);
#4937=PRESENTATION_STYLE_ASSIGNMENT((#4936));
#4938=STYLED_ITEM('',(#4937),#4931);
#4939=CARTESIAN_POINT('',(-7.09325E-1,6.070021115780E-1,0.E0));
#4940=DIRECTION('',(-9.813591893677E-1,-1.921825732045E-1,0.E0));
#4941=DIRECTION('',(-1.921825732045E-1,9.813591893677E-1,0.E0));
#4942=AXIS2_PLACEMENT_3D('',#4939,#4940,#4941);
#4943=PLANE('',#4942);
#4944=ORIENTED_EDGE('',*,*,#2518,.F.);
#4945=ORIENTED_EDGE('',*,*,#4927,.T.);
#4946=ORIENTED_EDGE('',*,*,#4066,.T.);
#4948=ORIENTED_EDGE('',*,*,#4947,.F.);
#4949=EDGE_LOOP('',(#4944,#4945,#4946,#4948));
#4950=FACE_OUTER_BOUND('',#4949,.F.);
#4951=ADVANCED_FACE('',(#4950),#4943,.T.);
#4952=FILL_AREA_STYLE_COLOUR('',#5);
#4953=FILL_AREA_STYLE('',(#4952));
#4954=SURFACE_STYLE_FILL_AREA(#4953);
#4955=SURFACE_SIDE_STYLE('',(#4954));
#4956=SURFACE_STYLE_USAGE(.POSITIVE.,#4955);
#4957=PRESENTATION_STYLE_ASSIGNMENT((#4956));
#4958=STYLED_ITEM('',(#4957),#4951);
#4959=CARTESIAN_POINT('',(-7.213333218813E-1,6.683212875605E-1,0.E0));
#4960=DIRECTION('',(-1.E0,0.E0,0.E0));
#4961=DIRECTION('',(0.E0,1.E0,0.E0));
#4962=AXIS2_PLACEMENT_3D('',#4959,#4960,#4961);
#4963=PLANE('',#4962);
#4964=ORIENTED_EDGE('',*,*,#2520,.F.);
#4965=ORIENTED_EDGE('',*,*,#4947,.T.);
#4966=ORIENTED_EDGE('',*,*,#4064,.T.);
#4968=ORIENTED_EDGE('',*,*,#4967,.F.);
#4969=EDGE_LOOP('',(#4964,#4965,#4966,#4968));
#4970=FACE_OUTER_BOUND('',#4969,.F.);
#4971=ADVANCED_FACE('',(#4970),#4963,.T.);
#4972=FILL_AREA_STYLE_COLOUR('',#5);
#4973=FILL_AREA_STYLE('',(#4972));
#4974=SURFACE_STYLE_FILL_AREA(#4973);
#4975=SURFACE_SIDE_STYLE('',(#4974));
#4976=SURFACE_STYLE_USAGE(.POSITIVE.,#4975);
#4977=PRESENTATION_STYLE_ASSIGNMENT((#4976));
#4978=STYLED_ITEM('',(#4977),#4971);
#4979=CARTESIAN_POINT('',(-7.213333218813E-1,8.522787296176E-1,0.E0));
#4980=DIRECTION('',(-9.813591690599E-1,1.921826769043E-1,0.E0));
#4981=DIRECTION('',(1.921826769043E-1,9.813591690599E-1,0.E0));
#4982=AXIS2_PLACEMENT_3D('',#4979,#4980,#4981);
#4983=PLANE('',#4982);
#4984=ORIENTED_EDGE('',*,*,#2522,.F.);
#4985=ORIENTED_EDGE('',*,*,#4967,.T.);
#4986=ORIENTED_EDGE('',*,*,#4062,.T.);
#4988=ORIENTED_EDGE('',*,*,#4987,.F.);
#4989=EDGE_LOOP('',(#4984,#4985,#4986,#4988));
#4990=FACE_OUTER_BOUND('',#4989,.F.);
#4991=ADVANCED_FACE('',(#4990),#4983,.T.);
#4992=FILL_AREA_STYLE_COLOUR('',#5);
#4993=FILL_AREA_STYLE('',(#4992));
#4994=SURFACE_STYLE_FILL_AREA(#4993);
#4995=SURFACE_SIDE_STYLE('',(#4994));
#4996=SURFACE_STYLE_USAGE(.POSITIVE.,#4995);
#4997=PRESENTATION_STYLE_ASSIGNMENT((#4996));
#4998=STYLED_ITEM('',(#4997),#4991);
#4999=CARTESIAN_POINT('',(-7.09325E-1,9.135978712440E-1,0.E0));
#5000=DIRECTION('',(-8.981380447713E-1,4.397136028534E-1,0.E0));
#5001=DIRECTION('',(4.397136028534E-1,8.981380447713E-1,0.E0));
#5002=AXIS2_PLACEMENT_3D('',#4999,#5000,#5001);
#5003=PLANE('',#5002);
#5004=ORIENTED_EDGE('',*,*,#2524,.F.);
#5005=ORIENTED_EDGE('',*,*,#4987,.T.);
#5006=ORIENTED_EDGE('',*,*,#4060,.T.);
#5008=ORIENTED_EDGE('',*,*,#5007,.F.);
#5009=EDGE_LOOP('',(#5004,#5005,#5006,#5008));
#5010=FACE_OUTER_BOUND('',#5009,.F.);
#5011=ADVANCED_FACE('',(#5010),#5003,.T.);
#5012=FILL_AREA_STYLE_COLOUR('',#5);
#5013=FILL_AREA_STYLE('',(#5012));
#5014=SURFACE_STYLE_FILL_AREA(#5013);
#5015=SURFACE_SIDE_STYLE('',(#5014));
#5016=SURFACE_STYLE_USAGE(.POSITIVE.,#5015);
#5017=PRESENTATION_STYLE_ASSIGNMENT((#5016));
#5018=STYLED_ITEM('',(#5017),#5011);
#5019=CARTESIAN_POINT('',(-6.853083218813E-1,9.626531931341E-1,0.E0));
#5020=DIRECTION('',(-7.145104988025E-1,6.996247187608E-1,0.E0));
#5021=DIRECTION('',(6.996247187608E-1,7.145104988025E-1,0.E0));
#5022=AXIS2_PLACEMENT_3D('',#5019,#5020,#5021);
#5023=PLANE('',#5022);
#5024=ORIENTED_EDGE('',*,*,#2526,.F.);
#5025=ORIENTED_EDGE('',*,*,#5007,.T.);
#5026=ORIENTED_EDGE('',*,*,#4058,.T.);
#5028=ORIENTED_EDGE('',*,*,#5027,.F.);
#5029=EDGE_LOOP('',(#5024,#5025,#5026,#5028));
#5030=FACE_OUTER_BOUND('',#5029,.F.);
#5031=ADVANCED_FACE('',(#5030),#5023,.T.);
#5032=FILL_AREA_STYLE_COLOUR('',#5);
#5033=FILL_AREA_STYLE('',(#5032));
#5034=SURFACE_STYLE_FILL_AREA(#5033);
#5035=SURFACE_SIDE_STYLE('',(#5034));
#5036=SURFACE_STYLE_USAGE(.POSITIVE.,#5035);
#5037=PRESENTATION_STYLE_ASSIGNMENT((#5036));
#5038=STYLED_ITEM('',(#5037),#5031);
#5039=CARTESIAN_POINT('',(-6.37275E-1,1.011708510730E0,0.E0));
#5040=DIRECTION('',(-4.547769889117E-1,8.906053505096E-1,0.E0));
#5041=DIRECTION('',(8.906053505096E-1,4.547769889117E-1,0.E0));
#5042=AXIS2_PLACEMENT_3D('',#5039,#5040,#5041);
#5043=PLANE('',#5042);
#5044=ORIENTED_EDGE('',*,*,#2528,.F.);
#5045=ORIENTED_EDGE('',*,*,#5027,.T.);
#5046=ORIENTED_EDGE('',*,*,#4056,.T.);
#5047=ORIENTED_EDGE('',*,*,#2355,.F.);
#5048=EDGE_LOOP('',(#5044,#5045,#5046,#5047));
#5049=FACE_OUTER_BOUND('',#5048,.F.);
#5050=ADVANCED_FACE('',(#5049),#5043,.T.);
#5051=FILL_AREA_STYLE_COLOUR('',#5);
#5052=FILL_AREA_STYLE('',(#5051));
#5053=SURFACE_STYLE_FILL_AREA(#5052);
#5054=SURFACE_SIDE_STYLE('',(#5053));
#5055=SURFACE_STYLE_USAGE(.POSITIVE.,#5054);
#5056=PRESENTATION_STYLE_ASSIGNMENT((#5055));
#5057=STYLED_ITEM('',(#5056),#5050);
#5058=CARTESIAN_POINT('',(2.753582875252E-1,9.749170214593E-1,0.E0));
#5059=DIRECTION('',(0.E0,-1.E0,0.E0));
#5060=DIRECTION('',(-1.E0,0.E0,0.E0));
#5061=AXIS2_PLACEMENT_3D('',#5058,#5059,#5060);
#5062=PLANE('',#5061);
#5063=ORIENTED_EDGE('',*,*,#2543,.F.);
#5065=ORIENTED_EDGE('',*,*,#5064,.T.);
#5066=ORIENTED_EDGE('',*,*,#4137,.T.);
#5068=ORIENTED_EDGE('',*,*,#5067,.F.);
#5069=EDGE_LOOP('',(#5063,#5065,#5066,#5068));
#5070=FACE_OUTER_BOUND('',#5069,.F.);
#5071=ADVANCED_FACE('',(#5070),#5062,.T.);
#5072=FILL_AREA_STYLE_COLOUR('',#5);
#5073=FILL_AREA_STYLE('',(#5072));
#5074=SURFACE_STYLE_FILL_AREA(#5073);
#5075=SURFACE_SIDE_STYLE('',(#5074));
#5076=SURFACE_STYLE_USAGE(.POSITIVE.,#5075);
#5077=PRESENTATION_STYLE_ASSIGNMENT((#5076));
#5078=STYLED_ITEM('',(#5077),#5071);
#5079=CARTESIAN_POINT('',(2.753582875252E-1,1.0485E0,0.E0));
#5080=DIRECTION('',(1.E0,0.E0,0.E0));
#5081=DIRECTION('',(0.E0,-1.E0,0.E0));
#5082=AXIS2_PLACEMENT_3D('',#5079,#5080,#5081);
#5083=PLANE('',#5082);
#5084=ORIENTED_EDGE('',*,*,#2565,.F.);
#5086=ORIENTED_EDGE('',*,*,#5085,.T.);
#5087=ORIENTED_EDGE('',*,*,#4139,.T.);
#5088=ORIENTED_EDGE('',*,*,#5064,.F.);
#5089=EDGE_LOOP('',(#5084,#5086,#5087,#5088));
#5090=FACE_OUTER_BOUND('',#5089,.F.);
#5091=ADVANCED_FACE('',(#5090),#5083,.T.);
#5092=FILL_AREA_STYLE_COLOUR('',#5);
#5093=FILL_AREA_STYLE('',(#5092));
#5094=SURFACE_STYLE_FILL_AREA(#5093);
#5095=SURFACE_SIDE_STYLE('',(#5094));
#5096=SURFACE_STYLE_USAGE(.POSITIVE.,#5095);
#5097=PRESENTATION_STYLE_ASSIGNMENT((#5096));
#5098=STYLED_ITEM('',(#5097),#5091);
#5099=CARTESIAN_POINT('',(-1.569416437626E-1,1.0485E0,0.E0));
#5100=DIRECTION('',(0.E0,1.E0,0.E0));
#5101=DIRECTION('',(1.E0,0.E0,0.E0));
#5102=AXIS2_PLACEMENT_3D('',#5099,#5100,#5101);
#5103=PLANE('',#5102);
#5104=ORIENTED_EDGE('',*,*,#2563,.F.);
#5106=ORIENTED_EDGE('',*,*,#5105,.T.);
#5107=ORIENTED_EDGE('',*,*,#4141,.T.);
#5108=ORIENTED_EDGE('',*,*,#5085,.F.);
#5109=EDGE_LOOP('',(#5104,#5106,#5107,#5108));
#5110=FACE_OUTER_BOUND('',#5109,.F.);
#5111=ADVANCED_FACE('',(#5110),#5103,.T.);
#5112=FILL_AREA_STYLE_COLOUR('',#5);
#5113=FILL_AREA_STYLE('',(#5112));
#5114=SURFACE_STYLE_FILL_AREA(#5113);
#5115=SURFACE_SIDE_STYLE('',(#5114));
#5116=SURFACE_STYLE_USAGE(.POSITIVE.,#5115);
#5117=PRESENTATION_STYLE_ASSIGNMENT((#5116));
#5118=STYLED_ITEM('',(#5117),#5111);
#5119=CARTESIAN_POINT('',(-1.569416437626E-1,4.721E-1,0.E0));
#5120=DIRECTION('',(-1.E0,0.E0,0.E0));
#5121=DIRECTION('',(0.E0,1.E0,0.E0));
#5122=AXIS2_PLACEMENT_3D('',#5119,#5120,#5121);
#5123=PLANE('',#5122);
#5124=ORIENTED_EDGE('',*,*,#2561,.F.);
#5126=ORIENTED_EDGE('',*,*,#5125,.T.);
#5127=ORIENTED_EDGE('',*,*,#4143,.T.);
#5128=ORIENTED_EDGE('',*,*,#5105,.F.);
#5129=EDGE_LOOP('',(#5124,#5126,#5127,#5128));
#5130=FACE_OUTER_BOUND('',#5129,.F.);
#5131=ADVANCED_FACE('',(#5130),#5123,.T.);
#5132=FILL_AREA_STYLE_COLOUR('',#5);
#5133=FILL_AREA_STYLE('',(#5132));
#5134=SURFACE_STYLE_FILL_AREA(#5133);
#5135=SURFACE_SIDE_STYLE('',(#5134));
#5136=SURFACE_STYLE_USAGE(.POSITIVE.,#5135);
#5137=PRESENTATION_STYLE_ASSIGNMENT((#5136));
#5138=STYLED_ITEM('',(#5137),#5131);
#5139=CARTESIAN_POINT('',(2.753582875252E-1,4.721E-1,0.E0));
#5140=DIRECTION('',(0.E0,-1.E0,0.E0));
#5141=DIRECTION('',(-1.E0,0.E0,0.E0));
#5142=AXIS2_PLACEMENT_3D('',#5139,#5140,#5141);
#5143=PLANE('',#5142);
#5144=ORIENTED_EDGE('',*,*,#2559,.F.);
#5146=ORIENTED_EDGE('',*,*,#5145,.T.);
#5147=ORIENTED_EDGE('',*,*,#4145,.T.);
#5148=ORIENTED_EDGE('',*,*,#5125,.F.);
#5149=EDGE_LOOP('',(#5144,#5146,#5147,#5148));
#5150=FACE_OUTER_BOUND('',#5149,.F.);
#5151=ADVANCED_FACE('',(#5150),#5143,.T.);
#5152=FILL_AREA_STYLE_COLOUR('',#5);
#5153=FILL_AREA_STYLE('',(#5152));
#5154=SURFACE_STYLE_FILL_AREA(#5153);
#5155=SURFACE_SIDE_STYLE('',(#5154));
#5156=SURFACE_STYLE_USAGE(.POSITIVE.,#5155);
#5157=PRESENTATION_STYLE_ASSIGNMENT((#5156));
#5158=STYLED_ITEM('',(#5157),#5151);
#5159=CARTESIAN_POINT('',(2.753582875252E-1,5.456829699516E-1,0.E0));
#5160=DIRECTION('',(1.E0,0.E0,0.E0));
#5161=DIRECTION('',(0.E0,-1.E0,0.E0));
#5162=AXIS2_PLACEMENT_3D('',#5159,#5160,#5161);
#5163=PLANE('',#5162);
#5164=ORIENTED_EDGE('',*,*,#2557,.F.);
#5166=ORIENTED_EDGE('',*,*,#5165,.T.);
#5167=ORIENTED_EDGE('',*,*,#4147,.T.);
#5168=ORIENTED_EDGE('',*,*,#5145,.F.);
#5169=EDGE_LOOP('',(#5164,#5166,#5167,#5168));
#5170=FACE_OUTER_BOUND('',#5169,.F.);
#5171=ADVANCED_FACE('',(#5170),#5163,.T.);
#5172=FILL_AREA_STYLE_COLOUR('',#5);
#5173=FILL_AREA_STYLE('',(#5172));
#5174=SURFACE_STYLE_FILL_AREA(#5173);
#5175=SURFACE_SIDE_STYLE('',(#5174));
#5176=SURFACE_STYLE_USAGE(.POSITIVE.,#5175);
#5177=PRESENTATION_STYLE_ASSIGNMENT((#5176));
#5178=STYLED_ITEM('',(#5177),#5171);
#5179=CARTESIAN_POINT('',(-8.489171247482E-2,5.456829699516E-1,0.E0));
#5180=DIRECTION('',(0.E0,1.E0,0.E0));
#5181=DIRECTION('',(1.E0,0.E0,0.E0));
#5182=AXIS2_PLACEMENT_3D('',#5179,#5180,#5181);
#5183=PLANE('',#5182);
#5184=ORIENTED_EDGE('',*,*,#2555,.F.);
#5186=ORIENTED_EDGE('',*,*,#5185,.T.);
#5187=ORIENTED_EDGE('',*,*,#4149,.T.);
#5188=ORIENTED_EDGE('',*,*,#5165,.F.);
#5189=EDGE_LOOP('',(#5184,#5186,#5187,#5188));
#5190=FACE_OUTER_BOUND('',#5189,.F.);
#5191=ADVANCED_FACE('',(#5190),#5183,.T.);
#5192=FILL_AREA_STYLE_COLOUR('',#5);
#5193=FILL_AREA_STYLE('',(#5192));
#5194=SURFACE_STYLE_FILL_AREA(#5193);
#5195=SURFACE_SIDE_STYLE('',(#5194));
#5196=SURFACE_STYLE_USAGE(.POSITIVE.,#5195);
#5197=PRESENTATION_STYLE_ASSIGNMENT((#5196));
#5198=STYLED_ITEM('',(#5197),#5191);
#5199=CARTESIAN_POINT('',(-8.489171247482E-2,7.051127725363E-1,0.E0));
#5200=DIRECTION('',(1.E0,0.E0,0.E0));
#5201=DIRECTION('',(0.E0,-1.E0,0.E0));
#5202=AXIS2_PLACEMENT_3D('',#5199,#5200,#5201);
#5203=PLANE('',#5202);
#5204=ORIENTED_EDGE('',*,*,#2553,.F.);
#5206=ORIENTED_EDGE('',*,*,#5205,.T.);
#5207=ORIENTED_EDGE('',*,*,#4151,.T.);
#5208=ORIENTED_EDGE('',*,*,#5185,.F.);
#5209=EDGE_LOOP('',(#5204,#5206,#5207,#5208));
#5210=FACE_OUTER_BOUND('',#5209,.F.);
#5211=ADVANCED_FACE('',(#5210),#5203,.T.);
#5212=FILL_AREA_STYLE_COLOUR('',#5);
#5213=FILL_AREA_STYLE('',(#5212));
#5214=SURFACE_STYLE_FILL_AREA(#5213);
#5215=SURFACE_SIDE_STYLE('',(#5214));
#5216=SURFACE_STYLE_USAGE(.POSITIVE.,#5215);
#5217=PRESENTATION_STYLE_ASSIGNMENT((#5216));
#5218=STYLED_ITEM('',(#5217),#5211);
#5219=CARTESIAN_POINT('',(2.27325E-1,7.051127725363E-1,0.E0));
#5220=DIRECTION('',(0.E0,-1.E0,0.E0));
#5221=DIRECTION('',(-1.E0,0.E0,0.E0));
#5222=AXIS2_PLACEMENT_3D('',#5219,#5220,#5221);
#5223=PLANE('',#5222);
#5224=ORIENTED_EDGE('',*,*,#2551,.F.);
#5226=ORIENTED_EDGE('',*,*,#5225,.T.);
#5227=ORIENTED_EDGE('',*,*,#4153,.T.);
#5228=ORIENTED_EDGE('',*,*,#5205,.F.);
#5229=EDGE_LOOP('',(#5224,#5226,#5227,#5228));
#5230=FACE_OUTER_BOUND('',#5229,.F.);
#5231=ADVANCED_FACE('',(#5230),#5223,.T.);
#5232=FILL_AREA_STYLE_COLOUR('',#5);
#5233=FILL_AREA_STYLE('',(#5232));
#5234=SURFACE_STYLE_FILL_AREA(#5233);
#5235=SURFACE_SIDE_STYLE('',(#5234));
#5236=SURFACE_STYLE_USAGE(.POSITIVE.,#5235);
#5237=PRESENTATION_STYLE_ASSIGNMENT((#5236));
#5238=STYLED_ITEM('',(#5237),#5231);
#5239=CARTESIAN_POINT('',(2.27325E-1,7.786957424879E-1,0.E0));
#5240=DIRECTION('',(1.E0,0.E0,0.E0));
#5241=DIRECTION('',(0.E0,-1.E0,0.E0));
#5242=AXIS2_PLACEMENT_3D('',#5239,#5240,#5241);
#5243=PLANE('',#5242);
#5244=ORIENTED_EDGE('',*,*,#2549,.F.);
#5246=ORIENTED_EDGE('',*,*,#5245,.T.);
#5247=ORIENTED_EDGE('',*,*,#4155,.T.);
#5248=ORIENTED_EDGE('',*,*,#5225,.F.);
#5249=EDGE_LOOP('',(#5244,#5246,#5247,#5248));
#5250=FACE_OUTER_BOUND('',#5249,.F.);
#5251=ADVANCED_FACE('',(#5250),#5243,.T.);
#5252=FILL_AREA_STYLE_COLOUR('',#5);
#5253=FILL_AREA_STYLE('',(#5252));
#5254=SURFACE_STYLE_FILL_AREA(#5253);
#5255=SURFACE_SIDE_STYLE('',(#5254));
#5256=SURFACE_STYLE_USAGE(.POSITIVE.,#5255);
#5257=PRESENTATION_STYLE_ASSIGNMENT((#5256));
#5258=STYLED_ITEM('',(#5257),#5251);
#5259=CARTESIAN_POINT('',(-8.489171247482E-2,7.786957424879E-1,0.E0));
#5260=DIRECTION('',(0.E0,1.E0,0.E0));
#5261=DIRECTION('',(1.E0,0.E0,0.E0));
#5262=AXIS2_PLACEMENT_3D('',#5259,#5260,#5261);
#5263=PLANE('',#5262);
#5264=ORIENTED_EDGE('',*,*,#2547,.F.);
#5266=ORIENTED_EDGE('',*,*,#5265,.T.);
#5267=ORIENTED_EDGE('',*,*,#4157,.T.);
#5268=ORIENTED_EDGE('',*,*,#5245,.F.);
#5269=EDGE_LOOP('',(#5264,#5266,#5267,#5268));
#5270=FACE_OUTER_BOUND('',#5269,.F.);
#5271=ADVANCED_FACE('',(#5270),#5263,.T.);
#5272=FILL_AREA_STYLE_COLOUR('',#5);
#5273=FILL_AREA_STYLE('',(#5272));
#5274=SURFACE_STYLE_FILL_AREA(#5273);
#5275=SURFACE_SIDE_STYLE('',(#5274));
#5276=SURFACE_STYLE_USAGE(.POSITIVE.,#5275);
#5277=PRESENTATION_STYLE_ASSIGNMENT((#5276));
#5278=STYLED_ITEM('',(#5277),#5271);
#5279=CARTESIAN_POINT('',(-8.489171247482E-2,9.749170214593E-1,0.E0));
#5280=DIRECTION('',(1.E0,0.E0,0.E0));
#5281=DIRECTION('',(0.E0,-1.E0,0.E0));
#5282=AXIS2_PLACEMENT_3D('',#5279,#5280,#5281);
#5283=PLANE('',#5282);
#5284=ORIENTED_EDGE('',*,*,#2545,.F.);
#5285=ORIENTED_EDGE('',*,*,#5067,.T.);
#5286=ORIENTED_EDGE('',*,*,#4159,.T.);
#5287=ORIENTED_EDGE('',*,*,#5265,.F.);
#5288=EDGE_LOOP('',(#5284,#5285,#5286,#5287));
#5289=FACE_OUTER_BOUND('',#5288,.F.);
#5290=ADVANCED_FACE('',(#5289),#5283,.T.);
#5291=FILL_AREA_STYLE_COLOUR('',#5);
#5292=FILL_AREA_STYLE('',(#5291));
#5293=SURFACE_STYLE_FILL_AREA(#5292);
#5294=SURFACE_SIDE_STYLE('',(#5293));
#5295=SURFACE_STYLE_USAGE(.POSITIVE.,#5294);
#5296=PRESENTATION_STYLE_ASSIGNMENT((#5295));
#5297=STYLED_ITEM('',(#5296),#5290);
#5298=CARTESIAN_POINT('',(6.59625E-1,4.721E-1,0.E0));
#5299=DIRECTION('',(0.E0,-1.E0,0.E0));
#5300=DIRECTION('',(-1.E0,0.E0,0.E0));
#5301=AXIS2_PLACEMENT_3D('',#5298,#5299,#5300);
#5302=PLANE('',#5301);
#5303=ORIENTED_EDGE('',*,*,#2569,.F.);
#5305=ORIENTED_EDGE('',*,*,#5304,.T.);
#5306=ORIENTED_EDGE('',*,*,#4176,.T.);
#5308=ORIENTED_EDGE('',*,*,#5307,.F.);
#5309=EDGE_LOOP('',(#5303,#5305,#5306,#5308));
#5310=FACE_OUTER_BOUND('',#5309,.F.);
#5311=ADVANCED_FACE('',(#5310),#5302,.T.);
#5312=FILL_AREA_STYLE_COLOUR('',#5);
#5313=FILL_AREA_STYLE('',(#5312));
#5314=SURFACE_STYLE_FILL_AREA(#5313);
#5315=SURFACE_SIDE_STYLE('',(#5314));
#5316=SURFACE_STYLE_USAGE(.POSITIVE.,#5315);
#5317=PRESENTATION_STYLE_ASSIGNMENT((#5316));
#5318=STYLED_ITEM('',(#5317),#5311);
#5319=CARTESIAN_POINT('',(7.196667124748E-1,4.843638283253E-1,0.E0));
#5320=DIRECTION('',(2.001232084928E-1,-9.797707392153E-1,0.E0));
#5321=DIRECTION('',(-9.797707392153E-1,-2.001232084928E-1,0.E0));
#5322=AXIS2_PLACEMENT_3D('',#5319,#5320,#5321);
#5323=PLANE('',#5322);
#5324=ORIENTED_EDGE('',*,*,#2595,.F.);
#5326=ORIENTED_EDGE('',*,*,#5325,.T.);
#5327=ORIENTED_EDGE('',*,*,#4178,.T.);
#5328=ORIENTED_EDGE('',*,*,#5304,.F.);
#5329=EDGE_LOOP('',(#5324,#5326,#5327,#5328));
#5330=FACE_OUTER_BOUND('',#5329,.F.);
#5331=ADVANCED_FACE('',(#5330),#5323,.T.);
#5332=FILL_AREA_STYLE_COLOUR('',#5);
#5333=FILL_AREA_STYLE('',(#5332));
#5334=SURFACE_STYLE_FILL_AREA(#5333);
#5335=SURFACE_SIDE_STYLE('',(#5334));
#5336=SURFACE_STYLE_USAGE(.POSITIVE.,#5335);
#5337=PRESENTATION_STYLE_ASSIGNMENT((#5336));
#5338=STYLED_ITEM('',(#5337),#5331);
#5339=CARTESIAN_POINT('',(7.677E-1,5.088914849758E-1,0.E0));
#5340=DIRECTION('',(4.547774575564E-1,-8.906051112017E-1,0.E0));
#5341=DIRECTION('',(-8.906051112017E-1,-4.547774575564E-1,0.E0));
#5342=AXIS2_PLACEMENT_3D('',#5339,#5340,#5341);
#5343=PLANE('',#5342);
#5344=ORIENTED_EDGE('',*,*,#2593,.F.);
#5346=ORIENTED_EDGE('',*,*,#5345,.T.);
#5347=ORIENTED_EDGE('',*,*,#4180,.T.);
#5348=ORIENTED_EDGE('',*,*,#5325,.F.);
#5349=EDGE_LOOP('',(#5344,#5346,#5347,#5348));
#5350=FACE_OUTER_BOUND('',#5349,.F.);
#5351=ADVANCED_FACE('',(#5350),#5343,.T.);
#5352=FILL_AREA_STYLE_COLOUR('',#5);
#5353=FILL_AREA_STYLE('',(#5352));
#5354=SURFACE_STYLE_FILL_AREA(#5353);
#5355=SURFACE_SIDE_STYLE('',(#5354));
#5356=SURFACE_STYLE_USAGE(.POSITIVE.,#5355);
#5357=PRESENTATION_STYLE_ASSIGNMENT((#5356));
#5358=STYLED_ITEM('',(#5357),#5351);
#5359=CARTESIAN_POINT('',(8.157332875252E-1,5.579467982769E-1,0.E0));
#5360=DIRECTION('',(7.145107183351E-1,-6.996244945571E-1,0.E0));
#5361=DIRECTION('',(-6.996244945571E-1,-7.145107183351E-1,0.E0));
#5362=AXIS2_PLACEMENT_3D('',#5359,#5360,#5361);
#5363=PLANE('',#5362);
#5364=ORIENTED_EDGE('',*,*,#2591,.F.);
#5366=ORIENTED_EDGE('',*,*,#5365,.T.);
#5367=ORIENTED_EDGE('',*,*,#4182,.T.);
#5368=ORIENTED_EDGE('',*,*,#5345,.F.);
#5369=EDGE_LOOP('',(#5364,#5366,#5367,#5368));
#5370=FACE_OUTER_BOUND('',#5369,.F.);
#5371=ADVANCED_FACE('',(#5370),#5363,.T.);
#5372=FILL_AREA_STYLE_COLOUR('',#5);
#5373=FILL_AREA_STYLE('',(#5372));
#5374=SURFACE_STYLE_FILL_AREA(#5373);
#5375=SURFACE_SIDE_STYLE('',(#5374));
#5376=SURFACE_STYLE_USAGE(.POSITIVE.,#5375);
#5377=PRESENTATION_STYLE_ASSIGNMENT((#5376));
#5378=STYLED_ITEM('',(#5377),#5371);
#5379=CARTESIAN_POINT('',(8.3975E-1,6.070021115780E-1,0.E0));
#5380=DIRECTION('',(8.981377659536E-1,-4.397141723527E-1,0.E0));
#5381=DIRECTION('',(-4.397141723527E-1,-8.981377659536E-1,0.E0));
#5382=AXIS2_PLACEMENT_3D('',#5379,#5380,#5381);
#5383=PLANE('',#5382);
#5384=ORIENTED_EDGE('',*,*,#2589,.F.);
#5386=ORIENTED_EDGE('',*,*,#5385,.T.);
#5387=ORIENTED_EDGE('',*,*,#4184,.T.);
#5388=ORIENTED_EDGE('',*,*,#5365,.F.);
#5389=EDGE_LOOP('',(#5384,#5386,#5387,#5388));
#5390=FACE_OUTER_BOUND('',#5389,.F.);
#5391=ADVANCED_FACE('',(#5390),#5383,.T.);
#5392=FILL_AREA_STYLE_COLOUR('',#5);
#5393=FILL_AREA_STYLE('',(#5392));
#5394=SURFACE_STYLE_FILL_AREA(#5393);
#5395=SURFACE_SIDE_STYLE('',(#5394));
#5396=SURFACE_STYLE_USAGE(.POSITIVE.,#5395);
#5397=PRESENTATION_STYLE_ASSIGNMENT((#5396));
#5398=STYLED_ITEM('',(#5397),#5391);
#5399=CARTESIAN_POINT('',(8.517582875252E-1,6.683212875605E-1,0.E0));
#5400=DIRECTION('',(9.813592930674E-1,-1.921820436730E-1,0.E0));
#5401=DIRECTION('',(-1.921820436730E-1,-9.813592930674E-1,0.E0));
#5402=AXIS2_PLACEMENT_3D('',#5399,#5400,#5401);
#5403=PLANE('',#5402);
#5404=ORIENTED_EDGE('',*,*,#2587,.F.);
#5406=ORIENTED_EDGE('',*,*,#5405,.T.);
#5407=ORIENTED_EDGE('',*,*,#4186,.T.);
#5408=ORIENTED_EDGE('',*,*,#5385,.F.);
#5409=EDGE_LOOP('',(#5404,#5406,#5407,#5408));
#5410=FACE_OUTER_BOUND('',#5409,.F.);
#5411=ADVANCED_FACE('',(#5410),#5403,.T.);
#5412=FILL_AREA_STYLE_COLOUR('',#5);
#5413=FILL_AREA_STYLE('',(#5412));
#5414=SURFACE_STYLE_FILL_AREA(#5413);
#5415=SURFACE_SIDE_STYLE('',(#5414));
#5416=SURFACE_STYLE_USAGE(.POSITIVE.,#5415);
#5417=PRESENTATION_STYLE_ASSIGNMENT((#5416));
#5418=STYLED_ITEM('',(#5417),#5411);
#5419=CARTESIAN_POINT('',(8.517582875252E-1,8.522787296176E-1,0.E0));
#5420=DIRECTION('',(1.E0,0.E0,0.E0));
#5421=DIRECTION('',(0.E0,-1.E0,0.E0));
#5422=AXIS2_PLACEMENT_3D('',#5419,#5420,#5421);
#5423=PLANE('',#5422);
#5424=ORIENTED_EDGE('',*,*,#2585,.F.);
#5426=ORIENTED_EDGE('',*,*,#5425,.T.);
#5427=ORIENTED_EDGE('',*,*,#4188,.T.);
#5428=ORIENTED_EDGE('',*,*,#5405,.F.);
#5429=EDGE_LOOP('',(#5424,#5426,#5427,#5428));
#5430=FACE_OUTER_BOUND('',#5429,.F.);
#5431=ADVANCED_FACE('',(#5430),#5423,.T.);
#5432=FILL_AREA_STYLE_COLOUR('',#5);
#5433=FILL_AREA_STYLE('',(#5432));
#5434=SURFACE_STYLE_FILL_AREA(#5433);
#5435=SURFACE_SIDE_STYLE('',(#5434));
#5436=SURFACE_STYLE_USAGE(.POSITIVE.,#5435);
#5437=PRESENTATION_STYLE_ASSIGNMENT((#5436));
#5438=STYLED_ITEM('',(#5437),#5431);
#5439=CARTESIAN_POINT('',(8.3975E-1,9.135978712440E-1,0.E0));
#5440=DIRECTION('',(9.813592727596E-1,1.921821473726E-1,0.E0));
#5441=DIRECTION('',(1.921821473726E-1,-9.813592727596E-1,0.E0));
#5442=AXIS2_PLACEMENT_3D('',#5439,#5440,#5441);
#5443=PLANE('',#5442);
#5444=ORIENTED_EDGE('',*,*,#2583,.F.);
#5446=ORIENTED_EDGE('',*,*,#5445,.T.);
#5447=ORIENTED_EDGE('',*,*,#4190,.T.);
#5448=ORIENTED_EDGE('',*,*,#5425,.F.);
#5449=EDGE_LOOP('',(#5444,#5446,#5447,#5448));
#5450=FACE_OUTER_BOUND('',#5449,.F.);
#5451=ADVANCED_FACE('',(#5450),#5443,.T.);
#5452=FILL_AREA_STYLE_COLOUR('',#5);
#5453=FILL_AREA_STYLE('',(#5452));
#5454=SURFACE_STYLE_FILL_AREA(#5453);
#5455=SURFACE_SIDE_STYLE('',(#5454));
#5456=SURFACE_STYLE_USAGE(.POSITIVE.,#5455);
#5457=PRESENTATION_STYLE_ASSIGNMENT((#5456));
#5458=STYLED_ITEM('',(#5457),#5451);
#5459=CARTESIAN_POINT('',(8.157332875252E-1,9.626531931341E-1,0.E0));
#5460=DIRECTION('',(8.981377963584E-1,4.397141102494E-1,0.E0));
#5461=DIRECTION('',(4.397141102494E-1,-8.981377963584E-1,0.E0));
#5462=AXIS2_PLACEMENT_3D('',#5459,#5460,#5461);
#5463=PLANE('',#5462);
#5464=ORIENTED_EDGE('',*,*,#2581,.F.);
#5466=ORIENTED_EDGE('',*,*,#5465,.T.);
#5467=ORIENTED_EDGE('',*,*,#4192,.T.);
#5468=ORIENTED_EDGE('',*,*,#5445,.F.);
#5469=EDGE_LOOP('',(#5464,#5466,#5467,#5468));
#5470=FACE_OUTER_BOUND('',#5469,.F.);
#5471=ADVANCED_FACE('',(#5470),#5463,.T.);
#5472=FILL_AREA_STYLE_COLOUR('',#5);
#5473=FILL_AREA_STYLE('',(#5472));
#5474=SURFACE_STYLE_FILL_AREA(#5473);
#5475=SURFACE_SIDE_STYLE('',(#5474));
#5476=SURFACE_STYLE_USAGE(.POSITIVE.,#5475);
#5477=PRESENTATION_STYLE_ASSIGNMENT((#5476));
#5478=STYLED_ITEM('',(#5477),#5471);
#5479=CARTESIAN_POINT('',(7.677E-1,1.011708510730E0,0.E0));
#5480=DIRECTION('',(7.145107489524E-1,6.996244632883E-1,0.E0));
#5481=DIRECTION('',(6.996244632883E-1,-7.145107489524E-1,0.E0));
#5482=AXIS2_PLACEMENT_3D('',#5479,#5480,#5481);
#5483=PLANE('',#5482);
#5484=ORIENTED_EDGE('',*,*,#2579,.F.);
#5486=ORIENTED_EDGE('',*,*,#5485,.T.);
#5487=ORIENTED_EDGE('',*,*,#4194,.T.);
#5488=ORIENTED_EDGE('',*,*,#5465,.F.);
#5489=EDGE_LOOP('',(#5484,#5486,#5487,#5488));
#5490=FACE_OUTER_BOUND('',#5489,.F.);
#5491=ADVANCED_FACE('',(#5490),#5483,.T.);
#5492=FILL_AREA_STYLE_COLOUR('',#5);
#5493=FILL_AREA_STYLE('',(#5492));
#5494=SURFACE_STYLE_FILL_AREA(#5493);
#5495=SURFACE_SIDE_STYLE('',(#5494));
#5496=SURFACE_STYLE_USAGE(.POSITIVE.,#5495);
#5497=PRESENTATION_STYLE_ASSIGNMENT((#5496));
#5498=STYLED_ITEM('',(#5497),#5491);
#5499=CARTESIAN_POINT('',(7.196667124748E-1,1.036236170601E0,0.E0));
#5500=DIRECTION('',(4.547775049247E-1,8.906050870136E-1,0.E0));
#5501=DIRECTION('',(8.906050870136E-1,-4.547775049247E-1,0.E0));
#5502=AXIS2_PLACEMENT_3D('',#5499,#5500,#5501);
#5503=PLANE('',#5502);
#5504=ORIENTED_EDGE('',*,*,#2577,.F.);
#5506=ORIENTED_EDGE('',*,*,#5505,.T.);
#5507=ORIENTED_EDGE('',*,*,#4196,.T.);
#5508=ORIENTED_EDGE('',*,*,#5485,.F.);
#5509=EDGE_LOOP('',(#5504,#5506,#5507,#5508));
#5510=FACE_OUTER_BOUND('',#5509,.F.);
#5511=ADVANCED_FACE('',(#5510),#5503,.T.);
#5512=FILL_AREA_STYLE_COLOUR('',#5);
#5513=FILL_AREA_STYLE('',(#5512));
#5514=SURFACE_STYLE_FILL_AREA(#5513);
#5515=SURFACE_SIDE_STYLE('',(#5514));
#5516=SURFACE_STYLE_USAGE(.POSITIVE.,#5515);
#5517=PRESENTATION_STYLE_ASSIGNMENT((#5516));
#5518=STYLED_ITEM('',(#5517),#5511);
#5519=CARTESIAN_POINT('',(6.59625E-1,1.0485E0,0.E0));
#5520=DIRECTION('',(2.001232253108E-1,9.797707357802E-1,0.E0));
#5521=DIRECTION('',(9.797707357802E-1,-2.001232253108E-1,0.E0));
#5522=AXIS2_PLACEMENT_3D('',#5519,#5520,#5521);
#5523=PLANE('',#5522);
#5524=ORIENTED_EDGE('',*,*,#2575,.F.);
#5526=ORIENTED_EDGE('',*,*,#5525,.T.);
#5527=ORIENTED_EDGE('',*,*,#4198,.T.);
#5528=ORIENTED_EDGE('',*,*,#5505,.F.);
#5529=EDGE_LOOP('',(#5524,#5526,#5527,#5528));
#5530=FACE_OUTER_BOUND('',#5529,.F.);
#5531=ADVANCED_FACE('',(#5530),#5523,.T.);
#5532=FILL_AREA_STYLE_COLOUR('',#5);
#5533=FILL_AREA_STYLE('',(#5532));
#5534=SURFACE_STYLE_FILL_AREA(#5533);
#5535=SURFACE_SIDE_STYLE('',(#5534));
#5536=SURFACE_STYLE_USAGE(.POSITIVE.,#5535);
#5537=PRESENTATION_STYLE_ASSIGNMENT((#5536));
#5538=STYLED_ITEM('',(#5537),#5531);
#5539=CARTESIAN_POINT('',(3.71425E-1,1.0485E0,0.E0));
#5540=DIRECTION('',(0.E0,1.E0,0.E0));
#5541=DIRECTION('',(1.E0,0.E0,0.E0));
#5542=AXIS2_PLACEMENT_3D('',#5539,#5540,#5541);
#5543=PLANE('',#5542);
#5544=ORIENTED_EDGE('',*,*,#2573,.F.);
#5546=ORIENTED_EDGE('',*,*,#5545,.T.);
#5547=ORIENTED_EDGE('',*,*,#4200,.T.);
#5548=ORIENTED_EDGE('',*,*,#5525,.F.);
#5549=EDGE_LOOP('',(#5544,#5546,#5547,#5548));
#5550=FACE_OUTER_BOUND('',#5549,.F.);
#5551=ADVANCED_FACE('',(#5550),#5543,.T.);
#5552=FILL_AREA_STYLE_COLOUR('',#5);
#5553=FILL_AREA_STYLE('',(#5552));
#5554=SURFACE_STYLE_FILL_AREA(#5553);
#5555=SURFACE_SIDE_STYLE('',(#5554));
#5556=SURFACE_STYLE_USAGE(.POSITIVE.,#5555);
#5557=PRESENTATION_STYLE_ASSIGNMENT((#5556));
#5558=STYLED_ITEM('',(#5557),#5551);
#5559=CARTESIAN_POINT('',(3.71425E-1,4.721E-1,0.E0));
#5560=DIRECTION('',(-1.E0,0.E0,0.E0));
#5561=DIRECTION('',(0.E0,1.E0,0.E0));
#5562=AXIS2_PLACEMENT_3D('',#5559,#5560,#5561);
#5563=PLANE('',#5562);
#5564=ORIENTED_EDGE('',*,*,#2571,.F.);
#5565=ORIENTED_EDGE('',*,*,#5307,.T.);
#5566=ORIENTED_EDGE('',*,*,#4202,.T.);
#5567=ORIENTED_EDGE('',*,*,#5545,.F.);
#5568=EDGE_LOOP('',(#5564,#5565,#5566,#5567));
#5569=FACE_OUTER_BOUND('',#5568,.F.);
#5570=ADVANCED_FACE('',(#5569),#5563,.T.);
#5571=FILL_AREA_STYLE_COLOUR('',#5);
#5572=FILL_AREA_STYLE('',(#5571));
#5573=SURFACE_STYLE_FILL_AREA(#5572);
#5574=SURFACE_SIDE_STYLE('',(#5573));
#5575=SURFACE_STYLE_USAGE(.POSITIVE.,#5574);
#5576=PRESENTATION_STYLE_ASSIGNMENT((#5575));
#5577=STYLED_ITEM('',(#5576),#5570);
#5578=CARTESIAN_POINT('',(4.43475E-1,5.456829699516E-1,0.E0));
#5579=DIRECTION('',(0.E0,1.E0,0.E0));
#5580=DIRECTION('',(1.E0,0.E0,0.E0));
#5581=AXIS2_PLACEMENT_3D('',#5578,#5579,#5580);
#5582=PLANE('',#5581);
#5583=ORIENTED_EDGE('',*,*,#2630,.F.);
#5585=ORIENTED_EDGE('',*,*,#5584,.T.);
#5586=ORIENTED_EDGE('',*,*,#4206,.T.);
#5588=ORIENTED_EDGE('',*,*,#5587,.F.);
#5589=EDGE_LOOP('',(#5583,#5585,#5586,#5588));
#5590=FACE_OUTER_BOUND('',#5589,.F.);
#5591=ADVANCED_FACE('',(#5590),#5582,.T.);
#5592=FILL_AREA_STYLE_COLOUR('',#5);
#5593=FILL_AREA_STYLE('',(#5592));
#5594=SURFACE_STYLE_FILL_AREA(#5593);
#5595=SURFACE_SIDE_STYLE('',(#5594));
#5596=SURFACE_STYLE_USAGE(.POSITIVE.,#5595);
#5597=PRESENTATION_STYLE_ASSIGNMENT((#5596));
#5598=STYLED_ITEM('',(#5597),#5591);
#5599=CARTESIAN_POINT('',(4.43475E-1,9.749170214593E-1,0.E0));
#5600=DIRECTION('',(1.E0,0.E0,0.E0));
#5601=DIRECTION('',(0.E0,-1.E0,0.E0));
#5602=AXIS2_PLACEMENT_3D('',#5599,#5600,#5601);
#5603=PLANE('',#5602);
#5604=ORIENTED_EDGE('',*,*,#2652,.F.);
#5606=ORIENTED_EDGE('',*,*,#5605,.T.);
#5607=ORIENTED_EDGE('',*,*,#4208,.T.);
#5608=ORIENTED_EDGE('',*,*,#5584,.F.);
#5609=EDGE_LOOP('',(#5604,#5606,#5607,#5608));
#5610=FACE_OUTER_BOUND('',#5609,.F.);
#5611=ADVANCED_FACE('',(#5610),#5603,.T.);
#5612=FILL_AREA_STYLE_COLOUR('',#5);
#5613=FILL_AREA_STYLE('',(#5612));
#5614=SURFACE_STYLE_FILL_AREA(#5613);
#5615=SURFACE_SIDE_STYLE('',(#5614));
#5616=SURFACE_STYLE_USAGE(.POSITIVE.,#5615);
#5617=PRESENTATION_STYLE_ASSIGNMENT((#5616));
#5618=STYLED_ITEM('',(#5617),#5611);
#5619=CARTESIAN_POINT('',(6.59625E-1,9.749170214593E-1,0.E0));
#5620=DIRECTION('',(0.E0,-1.E0,0.E0));
#5621=DIRECTION('',(-1.E0,0.E0,0.E0));
#5622=AXIS2_PLACEMENT_3D('',#5619,#5620,#5621);
#5623=PLANE('',#5622);
#5624=ORIENTED_EDGE('',*,*,#2650,.F.);
#5626=ORIENTED_EDGE('',*,*,#5625,.T.);
#5627=ORIENTED_EDGE('',*,*,#4210,.T.);
#5628=ORIENTED_EDGE('',*,*,#5605,.F.);
#5629=EDGE_LOOP('',(#5624,#5626,#5627,#5628));
#5630=FACE_OUTER_BOUND('',#5629,.F.);
#5631=ADVANCED_FACE('',(#5630),#5623,.T.);
#5632=FILL_AREA_STYLE_COLOUR('',#5);
#5633=FILL_AREA_STYLE('',(#5632));
#5634=SURFACE_STYLE_FILL_AREA(#5633);
#5635=SURFACE_SIDE_STYLE('',(#5634));
#5636=SURFACE_STYLE_USAGE(.POSITIVE.,#5635);
#5637=PRESENTATION_STYLE_ASSIGNMENT((#5636));
#5638=STYLED_ITEM('',(#5637),#5631);
#5639=CARTESIAN_POINT('',(7.076582875252E-1,9.626531931341E-1,0.E0));
#5640=DIRECTION('',(-2.473834390653E-1,-9.689176611437E-1,0.E0));
#5641=DIRECTION('',(-9.689176611437E-1,2.473834390653E-1,0.E0));
#5642=AXIS2_PLACEMENT_3D('',#5639,#5640,#5641);
#5643=PLANE('',#5642);
#5644=ORIENTED_EDGE('',*,*,#2648,.F.);
#5646=ORIENTED_EDGE('',*,*,#5645,.T.);
#5647=ORIENTED_EDGE('',*,*,#4212,.T.);
#5648=ORIENTED_EDGE('',*,*,#5625,.F.);
#5649=EDGE_LOOP('',(#5644,#5646,#5647,#5648));
#5650=FACE_OUTER_BOUND('',#5649,.F.);
#5651=ADVANCED_FACE('',(#5650),#5643,.T.);
#5652=FILL_AREA_STYLE_COLOUR('',#5);
#5653=FILL_AREA_STYLE('',(#5652));
#5654=SURFACE_STYLE_FILL_AREA(#5653);
#5655=SURFACE_SIDE_STYLE('',(#5654));
#5656=SURFACE_STYLE_USAGE(.POSITIVE.,#5655);
#5657=PRESENTATION_STYLE_ASSIGNMENT((#5656));
#5658=STYLED_ITEM('',(#5657),#5651);
#5659=CARTESIAN_POINT('',(7.436832875252E-1,9.381255278945E-1,0.E0));
#5660=DIRECTION('',(-5.627910658975E-1,-8.265991871191E-1,0.E0));
#5661=DIRECTION('',(-8.265991871191E-1,5.627910658975E-1,0.E0));
#5662=AXIS2_PLACEMENT_3D('',#5659,#5660,#5661);
#5663=PLANE('',#5662);
#5664=ORIENTED_EDGE('',*,*,#2646,.F.);
#5666=ORIENTED_EDGE('',*,*,#5665,.T.);
#5667=ORIENTED_EDGE('',*,*,#4214,.T.);
#5668=ORIENTED_EDGE('',*,*,#5645,.F.);
#5669=EDGE_LOOP('',(#5664,#5666,#5667,#5668));
#5670=FACE_OUTER_BOUND('',#5669,.F.);
#5671=ADVANCED_FACE('',(#5670),#5663,.T.);
#5672=FILL_AREA_STYLE_COLOUR('',#5);
#5673=FILL_AREA_STYLE('',(#5672));
#5674=SURFACE_STYLE_FILL_AREA(#5673);
#5675=SURFACE_SIDE_STYLE('',(#5674));
#5676=SURFACE_STYLE_USAGE(.POSITIVE.,#5675);
#5677=PRESENTATION_STYLE_ASSIGNMENT((#5676));
#5678=STYLED_ITEM('',(#5677),#5671);
#5679=CARTESIAN_POINT('',(7.677E-1,9.013340429187E-1,0.E0));
#5680=DIRECTION('',(-8.373786433120E-1,-5.466232777014E-1,0.E0));
#5681=DIRECTION('',(-5.466232777014E-1,8.373786433120E-1,0.E0));
#5682=AXIS2_PLACEMENT_3D('',#5679,#5680,#5681);
#5683=PLANE('',#5682);
#5684=ORIENTED_EDGE('',*,*,#2644,.F.);
#5686=ORIENTED_EDGE('',*,*,#5685,.T.);
#5687=ORIENTED_EDGE('',*,*,#4216,.T.);
#5688=ORIENTED_EDGE('',*,*,#5665,.F.);
#5689=EDGE_LOOP('',(#5684,#5686,#5687,#5688));
#5690=FACE_OUTER_BOUND('',#5689,.F.);
#5691=ADVANCED_FACE('',(#5690),#5683,.T.);
#5692=FILL_AREA_STYLE_COLOUR('',#5);
#5693=FILL_AREA_STYLE('',(#5692));
#5694=SURFACE_STYLE_FILL_AREA(#5693);
#5695=SURFACE_SIDE_STYLE('',(#5694));
#5696=SURFACE_STYLE_USAGE(.POSITIVE.,#5695);
#5697=PRESENTATION_STYLE_ASSIGNMENT((#5696));
#5698=STYLED_ITEM('',(#5697),#5691);
#5699=CARTESIAN_POINT('',(7.797082875252E-1,8.522787296176E-1,0.E0));
#5700=DIRECTION('',(-9.713213633444E-1,-2.377704967206E-1,0.E0));
#5701=DIRECTION('',(-2.377704967206E-1,9.713213633444E-1,0.E0));
#5702=AXIS2_PLACEMENT_3D('',#5699,#5700,#5701);
#5703=PLANE('',#5702);
#5704=ORIENTED_EDGE('',*,*,#2642,.F.);
#5706=ORIENTED_EDGE('',*,*,#5705,.T.);
#5707=ORIENTED_EDGE('',*,*,#4218,.T.);
#5708=ORIENTED_EDGE('',*,*,#5685,.F.);
#5709=EDGE_LOOP('',(#5704,#5706,#5707,#5708));
#5710=FACE_OUTER_BOUND('',#5709,.F.);
#5711=ADVANCED_FACE('',(#5710),#5703,.T.);
#5712=FILL_AREA_STYLE_COLOUR('',#5);
#5713=FILL_AREA_STYLE('',(#5712));
#5714=SURFACE_STYLE_FILL_AREA(#5713);
#5715=SURFACE_SIDE_STYLE('',(#5714));
#5716=SURFACE_STYLE_USAGE(.POSITIVE.,#5715);
#5717=PRESENTATION_STYLE_ASSIGNMENT((#5716));
#5718=STYLED_ITEM('',(#5717),#5711);
#5719=CARTESIAN_POINT('',(7.797082875252E-1,6.683212875605E-1,0.E0));
#5720=DIRECTION('',(-1.E0,0.E0,0.E0));
#5721=DIRECTION('',(0.E0,1.E0,0.E0));
#5722=AXIS2_PLACEMENT_3D('',#5719,#5720,#5721);
#5723=PLANE('',#5722);
#5724=ORIENTED_EDGE('',*,*,#2640,.F.);
#5726=ORIENTED_EDGE('',*,*,#5725,.T.);
#5727=ORIENTED_EDGE('',*,*,#4220,.T.);
#5728=ORIENTED_EDGE('',*,*,#5705,.F.);
#5729=EDGE_LOOP('',(#5724,#5726,#5727,#5728));
#5730=FACE_OUTER_BOUND('',#5729,.F.);
#5731=ADVANCED_FACE('',(#5730),#5723,.T.);
#5732=FILL_AREA_STYLE_COLOUR('',#5);
#5733=FILL_AREA_STYLE('',(#5732));
#5734=SURFACE_STYLE_FILL_AREA(#5733);
#5735=SURFACE_SIDE_STYLE('',(#5734));
#5736=SURFACE_STYLE_USAGE(.POSITIVE.,#5735);
#5737=PRESENTATION_STYLE_ASSIGNMENT((#5736));
#5738=STYLED_ITEM('',(#5737),#5731);
#5739=CARTESIAN_POINT('',(7.677E-1,6.192659742594E-1,0.E0));
#5740=DIRECTION('',(-9.713213633444E-1,2.377704967206E-1,0.E0));
#5741=DIRECTION('',(2.377704967206E-1,9.713213633444E-1,0.E0));
#5742=AXIS2_PLACEMENT_3D('',#5739,#5740,#5741);
#5743=PLANE('',#5742);
#5744=ORIENTED_EDGE('',*,*,#2638,.F.);
#5746=ORIENTED_EDGE('',*,*,#5745,.T.);
#5747=ORIENTED_EDGE('',*,*,#4222,.T.);
#5748=ORIENTED_EDGE('',*,*,#5725,.F.);
#5749=EDGE_LOOP('',(#5744,#5746,#5747,#5748));
#5750=FACE_OUTER_BOUND('',#5749,.F.);
#5751=ADVANCED_FACE('',(#5750),#5743,.T.);
#5752=FILL_AREA_STYLE_COLOUR('',#5);
#5753=FILL_AREA_STYLE('',(#5752));
#5754=SURFACE_STYLE_FILL_AREA(#5753);
#5755=SURFACE_SIDE_STYLE('',(#5754));
#5756=SURFACE_STYLE_USAGE(.POSITIVE.,#5755);
#5757=PRESENTATION_STYLE_ASSIGNMENT((#5756));
#5758=STYLED_ITEM('',(#5757),#5751);
#5759=CARTESIAN_POINT('',(7.436832875252E-1,5.824744549274E-1,0.E0));
#5760=DIRECTION('',(-8.373788769559E-1,5.466229197794E-1,0.E0));
#5761=DIRECTION('',(5.466229197794E-1,8.373788769559E-1,0.E0));
#5762=AXIS2_PLACEMENT_3D('',#5759,#5760,#5761);
#5763=PLANE('',#5762);
#5764=ORIENTED_EDGE('',*,*,#2636,.F.);
#5766=ORIENTED_EDGE('',*,*,#5765,.T.);
#5767=ORIENTED_EDGE('',*,*,#4224,.T.);
#5768=ORIENTED_EDGE('',*,*,#5745,.F.);
#5769=EDGE_LOOP('',(#5764,#5766,#5767,#5768));
#5770=FACE_OUTER_BOUND('',#5769,.F.);
#5771=ADVANCED_FACE('',(#5770),#5763,.T.);
#5772=FILL_AREA_STYLE_COLOUR('',#5);
#5773=FILL_AREA_STYLE('',(#5772));
#5774=SURFACE_STYLE_FILL_AREA(#5773);
#5775=SURFACE_SIDE_STYLE('',(#5774));
#5776=SURFACE_STYLE_USAGE(.POSITIVE.,#5775);
#5777=PRESENTATION_STYLE_ASSIGNMENT((#5776));
#5778=STYLED_ITEM('',(#5777),#5771);
#5779=CARTESIAN_POINT('',(7.076582875252E-1,5.579467982769E-1,0.E0));
#5780=DIRECTION('',(-5.627909312417E-1,8.265992787996E-1,0.E0));
#5781=DIRECTION('',(8.265992787996E-1,5.627909312417E-1,0.E0));
#5782=AXIS2_PLACEMENT_3D('',#5779,#5780,#5781);
#5783=PLANE('',#5782);
#5784=ORIENTED_EDGE('',*,*,#2634,.F.);
#5786=ORIENTED_EDGE('',*,*,#5785,.T.);
#5787=ORIENTED_EDGE('',*,*,#4226,.T.);
#5788=ORIENTED_EDGE('',*,*,#5765,.F.);
#5789=EDGE_LOOP('',(#5784,#5786,#5787,#5788));
#5790=FACE_OUTER_BOUND('',#5789,.F.);
#5791=ADVANCED_FACE('',(#5790),#5783,.T.);
#5792=FILL_AREA_STYLE_COLOUR('',#5);
#5793=FILL_AREA_STYLE('',(#5792));
#5794=SURFACE_STYLE_FILL_AREA(#5793);
#5795=SURFACE_SIDE_STYLE('',(#5794));
#5796=SURFACE_STYLE_USAGE(.POSITIVE.,#5795);
#5797=PRESENTATION_STYLE_ASSIGNMENT((#5796));
#5798=STYLED_ITEM('',(#5797),#5791);
#5799=CARTESIAN_POINT('',(6.59625E-1,5.456829699516E-1,0.E0));
#5800=DIRECTION('',(-2.473834390653E-1,9.689176611437E-1,0.E0));
#5801=DIRECTION('',(9.689176611437E-1,2.473834390653E-1,0.E0));
#5802=AXIS2_PLACEMENT_3D('',#5799,#5800,#5801);
#5803=PLANE('',#5802);
#5804=ORIENTED_EDGE('',*,*,#2632,.F.);
#5805=ORIENTED_EDGE('',*,*,#5587,.T.);
#5806=ORIENTED_EDGE('',*,*,#4228,.T.);
#5807=ORIENTED_EDGE('',*,*,#5785,.F.);
#5808=EDGE_LOOP('',(#5804,#5805,#5806,#5807));
#5809=FACE_OUTER_BOUND('',#5808,.F.);
#5810=ADVANCED_FACE('',(#5809),#5803,.T.);
#5811=FILL_AREA_STYLE_COLOUR('',#5);
#5812=FILL_AREA_STYLE('',(#5811));
#5813=SURFACE_STYLE_FILL_AREA(#5812);
#5814=SURFACE_SIDE_STYLE('',(#5813));
#5815=SURFACE_STYLE_USAGE(.POSITIVE.,#5814);
#5816=PRESENTATION_STYLE_ASSIGNMENT((#5815));
#5817=STYLED_ITEM('',(#5816),#5810);
#5818=CARTESIAN_POINT('',(1.236025E0,4.721E-1,0.E0));
#5819=DIRECTION('',(0.E0,-1.E0,0.E0));
#5820=DIRECTION('',(-1.E0,0.E0,0.E0));
#5821=AXIS2_PLACEMENT_3D('',#5818,#5819,#5820);
#5822=PLANE('',#5821);
#5823=ORIENTED_EDGE('',*,*,#2599,.F.);
#5825=ORIENTED_EDGE('',*,*,#5824,.T.);
#5826=ORIENTED_EDGE('',*,*,#4245,.T.);
#5828=ORIENTED_EDGE('',*,*,#5827,.F.);
#5829=EDGE_LOOP('',(#5823,#5825,#5826,#5828));
#5830=FACE_OUTER_BOUND('',#5829,.F.);
#5831=ADVANCED_FACE('',(#5830),#5822,.T.);
#5832=FILL_AREA_STYLE_COLOUR('',#5);
#5833=FILL_AREA_STYLE('',(#5832));
#5834=SURFACE_STYLE_FILL_AREA(#5833);
#5835=SURFACE_SIDE_STYLE('',(#5834));
#5836=SURFACE_STYLE_USAGE(.POSITIVE.,#5835);
#5837=PRESENTATION_STYLE_ASSIGNMENT((#5836));
#5838=STYLED_ITEM('',(#5837),#5831);
#5839=CARTESIAN_POINT('',(1.428158424950E0,1.0485E0,0.E0));
#5840=DIRECTION('',(9.486832528138E-1,-3.162279017271E-1,0.E0));
#5841=DIRECTION('',(-3.162279017271E-1,-9.486832528138E-1,0.E0));
#5842=AXIS2_PLACEMENT_3D('',#5839,#5840,#5841);
#5843=PLANE('',#5842);
#5844=ORIENTED_EDGE('',*,*,#2613,.F.);
#5846=ORIENTED_EDGE('',*,*,#5845,.T.);
#5847=ORIENTED_EDGE('',*,*,#4247,.T.);
#5848=ORIENTED_EDGE('',*,*,#5824,.F.);
#5849=EDGE_LOOP('',(#5844,#5846,#5847,#5848));
#5850=FACE_OUTER_BOUND('',#5849,.F.);
#5851=ADVANCED_FACE('',(#5850),#5843,.T.);
#5852=FILL_AREA_STYLE_COLOUR('',#5);
#5853=FILL_AREA_STYLE('',(#5852));
#5854=SURFACE_STYLE_FILL_AREA(#5853);
#5855=SURFACE_SIDE_STYLE('',(#5854));
#5856=SURFACE_STYLE_USAGE(.POSITIVE.,#5855);
#5857=PRESENTATION_STYLE_ASSIGNMENT((#5856));
#5858=STYLED_ITEM('',(#5857),#5851);
#5859=CARTESIAN_POINT('',(1.356108424950E0,1.0485E0,0.E0));
#5860=DIRECTION('',(0.E0,1.E0,0.E0));
#5861=DIRECTION('',(1.E0,0.E0,0.E0));
#5862=AXIS2_PLACEMENT_3D('',#5859,#5860,#5861);
#5863=PLANE('',#5862);
#5864=ORIENTED_EDGE('',*,*,#2611,.F.);
#5866=ORIENTED_EDGE('',*,*,#5865,.T.);
#5867=ORIENTED_EDGE('',*,*,#4249,.T.);
#5868=ORIENTED_EDGE('',*,*,#5845,.F.);
#5869=EDGE_LOOP('',(#5864,#5866,#5867,#5868));
#5870=FACE_OUTER_BOUND('',#5869,.F.);
#5871=ADVANCED_FACE('',(#5870),#5863,.T.);
#5872=FILL_AREA_STYLE_COLOUR('',#5);
#5873=FILL_AREA_STYLE('',(#5872));
#5874=SURFACE_STYLE_FILL_AREA(#5873);
#5875=SURFACE_SIDE_STYLE('',(#5874));
#5876=SURFACE_STYLE_USAGE(.POSITIVE.,#5875);
#5877=PRESENTATION_STYLE_ASSIGNMENT((#5876));
#5878=STYLED_ITEM('',(#5877),#5871);
#5879=CARTESIAN_POINT('',(1.308075E0,9.013340429187E-1,0.E0));
#5880=DIRECTION('',(-9.506450282288E-1,3.102805670740E-1,0.E0));
#5881=DIRECTION('',(3.102805670740E-1,9.506450282288E-1,0.E0));
#5882=AXIS2_PLACEMENT_3D('',#5879,#5880,#5881);
#5883=PLANE('',#5882);
#5884=ORIENTED_EDGE('',*,*,#2609,.F.);
#5886=ORIENTED_EDGE('',*,*,#5885,.T.);
#5887=ORIENTED_EDGE('',*,*,#4251,.T.);
#5888=ORIENTED_EDGE('',*,*,#5865,.F.);
#5889=EDGE_LOOP('',(#5884,#5886,#5887,#5888));
#5890=FACE_OUTER_BOUND('',#5889,.F.);
#5891=ADVANCED_FACE('',(#5890),#5883,.T.);
#5892=FILL_AREA_STYLE_COLOUR('',#5);
#5893=FILL_AREA_STYLE('',(#5892));
#5894=SURFACE_STYLE_FILL_AREA(#5893);
#5895=SURFACE_SIDE_STYLE('',(#5894));
#5896=SURFACE_STYLE_USAGE(.POSITIVE.,#5895);
#5897=PRESENTATION_STYLE_ASSIGNMENT((#5896));
#5898=STYLED_ITEM('',(#5897),#5891);
#5899=CARTESIAN_POINT('',(1.067908424950E0,9.013340429187E-1,0.E0));
#5900=DIRECTION('',(0.E0,1.E0,0.E0));
#5901=DIRECTION('',(1.E0,0.E0,0.E0));
#5902=AXIS2_PLACEMENT_3D('',#5899,#5900,#5901);
#5903=PLANE('',#5902);
#5904=ORIENTED_EDGE('',*,*,#2607,.F.);
#5906=ORIENTED_EDGE('',*,*,#5905,.T.);
#5907=ORIENTED_EDGE('',*,*,#4253,.T.);
#5908=ORIENTED_EDGE('',*,*,#5885,.F.);
#5909=EDGE_LOOP('',(#5904,#5906,#5907,#5908));
#5910=FACE_OUTER_BOUND('',#5909,.F.);
#5911=ADVANCED_FACE('',(#5910),#5903,.T.);
#5912=FILL_AREA_STYLE_COLOUR('',#5);
#5913=FILL_AREA_STYLE('',(#5912));
#5914=SURFACE_STYLE_FILL_AREA(#5913);
#5915=SURFACE_SIDE_STYLE('',(#5914));
#5916=SURFACE_STYLE_USAGE(.POSITIVE.,#5915);
#5917=PRESENTATION_STYLE_ASSIGNMENT((#5916));
#5918=STYLED_ITEM('',(#5917),#5911);
#5919=CARTESIAN_POINT('',(1.019875E0,1.0485E0,0.E0));
#5920=DIRECTION('',(9.506450282288E-1,3.102805670740E-1,0.E0));
#5921=DIRECTION('',(3.102805670740E-1,-9.506450282288E-1,0.E0));
#5922=AXIS2_PLACEMENT_3D('',#5919,#5920,#5921);
#5923=PLANE('',#5922);
#5924=ORIENTED_EDGE('',*,*,#2605,.F.);
#5926=ORIENTED_EDGE('',*,*,#5925,.T.);
#5927=ORIENTED_EDGE('',*,*,#4255,.T.);
#5928=ORIENTED_EDGE('',*,*,#5905,.F.);
#5929=EDGE_LOOP('',(#5924,#5926,#5927,#5928));
#5930=FACE_OUTER_BOUND('',#5929,.F.);
#5931=ADVANCED_FACE('',(#5930),#5923,.T.);
#5932=FILL_AREA_STYLE_COLOUR('',#5);
#5933=FILL_AREA_STYLE('',(#5932));
#5934=SURFACE_STYLE_FILL_AREA(#5933);
#5935=SURFACE_SIDE_STYLE('',(#5934));
#5936=SURFACE_STYLE_USAGE(.POSITIVE.,#5935);
#5937=PRESENTATION_STYLE_ASSIGNMENT((#5936));
#5938=STYLED_ITEM('',(#5937),#5931);
#5939=CARTESIAN_POINT('',(9.47825E-1,1.0485E0,0.E0));
#5940=DIRECTION('',(0.E0,1.E0,0.E0));
#5941=DIRECTION('',(1.E0,0.E0,0.E0));
#5942=AXIS2_PLACEMENT_3D('',#5939,#5940,#5941);
#5943=PLANE('',#5942);
#5944=ORIENTED_EDGE('',*,*,#2603,.F.);
#5946=ORIENTED_EDGE('',*,*,#5945,.T.);
#5947=ORIENTED_EDGE('',*,*,#4257,.T.);
#5948=ORIENTED_EDGE('',*,*,#5925,.F.);
#5949=EDGE_LOOP('',(#5944,#5946,#5947,#5948));
#5950=FACE_OUTER_BOUND('',#5949,.F.);
#5951=ADVANCED_FACE('',(#5950),#5943,.T.);
#5952=FILL_AREA_STYLE_COLOUR('',#5);
#5953=FILL_AREA_STYLE('',(#5952));
#5954=SURFACE_STYLE_FILL_AREA(#5953);
#5955=SURFACE_SIDE_STYLE('',(#5954));
#5956=SURFACE_STYLE_USAGE(.POSITIVE.,#5955);
#5957=PRESENTATION_STYLE_ASSIGNMENT((#5956));
#5958=STYLED_ITEM('',(#5957),#5951);
#5959=CARTESIAN_POINT('',(1.139958424950E0,4.721E-1,0.E0));
#5960=DIRECTION('',(-9.486832528138E-1,-3.162279017271E-1,0.E0));
#5961=DIRECTION('',(-3.162279017271E-1,9.486832528138E-1,0.E0));
#5962=AXIS2_PLACEMENT_3D('',#5959,#5960,#5961);
#5963=PLANE('',#5962);
#5964=ORIENTED_EDGE('',*,*,#2601,.F.);
#5965=ORIENTED_EDGE('',*,*,#5827,.T.);
#5966=ORIENTED_EDGE('',*,*,#4259,.T.);
#5967=ORIENTED_EDGE('',*,*,#5945,.F.);
#5968=EDGE_LOOP('',(#5964,#5965,#5966,#5967));
#5969=FACE_OUTER_BOUND('',#5968,.F.);
#5970=ADVANCED_FACE('',(#5969),#5963,.T.);
#5971=FILL_AREA_STYLE_COLOUR('',#5);
#5972=FILL_AREA_STYLE('',(#5971));
#5973=SURFACE_STYLE_FILL_AREA(#5972);
#5974=SURFACE_SIDE_STYLE('',(#5973));
#5975=SURFACE_STYLE_USAGE(.POSITIVE.,#5974);
#5976=PRESENTATION_STYLE_ASSIGNMENT((#5975));
#5977=STYLED_ITEM('',(#5976),#5970);
#5978=CARTESIAN_POINT('',(1.187991575050E0,5.211553133011E-1,0.E0));
#5979=DIRECTION('',(-9.506452063546E-1,3.102800213276E-1,0.E0));
#5980=DIRECTION('',(3.102800213276E-1,9.506452063546E-1,0.E0));
#5981=AXIS2_PLACEMENT_3D('',#5978,#5979,#5980);
#5982=PLANE('',#5981);
#5983=ORIENTED_EDGE('',*,*,#2669,.F.);
#5985=ORIENTED_EDGE('',*,*,#5984,.T.);
#5986=ORIENTED_EDGE('',*,*,#4263,.T.);
#5988=ORIENTED_EDGE('',*,*,#5987,.F.);
#5989=EDGE_LOOP('',(#5983,#5985,#5986,#5988));
#5990=FACE_OUTER_BOUND('',#5989,.F.);
#5991=ADVANCED_FACE('',(#5990),#5982,.T.);
#5992=FILL_AREA_STYLE_COLOUR('',#5);
#5993=FILL_AREA_STYLE('',(#5992));
#5994=SURFACE_STYLE_FILL_AREA(#5993);
#5995=SURFACE_SIDE_STYLE('',(#5994));
#5996=SURFACE_STYLE_USAGE(.POSITIVE.,#5995);
#5997=PRESENTATION_STYLE_ASSIGNMENT((#5996));
#5998=STYLED_ITEM('',(#5997),#5991);
#5999=CARTESIAN_POINT('',(1.079916575050E0,8.522787296176E-1,0.E0));
#6000=DIRECTION('',(9.506452063546E-1,3.102800213276E-1,0.E0));
#6001=DIRECTION('',(3.102800213276E-1,-9.506452063546E-1,0.E0));
#6002=AXIS2_PLACEMENT_3D('',#5999,#6000,#6001);
#6003=PLANE('',#6002);
#6004=ORIENTED_EDGE('',*,*,#2673,.F.);
#6006=ORIENTED_EDGE('',*,*,#6005,.T.);
#6007=ORIENTED_EDGE('',*,*,#4265,.T.);
#6008=ORIENTED_EDGE('',*,*,#5984,.F.);
#6009=EDGE_LOOP('',(#6004,#6006,#6007,#6008));
#6010=FACE_OUTER_BOUND('',#6009,.F.);
#6011=ADVANCED_FACE('',(#6010),#6003,.T.);
#6012=FILL_AREA_STYLE_COLOUR('',#5);
#6013=FILL_AREA_STYLE('',(#6012));
#6014=SURFACE_STYLE_FILL_AREA(#6013);
#6015=SURFACE_SIDE_STYLE('',(#6014));
#6016=SURFACE_STYLE_USAGE(.POSITIVE.,#6015);
#6017=PRESENTATION_STYLE_ASSIGNMENT((#6016));
#6018=STYLED_ITEM('',(#6017),#6011);
#6019=CARTESIAN_POINT('',(1.296066575050E0,8.522787296176E-1,0.E0));
#6020=DIRECTION('',(0.E0,-1.E0,0.E0));
#6021=DIRECTION('',(-1.E0,0.E0,0.E0));
#6022=AXIS2_PLACEMENT_3D('',#6019,#6020,#6021);
#6023=PLANE('',#6022);
#6024=ORIENTED_EDGE('',*,*,#2671,.F.);
#6025=ORIENTED_EDGE('',*,*,#5987,.T.);
#6026=ORIENTED_EDGE('',*,*,#4267,.T.);
#6027=ORIENTED_EDGE('',*,*,#6005,.F.);
#6028=EDGE_LOOP('',(#6024,#6025,#6026,#6027));
#6029=FACE_OUTER_BOUND('',#6028,.F.);
#6030=ADVANCED_FACE('',(#6029),#6023,.T.);
#6031=FILL_AREA_STYLE_COLOUR('',#5);
#6032=FILL_AREA_STYLE('',(#6031));
#6033=SURFACE_STYLE_FILL_AREA(#6032);
#6034=SURFACE_SIDE_STYLE('',(#6033));
#6035=SURFACE_STYLE_USAGE(.POSITIVE.,#6034);
#6036=PRESENTATION_STYLE_ASSIGNMENT((#6035));
#6037=STYLED_ITEM('',(#6036),#6030);
#6038=CLOSED_SHELL('',(#2363,#2617,#2656,#2677,#2699,#2720,#2741,#2762,#2783,
#2805,#2864,#2884,#2904,#2925,#2946,#2966,#2986,#3005,#3025,#3045,#3064,#3083,
#3103,#3123,#3142,#3164,#3185,#3206,#3226,#3255,#3295,#3317,#3338,#3359,#3380,
#3401,#3422,#3443,#3464,#3485,#3506,#3526,#3555,#3574,#3596,#3618,#3638,#3658,
#3677,#3699,#3721,#3741,#3761,#3780,#3802,#3824,#3844,#3864,#3883,#3905,#3926,
#3947,#3968,#3989,#4009,#4030,#4124,#4163,#4232,#4271,#4292,#4312,#4332,#4352,
#4372,#4391,#4411,#4431,#4451,#4471,#4491,#4511,#4531,#4551,#4571,#4591,#4611,
#4631,#4651,#4671,#4691,#4711,#4731,#4751,#4771,#4791,#4811,#4831,#4851,#4871,
#4891,#4911,#4931,#4951,#4971,#4991,#5011,#5031,#5050,#5071,#5091,#5111,#5131,
#5151,#5171,#5191,#5211,#5231,#5251,#5271,#5290,#5311,#5331,#5351,#5371,#5391,
#5411,#5431,#5451,#5471,#5491,#5511,#5531,#5551,#5570,#5591,#5611,#5631,#5651,
#5671,#5691,#5711,#5731,#5751,#5771,#5791,#5810,#5831,#5851,#5871,#5891,#5911,
#5931,#5951,#5970,#5991,#6011,#6030));
#6039=MANIFOLD_SOLID_BREP('',#6038);
#6040=CARTESIAN_POINT('',(-3.2884E0,-2.8E0,3.088E-1));
#6041=DIRECTION('',(0.E0,-1.E0,0.E0));
#6042=DIRECTION('',(-1.E0,0.E0,0.E0));
#6043=AXIS2_PLACEMENT_3D('',#6040,#6041,#6042);
#6045=DIRECTION('',(0.E0,0.E0,-1.E0));
#6046=VECTOR('',#6045,7.412E-1);
#6047=CARTESIAN_POINT('',(-3.4534E0,-2.8E0,1.05E0));
#6048=LINE('',#6047,#6046);
#6049=DIRECTION('',(1.E0,0.E0,0.E0));
#6050=VECTOR('',#6049,1.1E1);
#6051=CARTESIAN_POINT('',(-5.5E0,-2.8E0,4.5E0));
#6052=LINE('',#6051,#6050);
#6053=DIRECTION('',(0.E0,0.E0,-1.E0));
#6054=VECTOR('',#6053,7.412E-1);
#6055=CARTESIAN_POINT('',(3.4534E0,-2.8E0,1.05E0));
#6056=LINE('',#6055,#6054);
#6057=CARTESIAN_POINT('',(3.2884E0,-2.8E0,3.088E-1));
#6058=DIRECTION('',(0.E0,-1.E0,0.E0));
#6059=DIRECTION('',(0.E0,0.E0,-1.E0));
#6060=AXIS2_PLACEMENT_3D('',#6057,#6058,#6059);
#6062=DIRECTION('',(-1.E0,0.E0,0.E0));
#6063=VECTOR('',#6062,1.0572E0);
#6064=CARTESIAN_POINT('',(3.2884E0,-2.8E0,1.438E-1));
#6065=LINE('',#6064,#6063);
#6066=DIRECTION('',(0.E0,0.E0,-1.E0));
#6067=VECTOR('',#6066,3.938E-1);
#6068=CARTESIAN_POINT('',(2.2312E0,-2.8E0,1.438E-1));
#6069=LINE('',#6068,#6067);
#6070=DIRECTION('',(1.E0,0.E0,0.E0));
#6071=VECTOR('',#6070,9.734E-1);
#6072=CARTESIAN_POINT('',(1.2578E0,-2.8E0,-2.5E-1));
#6073=LINE('',#6072,#6071);
#6074=DIRECTION('',(0.E0,0.E0,1.E0));
#6075=VECTOR('',#6074,1.3E0);
#6076=CARTESIAN_POINT('',(1.2578E0,-2.8E0,-2.5E-1));
#6077=LINE('',#6076,#6075);
#6078=DIRECTION('',(0.E0,0.E0,1.E0));
#6079=VECTOR('',#6078,1.3E0);
#6080=CARTESIAN_POINT('',(-1.2578E0,-2.8E0,-2.5E-1));
#6081=LINE('',#6080,#6079);
#6082=DIRECTION('',(1.E0,0.E0,0.E0));
#6083=VECTOR('',#6082,9.734E-1);
#6084=CARTESIAN_POINT('',(-2.2312E0,-2.8E0,-2.5E-1));
#6085=LINE('',#6084,#6083);
#6086=DIRECTION('',(0.E0,0.E0,-1.E0));
#6087=VECTOR('',#6086,3.938E-1);
#6088=CARTESIAN_POINT('',(-2.2312E0,-2.8E0,1.438E-1));
#6089=LINE('',#6088,#6087);
#6090=DIRECTION('',(1.E0,0.E0,0.E0));
#6091=VECTOR('',#6090,1.0572E0);
#6092=CARTESIAN_POINT('',(-3.2884E0,-2.8E0,1.438E-1));
#6093=LINE('',#6092,#6091);
#6094=CARTESIAN_POINT('',(-3.2884E0,-2.3E0,3.088E-1));
#6095=DIRECTION('',(0.E0,1.E0,0.E0));
#6096=DIRECTION('',(0.E0,0.E0,-1.E0));
#6097=AXIS2_PLACEMENT_3D('',#6094,#6095,#6096);
#6099=DIRECTION('',(1.E0,0.E0,0.E0));
#6100=VECTOR('',#6099,1.0572E0);
#6101=CARTESIAN_POINT('',(-3.2884E0,-2.3E0,1.438E-1));
#6102=LINE('',#6101,#6100);
#6103=DIRECTION('',(0.E0,0.E0,-1.E0));
#6104=VECTOR('',#6103,1.938E-1);
#6105=CARTESIAN_POINT('',(-2.2312E0,-2.3E0,1.438E-1));
#6106=LINE('',#6105,#6104);
#6107=DIRECTION('',(1.E0,0.E0,0.E0));
#6108=VECTOR('',#6107,9.736666666667E-1);
#6109=CARTESIAN_POINT('',(-2.2312E0,-2.3E0,-5.E-2));
#6110=LINE('',#6109,#6108);
#6111=DIRECTION('',(-2.424242353006E-4,0.E0,9.999999706152E-1));
#6112=VECTOR('',#6111,1.100000032323E0);
#6113=CARTESIAN_POINT('',(-1.257533333333E0,-2.3E0,-5.E-2));
#6114=LINE('',#6113,#6112);
#6115=DIRECTION('',(1.E0,0.E0,0.E0));
#6116=VECTOR('',#6115,2.5156E0);
#6117=CARTESIAN_POINT('',(-1.2578E0,-2.3E0,1.05E0));
#6118=LINE('',#6117,#6116);
#6119=DIRECTION('',(2.424242353006E-4,0.E0,9.999999706152E-1));
#6120=VECTOR('',#6119,1.100000032323E0);
#6121=CARTESIAN_POINT('',(1.257533333333E0,-2.3E0,-5.E-2));
#6122=LINE('',#6121,#6120);
#6123=DIRECTION('',(-1.E0,0.E0,0.E0));
#6124=VECTOR('',#6123,9.736666666667E-1);
#6125=CARTESIAN_POINT('',(2.2312E0,-2.3E0,-5.E-2));
#6126=LINE('',#6125,#6124);
#6127=DIRECTION('',(0.E0,0.E0,-1.E0));
#6128=VECTOR('',#6127,1.938E-1);
#6129=CARTESIAN_POINT('',(2.2312E0,-2.3E0,1.438E-1));
#6130=LINE('',#6129,#6128);
#6131=DIRECTION('',(-1.E0,0.E0,0.E0));
#6132=VECTOR('',#6131,1.0572E0);
#6133=CARTESIAN_POINT('',(3.2884E0,-2.3E0,1.438E-1));
#6134=LINE('',#6133,#6132);
#6135=CARTESIAN_POINT('',(3.2884E0,-2.3E0,3.088E-1));
#6136=DIRECTION('',(0.E0,1.E0,0.E0));
#6137=DIRECTION('',(1.E0,0.E0,0.E0));
#6138=AXIS2_PLACEMENT_3D('',#6135,#6136,#6137);
#6140=DIRECTION('',(0.E0,0.E0,-1.E0));
#6141=VECTOR('',#6140,7.412E-1);
#6142=CARTESIAN_POINT('',(3.4534E0,-2.3E0,1.05E0));
#6143=LINE('',#6142,#6141);
#6144=DIRECTION('',(1.E0,0.E0,0.E0));
#6145=VECTOR('',#6144,2.0466E0);
#6146=CARTESIAN_POINT('',(3.4534E0,-2.3E0,1.05E0));
#6147=LINE('',#6146,#6145);
#6148=DIRECTION('',(1.E0,0.E0,0.E0));
#6149=VECTOR('',#6148,2.0466E0);
#6150=CARTESIAN_POINT('',(-5.5E0,-2.3E0,1.05E0));
#6151=LINE('',#6150,#6149);
#6152=DIRECTION('',(0.E0,0.E0,-1.E0));
#6153=VECTOR('',#6152,7.412E-1);
#6154=CARTESIAN_POINT('',(-3.4534E0,-2.3E0,1.05E0));
#6155=LINE('',#6154,#6153);
#6156=DIRECTION('',(0.E0,1.E0,0.E0));
#6157=VECTOR('',#6156,5.E-1);
#6158=CARTESIAN_POINT('',(-3.2884E0,-2.8E0,1.438E-1));
#6159=LINE('',#6158,#6157);
#6160=DIRECTION('',(0.E0,1.E0,0.E0));
#6161=VECTOR('',#6160,5.E-1);
#6162=CARTESIAN_POINT('',(-2.2312E0,-2.8E0,1.438E-1));
#6163=LINE('',#6162,#6161);
#6164=CARTESIAN_POINT('',(-2.2312E0,-2.5E0,-2.5E-1));
#6165=DIRECTION('',(-1.E0,0.E0,0.E0));
#6166=DIRECTION('',(0.E0,0.E0,-1.E0));
#6167=AXIS2_PLACEMENT_3D('',#6164,#6165,#6166);
#6169=DIRECTION('',(0.E0,1.E0,0.E0));
#6170=VECTOR('',#6169,1.0187E0);
#6171=CARTESIAN_POINT('',(-2.2312E0,-2.5E0,-5.5E-1));
#6172=LINE('',#6171,#6170);
#6173=DIRECTION('',(0.E0,0.E0,1.E0));
#6174=VECTOR('',#6173,5.E-1);
#6175=CARTESIAN_POINT('',(-2.2312E0,-1.4813E0,-5.5E-1));
#6176=LINE('',#6175,#6174);
#6177=CARTESIAN_POINT('',(-1.4578E0,-1.4813E0,-5.E-2));
#6178=DIRECTION('',(0.E0,0.E0,1.E0));
#6179=DIRECTION('',(1.E0,1.332267629550E-14,0.E0));
#6180=AXIS2_PLACEMENT_3D('',#6177,#6178,#6179);
#6182=DIRECTION('',(3.257196195442E-4,-9.999999469534E-1,0.E0));
#6183=VECTOR('',#6182,8.187000434293E-1);
#6184=CARTESIAN_POINT('',(-1.2578E0,-1.4813E0,-5.E-2));
#6185=LINE('',#6184,#6183);
#6186=DIRECTION('',(0.E0,1.E0,0.E0));
#6187=VECTOR('',#6186,8.187E-1);
#6188=CARTESIAN_POINT('',(-2.2312E0,-2.3E0,-5.E-2));
#6189=LINE('',#6188,#6187);
#6190=CARTESIAN_POINT('',(-2.0312E0,-1.4813E0,-5.E-2));
#6191=DIRECTION('',(0.E0,0.E0,1.E0));
#6192=DIRECTION('',(0.E0,1.E0,0.E0));
#6193=AXIS2_PLACEMENT_3D('',#6190,#6191,#6192);
#6195=DIRECTION('',(1.E0,0.E0,0.E0));
#6196=VECTOR('',#6195,5.734E-1);
#6197=CARTESIAN_POINT('',(-2.0312E0,-1.2813E0,-5.E-2));
#6198=LINE('',#6197,#6196);
#6199=DIRECTION('',(0.E0,0.E0,1.E0));
#6200=VECTOR('',#6199,5.E-1);
#6201=CARTESIAN_POINT('',(-1.4578E0,-1.2813E0,-5.5E-1));
#6202=LINE('',#6201,#6200);
#6203=DIRECTION('',(0.E0,0.E0,1.E0));
#6204=VECTOR('',#6203,5.E-1);
#6205=CARTESIAN_POINT('',(-2.0312E0,-1.2813E0,-5.5E-1));
#6206=LINE('',#6205,#6204);
#6207=CARTESIAN_POINT('',(-1.4578E0,-1.4813E0,-5.5E-1));
#6208=DIRECTION('',(0.E0,0.E0,-1.E0));
#6209=DIRECTION('',(0.E0,1.E0,0.E0));
#6210=AXIS2_PLACEMENT_3D('',#6207,#6208,#6209);
#6212=DIRECTION('',(1.E0,0.E0,0.E0));
#6213=VECTOR('',#6212,5.734E-1);
#6214=CARTESIAN_POINT('',(-2.0312E0,-1.2813E0,-5.5E-1));
#6215=LINE('',#6214,#6213);
#6216=CARTESIAN_POINT('',(-2.0312E0,-1.4813E0,-5.5E-1));
#6217=DIRECTION('',(0.E0,0.E0,-1.E0));
#6218=DIRECTION('',(-1.E0,1.554312234475E-14,0.E0));
#6219=AXIS2_PLACEMENT_3D('',#6216,#6217,#6218);
#6221=DIRECTION('',(1.E0,0.E0,0.E0));
#6222=VECTOR('',#6221,9.734E-1);
#6223=CARTESIAN_POINT('',(-2.2312E0,-2.5E0,-5.5E-1));
#6224=LINE('',#6223,#6222);
#6225=DIRECTION('',(0.E0,0.E0,1.E0));
#6226=VECTOR('',#6225,5.E-1);
#6227=CARTESIAN_POINT('',(-1.2578E0,-1.4813E0,-5.5E-1));
#6228=LINE('',#6227,#6226);
#6229=DIRECTION('',(0.E0,-1.E0,0.E0));
#6230=VECTOR('',#6229,1.0187E0);
#6231=CARTESIAN_POINT('',(-1.2578E0,-1.4813E0,-5.5E-1));
#6232=LINE('',#6231,#6230);
#6233=CARTESIAN_POINT('',(-1.2578E0,-2.5E0,-2.5E-1));
#6234=DIRECTION('',(1.E0,0.E0,0.E0));
#6235=DIRECTION('',(0.E0,-1.E0,0.E0));
#6236=AXIS2_PLACEMENT_3D('',#6233,#6234,#6235);
#6238=DIRECTION('',(0.E0,1.E0,0.E0));
#6239=VECTOR('',#6238,5.E-1);
#6240=CARTESIAN_POINT('',(-3.4534E0,-2.8E0,1.05E0));
#6241=LINE('',#6240,#6239);
#6242=DIRECTION('',(1.E0,0.E0,0.E0));
#6243=VECTOR('',#6242,2.0466E0);
#6244=CARTESIAN_POINT('',(-5.5E0,-2.8E0,1.05E0));
#6245=LINE('',#6244,#6243);
#6246=DIRECTION('',(0.E0,1.E0,0.E0));
#6247=VECTOR('',#6246,5.E-1);
#6248=CARTESIAN_POINT('',(3.4534E0,-2.8E0,1.05E0));
#6249=LINE('',#6248,#6247);
#6250=DIRECTION('',(1.E0,0.E0,0.E0));
#6251=VECTOR('',#6250,2.0466E0);
#6252=CARTESIAN_POINT('',(3.4534E0,-2.8E0,1.05E0));
#6253=LINE('',#6252,#6251);
#6254=DIRECTION('',(0.E0,1.E0,0.E0));
#6255=VECTOR('',#6254,5.E-1);
#6256=CARTESIAN_POINT('',(1.2578E0,-2.8E0,1.05E0));
#6257=LINE('',#6256,#6255);
#6258=DIRECTION('',(0.E0,1.E0,0.E0));
#6259=VECTOR('',#6258,5.E-1);
#6260=CARTESIAN_POINT('',(-1.2578E0,-2.8E0,1.05E0));
#6261=LINE('',#6260,#6259);
#6262=DIRECTION('',(1.E0,0.E0,0.E0));
#6263=VECTOR('',#6262,2.5156E0);
#6264=CARTESIAN_POINT('',(-1.2578E0,-2.8E0,1.05E0));
#6265=LINE('',#6264,#6263);
#6266=DIRECTION('',(0.E0,1.E0,0.E0));
#6267=VECTOR('',#6266,5.E-1);
#6268=CARTESIAN_POINT('',(-3.4534E0,-2.8E0,3.088E-1));
#6269=LINE('',#6268,#6267);
#6270=DIRECTION('',(0.E0,0.E0,-1.E0));
#6271=VECTOR('',#6270,4.979130371551E-1);
#6272=CARTESIAN_POINT('',(-5.5E0,2.25E0,5.097913037155E0));
#6273=LINE('',#6272,#6271);
#6274=DIRECTION('',(0.E0,-1.E0,0.E0));
#6275=VECTOR('',#6274,5.E-2);
#6276=CARTESIAN_POINT('',(-5.5E0,2.25E0,4.6E0));
#6277=LINE('',#6276,#6275);
#6278=CARTESIAN_POINT('',(-5.5E0,2.2E0,4.5E0));
#6279=DIRECTION('',(-1.E0,0.E0,0.E0));
#6280=DIRECTION('',(0.E0,0.E0,1.E0));
#6281=AXIS2_PLACEMENT_3D('',#6278,#6279,#6280);
#6283=DIRECTION('',(0.E0,0.E0,-1.E0));
#6284=VECTOR('',#6283,3.45E0);
#6285=CARTESIAN_POINT('',(-5.5E0,2.3E0,4.5E0));
#6286=LINE('',#6285,#6284);
#6287=DIRECTION('',(0.E0,1.E0,0.E0));
#6288=VECTOR('',#6287,5.E-1);
#6289=CARTESIAN_POINT('',(-5.5E0,2.3E0,1.05E0));
#6290=LINE('',#6289,#6288);
#6291=DIRECTION('',(0.E0,0.E0,1.E0));
#6292=VECTOR('',#6291,3.45E0);
#6293=CARTESIAN_POINT('',(-5.5E0,2.8E0,1.05E0));
#6294=LINE('',#6293,#6292);
#6295=CARTESIAN_POINT('',(-5.5E0,2.2E0,4.5E0));
#6296=DIRECTION('',(1.E0,0.E0,0.E0));
#6297=DIRECTION('',(0.E0,1.E0,0.E0));
#6298=AXIS2_PLACEMENT_3D('',#6295,#6296,#6297);
#6300=DIRECTION('',(0.E0,0.E0,-1.E0));
#6301=VECTOR('',#6300,4.979130371551E-1);
#6302=CARTESIAN_POINT('',(-5.5E0,-2.25E0,5.097913037155E0));
#6303=LINE('',#6302,#6301);
#6304=CARTESIAN_POINT('',(-5.5E0,-2.2E0,4.5E0));
#6305=DIRECTION('',(1.E0,0.E0,0.E0));
#6306=DIRECTION('',(0.E0,-8.333333333333E-2,9.965217285918E-1));
#6307=AXIS2_PLACEMENT_3D('',#6304,#6305,#6306);
#6309=DIRECTION('',(0.E0,0.E0,-1.E0));
#6310=VECTOR('',#6309,3.45E0);
#6311=CARTESIAN_POINT('',(-5.5E0,-2.8E0,4.5E0));
#6312=LINE('',#6311,#6310);
#6313=DIRECTION('',(0.E0,1.E0,0.E0));
#6314=VECTOR('',#6313,5.E-1);
#6315=CARTESIAN_POINT('',(-5.5E0,-2.8E0,1.05E0));
#6316=LINE('',#6315,#6314);
#6317=DIRECTION('',(0.E0,0.E0,1.E0));
#6318=VECTOR('',#6317,3.45E0);
#6319=CARTESIAN_POINT('',(-5.5E0,-2.3E0,1.05E0));
#6320=LINE('',#6319,#6318);
#6321=CARTESIAN_POINT('',(-5.5E0,-2.2E0,4.5E0));
#6322=DIRECTION('',(-1.E0,0.E0,0.E0));
#6323=DIRECTION('',(0.E0,-1.E0,0.E0));
#6324=AXIS2_PLACEMENT_3D('',#6321,#6322,#6323);
#6326=DIRECTION('',(0.E0,-1.E0,0.E0));
#6327=VECTOR('',#6326,5.E-2);
#6328=CARTESIAN_POINT('',(-5.5E0,-2.2E0,4.6E0));
#6329=LINE('',#6328,#6327);
#6330=DIRECTION('',(0.E0,0.E0,1.E0));
#6331=VECTOR('',#6330,2.086962844929E-3);
#6332=CARTESIAN_POINT('',(-5.5E0,2.25E0,5.097913037155E0));
#6333=LINE('',#6332,#6331);
#6334=DIRECTION('',(-1.E0,0.E0,0.E0));
#6335=VECTOR('',#6334,9.999999999999E-3);
#6336=CARTESIAN_POINT('',(-5.5E0,2.25E0,5.1E0));
#6337=LINE('',#6336,#6335);
#6338=CARTESIAN_POINT('',(-5.51E0,2.25E0,4.56E0));
#6339=DIRECTION('',(0.E0,-1.E0,0.E0));
#6340=DIRECTION('',(0.E0,0.E0,1.E0));
#6341=AXIS2_PLACEMENT_3D('',#6338,#6339,#6340);
#6343=DIRECTION('',(0.E0,0.E0,-1.E0));
#6344=VECTOR('',#6343,6.46E0);
#6345=CARTESIAN_POINT('',(-6.05E0,2.25E0,4.56E0));
#6346=LINE('',#6345,#6344);
#6347=DIRECTION('',(1.E0,0.E0,0.E0));
#6348=VECTOR('',#6347,5.E-1);
#6349=CARTESIAN_POINT('',(-6.05E0,2.25E0,-1.9E0));
#6350=LINE('',#6349,#6348);
#6351=DIRECTION('',(0.E0,0.E0,1.E0));
#6352=VECTOR('',#6351,6.46E0);
#6353=CARTESIAN_POINT('',(-5.55E0,2.25E0,-1.9E0));
#6354=LINE('',#6353,#6352);
#6355=CARTESIAN_POINT('',(-5.51E0,2.25E0,4.56E0));
#6356=DIRECTION('',(0.E0,1.E0,0.E0));
#6357=DIRECTION('',(-1.E0,0.E0,0.E0));
#6358=AXIS2_PLACEMENT_3D('',#6355,#6356,#6357);
#6360=DIRECTION('',(1.E0,0.E0,0.E0));
#6361=VECTOR('',#6360,9.999999999999E-3);
#6362=CARTESIAN_POINT('',(-5.51E0,2.25E0,4.6E0));
#6363=LINE('',#6362,#6361);
#6364=CARTESIAN_POINT('',(5.5E0,2.2E0,4.5E0));
#6365=DIRECTION('',(1.E0,0.E0,0.E0));
#6366=DIRECTION('',(0.E0,8.333333333333E-2,9.965217285918E-1));
#6367=AXIS2_PLACEMENT_3D('',#6364,#6365,#6366);
#6369=CARTESIAN_POINT('',(-5.5E0,2.2E0,4.5E0));
#6370=DIRECTION('',(1.E0,0.E0,0.E0));
#6371=DIRECTION('',(0.E0,8.333333333333E-2,9.965217285918E-1));
#6372=AXIS2_PLACEMENT_3D('',#6369,#6370,#6371);
#6374=DIRECTION('',(1.E0,0.E0,0.E0));
#6375=VECTOR('',#6374,1.1E1);
#6376=CARTESIAN_POINT('',(-5.5E0,2.8E0,4.5E0));
#6377=LINE('',#6376,#6375);
#6378=DIRECTION('',(-1.E0,0.E0,0.E0));
#6379=VECTOR('',#6378,9.999999999998E-3);
#6380=CARTESIAN_POINT('',(5.51E0,2.25E0,4.6E0));
#6381=LINE('',#6380,#6379);
#6382=CARTESIAN_POINT('',(5.51E0,2.25E0,4.56E0));
#6383=DIRECTION('',(0.E0,-1.E0,0.E0));
#6384=DIRECTION('',(1.E0,0.E0,0.E0));
#6385=AXIS2_PLACEMENT_3D('',#6382,#6383,#6384);
#6387=DIRECTION('',(0.E0,0.E0,1.E0));
#6388=VECTOR('',#6387,6.46E0);
#6389=CARTESIAN_POINT('',(5.55E0,2.25E0,-1.9E0));
#6390=LINE('',#6389,#6388);
#6391=DIRECTION('',(-1.E0,0.E0,0.E0));
#6392=VECTOR('',#6391,5.E-1);
#6393=CARTESIAN_POINT('',(6.05E0,2.25E0,-1.9E0));
#6394=LINE('',#6393,#6392);
#6395=DIRECTION('',(0.E0,0.E0,-1.E0));
#6396=VECTOR('',#6395,6.46E0);
#6397=CARTESIAN_POINT('',(6.05E0,2.25E0,4.56E0));
#6398=LINE('',#6397,#6396);
#6399=CARTESIAN_POINT('',(5.51E0,2.25E0,4.56E0));
#6400=DIRECTION('',(0.E0,1.E0,0.E0));
#6401=DIRECTION('',(0.E0,0.E0,1.E0));
#6402=AXIS2_PLACEMENT_3D('',#6399,#6400,#6401);
#6404=DIRECTION('',(1.E0,0.E0,0.E0));
#6405=VECTOR('',#6404,9.999999999998E-3);
#6406=CARTESIAN_POINT('',(5.5E0,2.25E0,5.1E0));
#6407=LINE('',#6406,#6405);
#6408=DIRECTION('',(0.E0,0.E0,1.E0));
#6409=VECTOR('',#6408,2.086962844929E-3);
#6410=CARTESIAN_POINT('',(5.5E0,2.25E0,5.097913037155E0));
#6411=LINE('',#6410,#6409);
#6412=DIRECTION('',(-1.E0,0.E0,0.E0));
#6413=VECTOR('',#6412,6.4E0);
#6414=CARTESIAN_POINT('',(3.2E0,1.6E0,4.6E0));
#6415=LINE('',#6414,#6413);
#6416=DIRECTION('',(0.E0,1.E0,0.E0));
#6417=VECTOR('',#6416,3.2E0);
#6418=CARTESIAN_POINT('',(3.2E0,-1.6E0,4.6E0));
#6419=LINE('',#6418,#6417);
#6420=DIRECTION('',(1.E0,0.E0,0.E0));
#6421=VECTOR('',#6420,6.4E0);
#6422=CARTESIAN_POINT('',(-3.2E0,-1.6E0,4.6E0));
#6423=LINE('',#6422,#6421);
#6424=DIRECTION('',(0.E0,-1.E0,0.E0));
#6425=VECTOR('',#6424,3.2E0);
#6426=CARTESIAN_POINT('',(-3.2E0,1.6E0,4.6E0));
#6427=LINE('',#6426,#6425);
#6428=DIRECTION('',(1.E0,0.E0,0.E0));
#6429=VECTOR('',#6428,1.1E1);
#6430=CARTESIAN_POINT('',(-5.5E0,-2.2E0,4.6E0));
#6431=LINE('',#6430,#6429);
#6432=DIRECTION('',(0.E0,-1.E0,0.E0));
#6433=VECTOR('',#6432,4.5E0);
#6434=CARTESIAN_POINT('',(5.51E0,2.25E0,4.6E0));
#6435=LINE('',#6434,#6433);
#6436=DIRECTION('',(0.E0,-1.E0,0.E0));
#6437=VECTOR('',#6436,4.5E0);
#6438=CARTESIAN_POINT('',(-5.51E0,2.25E0,4.6E0));
#6439=LINE('',#6438,#6437);
#6440=DIRECTION('',(0.E0,0.E0,-1.E0));
#6441=VECTOR('',#6440,5.E-1);
#6442=CARTESIAN_POINT('',(3.2E0,1.6E0,5.1E0));
#6443=LINE('',#6442,#6441);
#6444=DIRECTION('',(0.E0,0.E0,-1.E0));
#6445=VECTOR('',#6444,5.E-1);
#6446=CARTESIAN_POINT('',(-3.2E0,1.6E0,5.1E0));
#6447=LINE('',#6446,#6445);
#6448=DIRECTION('',(0.E0,0.E0,-1.E0));
#6449=VECTOR('',#6448,5.E-1);
#6450=CARTESIAN_POINT('',(-3.2E0,-1.6E0,5.1E0));
#6451=LINE('',#6450,#6449);
#6452=DIRECTION('',(0.E0,0.E0,-1.E0));
#6453=VECTOR('',#6452,5.E-1);
#6454=CARTESIAN_POINT('',(3.2E0,-1.6E0,5.1E0));
#6455=LINE('',#6454,#6453);
#6456=DIRECTION('',(-1.E0,0.E0,0.E0));
#6457=VECTOR('',#6456,6.4E0);
#6458=CARTESIAN_POINT('',(3.2E0,1.6E0,5.1E0));
#6459=LINE('',#6458,#6457);
#6460=DIRECTION('',(0.E0,-1.E0,0.E0));
#6461=VECTOR('',#6460,3.2E0);
#6462=CARTESIAN_POINT('',(-3.2E0,1.6E0,5.1E0));
#6463=LINE('',#6462,#6461);
#6464=DIRECTION('',(1.E0,0.E0,0.E0));
#6465=VECTOR('',#6464,6.4E0);
#6466=CARTESIAN_POINT('',(-3.2E0,-1.6E0,5.1E0));
#6467=LINE('',#6466,#6465);
#6468=DIRECTION('',(0.E0,1.E0,0.E0));
#6469=VECTOR('',#6468,3.2E0);
#6470=CARTESIAN_POINT('',(3.2E0,-1.6E0,5.1E0));
#6471=LINE('',#6470,#6469);
#6472=DIRECTION('',(1.E0,0.E0,0.E0));
#6473=VECTOR('',#6472,1.1E1);
#6474=CARTESIAN_POINT('',(-5.5E0,2.2E0,5.1E0));
#6475=LINE('',#6474,#6473);
#6476=DIRECTION('',(0.E0,-1.E0,0.E0));
#6477=VECTOR('',#6476,5.E-2);
#6478=CARTESIAN_POINT('',(5.5E0,2.25E0,5.1E0));
#6479=LINE('',#6478,#6477);
#6480=DIRECTION('',(0.E0,-1.E0,0.E0));
#6481=VECTOR('',#6480,5.E-2);
#6482=CARTESIAN_POINT('',(5.5E0,-2.2E0,5.1E0));
#6483=LINE('',#6482,#6481);
#6484=DIRECTION('',(0.E0,-1.E0,0.E0));
#6485=VECTOR('',#6484,5.E-2);
#6486=CARTESIAN_POINT('',(-5.5E0,-2.2E0,5.1E0));
#6487=LINE('',#6486,#6485);
#6488=DIRECTION('',(0.E0,-1.E0,0.E0));
#6489=VECTOR('',#6488,5.E-2);
#6490=CARTESIAN_POINT('',(-5.5E0,2.25E0,5.1E0));
#6491=LINE('',#6490,#6489);
#6492=DIRECTION('',(0.E0,-1.E0,0.E0));
#6493=VECTOR('',#6492,4.5E0);
#6494=CARTESIAN_POINT('',(5.51E0,2.25E0,5.1E0));
#6495=LINE('',#6494,#6493);
#6496=DIRECTION('',(0.E0,0.E0,-1.E0));
#6497=VECTOR('',#6496,2.3E0);
#6498=CARTESIAN_POINT('',(6.05E0,7.5E-1,-1.9E0));
#6499=LINE('',#6498,#6497);
#6500=CARTESIAN_POINT('',(6.05E0,4.5E-1,-4.2E0));
#6501=DIRECTION('',(1.E0,0.E0,0.E0));
#6502=DIRECTION('',(0.E0,0.E0,-1.E0));
#6503=AXIS2_PLACEMENT_3D('',#6500,#6501,#6502);
#6505=DIRECTION('',(0.E0,-1.E0,0.E0));
#6506=VECTOR('',#6505,9.E-1);
#6507=CARTESIAN_POINT('',(6.05E0,4.5E-1,-4.5E0));
#6508=LINE('',#6507,#6506);
#6509=CARTESIAN_POINT('',(6.05E0,-4.5E-1,-4.2E0));
#6510=DIRECTION('',(1.E0,0.E0,0.E0));
#6511=DIRECTION('',(0.E0,-1.E0,0.E0));
#6512=AXIS2_PLACEMENT_3D('',#6509,#6510,#6511);
#6514=DIRECTION('',(0.E0,0.E0,1.E0));
#6515=VECTOR('',#6514,2.3E0);
#6516=CARTESIAN_POINT('',(6.05E0,-7.5E-1,-4.2E0));
#6517=LINE('',#6516,#6515);
#6518=DIRECTION('',(0.E0,-1.E0,0.E0));
#6519=VECTOR('',#6518,4.5E0);
#6520=CARTESIAN_POINT('',(6.05E0,2.25E0,4.56E0));
#6521=LINE('',#6520,#6519);
#6522=DIRECTION('',(1.E0,0.E0,0.E0));
#6523=VECTOR('',#6522,5.E-1);
#6524=CARTESIAN_POINT('',(5.55E0,7.5E-1,-4.2E0));
#6525=LINE('',#6524,#6523);
#6526=DIRECTION('',(-1.E0,0.E0,0.E0));
#6527=VECTOR('',#6526,5.E-1);
#6528=CARTESIAN_POINT('',(6.05E0,7.5E-1,-1.9E0));
#6529=LINE('',#6528,#6527);
#6530=DIRECTION('',(0.E0,-1.E0,0.E0));
#6531=VECTOR('',#6530,1.5E0);
#6532=CARTESIAN_POINT('',(6.05E0,2.25E0,-1.9E0));
#6533=LINE('',#6532,#6531);
#6534=DIRECTION('',(-1.E0,0.E0,0.E0));
#6535=VECTOR('',#6534,5.E-1);
#6536=CARTESIAN_POINT('',(6.05E0,-7.5E-1,-1.9E0));
#6537=LINE('',#6536,#6535);
#6538=DIRECTION('',(0.E0,-1.E0,0.E0));
#6539=VECTOR('',#6538,1.5E0);
#6540=CARTESIAN_POINT('',(6.05E0,-7.5E-1,-1.9E0));
#6541=LINE('',#6540,#6539);
#6542=DIRECTION('',(0.E0,0.E0,-1.E0));
#6543=VECTOR('',#6542,2.3E0);
#6544=CARTESIAN_POINT('',(5.55E0,7.5E-1,-1.9E0));
#6545=LINE('',#6544,#6543);
#6546=DIRECTION('',(0.E0,-1.E0,0.E0));
#6547=VECTOR('',#6546,1.5E0);
#6548=CARTESIAN_POINT('',(5.55E0,2.25E0,-1.9E0));
#6549=LINE('',#6548,#6547);
#6550=DIRECTION('',(0.E0,-1.E0,0.E0));
#6551=VECTOR('',#6550,1.5E0);
#6552=CARTESIAN_POINT('',(5.55E0,-7.5E-1,-1.9E0));
#6553=LINE('',#6552,#6551);
#6554=DIRECTION('',(0.E0,0.E0,1.E0));
#6555=VECTOR('',#6554,2.3E0);
#6556=CARTESIAN_POINT('',(5.55E0,-7.5E-1,-4.2E0));
#6557=LINE('',#6556,#6555);
#6558=CARTESIAN_POINT('',(5.55E0,-4.5E-1,-4.2E0));
#6559=DIRECTION('',(-1.E0,0.E0,0.E0));
#6560=DIRECTION('',(0.E0,0.E0,-1.E0));
#6561=AXIS2_PLACEMENT_3D('',#6558,#6559,#6560);
#6563=DIRECTION('',(0.E0,-1.E0,0.E0));
#6564=VECTOR('',#6563,9.E-1);
#6565=CARTESIAN_POINT('',(5.55E0,4.5E-1,-4.5E0));
#6566=LINE('',#6565,#6564);
#6567=CARTESIAN_POINT('',(5.55E0,4.5E-1,-4.2E0));
#6568=DIRECTION('',(-1.E0,0.E0,0.E0));
#6569=DIRECTION('',(0.E0,1.E0,0.E0));
#6570=AXIS2_PLACEMENT_3D('',#6567,#6568,#6569);
#6572=DIRECTION('',(0.E0,-1.E0,0.E0));
#6573=VECTOR('',#6572,4.5E0);
#6574=CARTESIAN_POINT('',(5.55E0,2.25E0,4.56E0));
#6575=LINE('',#6574,#6573);
#6576=DIRECTION('',(-1.E0,0.E0,0.E0));
#6577=VECTOR('',#6576,9.999999999998E-3);
#6578=CARTESIAN_POINT('',(5.51E0,-2.25E0,4.6E0));
#6579=LINE('',#6578,#6577);
#6580=DIRECTION('',(0.E0,0.E0,1.E0));
#6581=VECTOR('',#6580,2.086962844928E-3);
#6582=CARTESIAN_POINT('',(5.5E0,-2.25E0,5.097913037155E0));
#6583=LINE('',#6582,#6581);
#6584=DIRECTION('',(1.E0,0.E0,0.E0));
#6585=VECTOR('',#6584,9.999999999998E-3);
#6586=CARTESIAN_POINT('',(5.5E0,-2.25E0,5.1E0));
#6587=LINE('',#6586,#6585);
#6588=CARTESIAN_POINT('',(5.51E0,-2.25E0,4.56E0));
#6589=DIRECTION('',(0.E0,1.E0,0.E0));
#6590=DIRECTION('',(0.E0,0.E0,1.E0));
#6591=AXIS2_PLACEMENT_3D('',#6588,#6589,#6590);
#6593=DIRECTION('',(0.E0,0.E0,-1.E0));
#6594=VECTOR('',#6593,6.46E0);
#6595=CARTESIAN_POINT('',(6.05E0,-2.25E0,4.56E0));
#6596=LINE('',#6595,#6594);
#6597=DIRECTION('',(-1.E0,0.E0,0.E0));
#6598=VECTOR('',#6597,5.E-1);
#6599=CARTESIAN_POINT('',(6.05E0,-2.25E0,-1.9E0));
#6600=LINE('',#6599,#6598);
#6601=DIRECTION('',(0.E0,0.E0,1.E0));
#6602=VECTOR('',#6601,6.46E0);
#6603=CARTESIAN_POINT('',(5.55E0,-2.25E0,-1.9E0));
#6604=LINE('',#6603,#6602);
#6605=CARTESIAN_POINT('',(5.51E0,-2.25E0,4.56E0));
#6606=DIRECTION('',(0.E0,-1.E0,0.E0));
#6607=DIRECTION('',(1.E0,0.E0,0.E0));
#6608=AXIS2_PLACEMENT_3D('',#6605,#6606,#6607);
#6610=DIRECTION('',(0.E0,0.E0,1.E0));
#6611=VECTOR('',#6610,4.979130371551E-1);
#6612=CARTESIAN_POINT('',(5.5E0,2.25E0,4.6E0));
#6613=LINE('',#6612,#6611);
#6614=CARTESIAN_POINT('',(5.5E0,2.2E0,4.5E0));
#6615=DIRECTION('',(1.E0,0.E0,0.E0));
#6616=DIRECTION('',(0.E0,1.E0,0.E0));
#6617=AXIS2_PLACEMENT_3D('',#6614,#6615,#6616);
#6619=DIRECTION('',(0.E0,0.E0,1.E0));
#6620=VECTOR('',#6619,3.45E0);
#6621=CARTESIAN_POINT('',(5.5E0,2.8E0,1.05E0));
#6622=LINE('',#6621,#6620);
#6623=DIRECTION('',(0.E0,1.E0,0.E0));
#6624=VECTOR('',#6623,5.E-1);
#6625=CARTESIAN_POINT('',(5.5E0,2.3E0,1.05E0));
#6626=LINE('',#6625,#6624);
#6627=DIRECTION('',(0.E0,0.E0,-1.E0));
#6628=VECTOR('',#6627,3.45E0);
#6629=CARTESIAN_POINT('',(5.5E0,2.3E0,4.5E0));
#6630=LINE('',#6629,#6628);
#6631=CARTESIAN_POINT('',(5.5E0,2.2E0,4.5E0));
#6632=DIRECTION('',(-1.E0,0.E0,0.E0));
#6633=DIRECTION('',(0.E0,0.E0,1.E0));
#6634=AXIS2_PLACEMENT_3D('',#6631,#6632,#6633);
#6636=DIRECTION('',(0.E0,-1.E0,0.E0));
#6637=VECTOR('',#6636,5.E-2);
#6638=CARTESIAN_POINT('',(5.5E0,2.25E0,4.6E0));
#6639=LINE('',#6638,#6637);
#6640=DIRECTION('',(0.E0,0.E0,1.E0));
#6641=VECTOR('',#6640,4.979130371551E-1);
#6642=CARTESIAN_POINT('',(5.5E0,-2.25E0,4.6E0));
#6643=LINE('',#6642,#6641);
#6644=DIRECTION('',(0.E0,-1.E0,-7.105427357601E-14));
#6645=VECTOR('',#6644,5.E-2);
#6646=CARTESIAN_POINT('',(5.5E0,-2.2E0,4.6E0));
#6647=LINE('',#6646,#6645);
#6648=CARTESIAN_POINT('',(5.5E0,-2.2E0,4.5E0));
#6649=DIRECTION('',(-1.E0,0.E0,0.E0));
#6650=DIRECTION('',(0.E0,-1.E0,0.E0));
#6651=AXIS2_PLACEMENT_3D('',#6648,#6649,#6650);
#6653=DIRECTION('',(0.E0,0.E0,1.E0));
#6654=VECTOR('',#6653,3.45E0);
#6655=CARTESIAN_POINT('',(5.5E0,-2.3E0,1.05E0));
#6656=LINE('',#6655,#6654);
#6657=DIRECTION('',(0.E0,1.E0,0.E0));
#6658=VECTOR('',#6657,5.E-1);
#6659=CARTESIAN_POINT('',(5.5E0,-2.8E0,1.05E0));
#6660=LINE('',#6659,#6658);
#6661=DIRECTION('',(0.E0,0.E0,-1.E0));
#6662=VECTOR('',#6661,3.45E0);
#6663=CARTESIAN_POINT('',(5.5E0,-2.8E0,4.5E0));
#6664=LINE('',#6663,#6662);
#6665=CARTESIAN_POINT('',(5.5E0,-2.2E0,4.5E0));
#6666=DIRECTION('',(1.E0,0.E0,0.E0));
#6667=DIRECTION('',(0.E0,-8.333333333333E-2,9.965217285918E-1));
#6668=AXIS2_PLACEMENT_3D('',#6665,#6666,#6667);
#6670=CARTESIAN_POINT('',(-3.2884E0,2.8E0,3.088E-1));
#6671=DIRECTION('',(0.E0,1.E0,0.E0));
#6672=DIRECTION('',(0.E0,0.E0,-1.E0));
#6673=AXIS2_PLACEMENT_3D('',#6670,#6671,#6672);
#6675=DIRECTION('',(1.E0,0.E0,0.E0));
#6676=VECTOR('',#6675,1.0572E0);
#6677=CARTESIAN_POINT('',(-3.2884E0,2.8E0,1.438E-1));
#6678=LINE('',#6677,#6676);
#6679=DIRECTION('',(0.E0,0.E0,-1.E0));
#6680=VECTOR('',#6679,3.938E-1);
#6681=CARTESIAN_POINT('',(-2.2312E0,2.8E0,1.438E-1));
#6682=LINE('',#6681,#6680);
#6683=DIRECTION('',(-1.E0,0.E0,0.E0));
#6684=VECTOR('',#6683,9.734E-1);
#6685=CARTESIAN_POINT('',(-1.2578E0,2.8E0,-2.5E-1));
#6686=LINE('',#6685,#6684);
#6687=DIRECTION('',(0.E0,0.E0,1.E0));
#6688=VECTOR('',#6687,1.3E0);
#6689=CARTESIAN_POINT('',(-1.2578E0,2.8E0,-2.5E-1));
#6690=LINE('',#6689,#6688);
#6691=DIRECTION('',(1.E0,0.E0,0.E0));
#6692=VECTOR('',#6691,2.5156E0);
#6693=CARTESIAN_POINT('',(-1.2578E0,2.8E0,1.05E0));
#6694=LINE('',#6693,#6692);
#6695=DIRECTION('',(0.E0,0.E0,1.E0));
#6696=VECTOR('',#6695,1.3E0);
#6697=CARTESIAN_POINT('',(1.2578E0,2.8E0,-2.5E-1));
#6698=LINE('',#6697,#6696);
#6699=DIRECTION('',(-1.E0,0.E0,0.E0));
#6700=VECTOR('',#6699,9.734E-1);
#6701=CARTESIAN_POINT('',(2.2312E0,2.8E0,-2.5E-1));
#6702=LINE('',#6701,#6700);
#6703=DIRECTION('',(0.E0,0.E0,-1.E0));
#6704=VECTOR('',#6703,3.938E-1);
#6705=CARTESIAN_POINT('',(2.2312E0,2.8E0,1.438E-1));
#6706=LINE('',#6705,#6704);
#6707=DIRECTION('',(-1.E0,0.E0,0.E0));
#6708=VECTOR('',#6707,1.0572E0);
#6709=CARTESIAN_POINT('',(3.2884E0,2.8E0,1.438E-1));
#6710=LINE('',#6709,#6708);
#6711=CARTESIAN_POINT('',(3.2884E0,2.8E0,3.088E-1));
#6712=DIRECTION('',(0.E0,1.E0,0.E0));
#6713=DIRECTION('',(1.E0,0.E0,0.E0));
#6714=AXIS2_PLACEMENT_3D('',#6711,#6712,#6713);
#6716=DIRECTION('',(0.E0,0.E0,-1.E0));
#6717=VECTOR('',#6716,7.412E-1);
#6718=CARTESIAN_POINT('',(3.4534E0,2.8E0,1.05E0));
#6719=LINE('',#6718,#6717);
#6720=DIRECTION('',(1.E0,0.E0,0.E0));
#6721=VECTOR('',#6720,2.0466E0);
#6722=CARTESIAN_POINT('',(3.4534E0,2.8E0,1.05E0));
#6723=LINE('',#6722,#6721);
#6724=DIRECTION('',(1.E0,0.E0,0.E0));
#6725=VECTOR('',#6724,2.0466E0);
#6726=CARTESIAN_POINT('',(-5.5E0,2.8E0,1.05E0));
#6727=LINE('',#6726,#6725);
#6728=DIRECTION('',(0.E0,0.E0,-1.E0));
#6729=VECTOR('',#6728,7.412E-1);
#6730=CARTESIAN_POINT('',(-3.4534E0,2.8E0,1.05E0));
#6731=LINE('',#6730,#6729);
#6732=DIRECTION('',(0.E0,1.E0,0.E0));
#6733=VECTOR('',#6732,5.E-1);
#6734=CARTESIAN_POINT('',(-3.4534E0,2.3E0,3.088E-1));
#6735=LINE('',#6734,#6733);
#6736=DIRECTION('',(0.E0,1.E0,0.E0));
#6737=VECTOR('',#6736,5.E-1);
#6738=CARTESIAN_POINT('',(-3.4534E0,2.3E0,1.05E0));
#6739=LINE('',#6738,#6737);
#6740=DIRECTION('',(1.E0,0.E0,0.E0));
#6741=VECTOR('',#6740,2.0466E0);
#6742=CARTESIAN_POINT('',(-5.5E0,2.3E0,1.05E0));
#6743=LINE('',#6742,#6741);
#6744=DIRECTION('',(0.E0,1.E0,0.E0));
#6745=VECTOR('',#6744,5.E-1);
#6746=CARTESIAN_POINT('',(3.4534E0,2.3E0,1.05E0));
#6747=LINE('',#6746,#6745);
#6748=DIRECTION('',(1.E0,0.E0,0.E0));
#6749=VECTOR('',#6748,2.0466E0);
#6750=CARTESIAN_POINT('',(3.4534E0,2.3E0,1.05E0));
#6751=LINE('',#6750,#6749);
#6752=DIRECTION('',(0.E0,1.E0,0.E0));
#6753=VECTOR('',#6752,5.E-1);
#6754=CARTESIAN_POINT('',(1.2578E0,2.3E0,1.05E0));
#6755=LINE('',#6754,#6753);
#6756=DIRECTION('',(0.E0,1.E0,0.E0));
#6757=VECTOR('',#6756,5.E-1);
#6758=CARTESIAN_POINT('',(-1.2578E0,2.3E0,1.05E0));
#6759=LINE('',#6758,#6757);
#6760=DIRECTION('',(1.E0,0.E0,0.E0));
#6761=VECTOR('',#6760,2.5156E0);
#6762=CARTESIAN_POINT('',(-1.2578E0,2.3E0,1.05E0));
#6763=LINE('',#6762,#6761);
#6764=CARTESIAN_POINT('',(-3.2884E0,2.3E0,3.088E-1));
#6765=DIRECTION('',(0.E0,-1.E0,0.E0));
#6766=DIRECTION('',(-1.E0,0.E0,0.E0));
#6767=AXIS2_PLACEMENT_3D('',#6764,#6765,#6766);
#6769=DIRECTION('',(0.E0,0.E0,-1.E0));
#6770=VECTOR('',#6769,7.412E-1);
#6771=CARTESIAN_POINT('',(-3.4534E0,2.3E0,1.05E0));
#6772=LINE('',#6771,#6770);
#6773=DIRECTION('',(1.E0,0.E0,0.E0));
#6774=VECTOR('',#6773,1.1E1);
#6775=CARTESIAN_POINT('',(-5.5E0,2.3E0,4.5E0));
#6776=LINE('',#6775,#6774);
#6777=DIRECTION('',(0.E0,0.E0,-1.E0));
#6778=VECTOR('',#6777,7.412E-1);
#6779=CARTESIAN_POINT('',(3.4534E0,2.3E0,1.05E0));
#6780=LINE('',#6779,#6778);
#6781=CARTESIAN_POINT('',(3.2884E0,2.3E0,3.088E-1));
#6782=DIRECTION('',(0.E0,-1.E0,0.E0));
#6783=DIRECTION('',(0.E0,0.E0,-1.E0));
#6784=AXIS2_PLACEMENT_3D('',#6781,#6782,#6783);
#6786=DIRECTION('',(-1.E0,0.E0,0.E0));
#6787=VECTOR('',#6786,1.0572E0);
#6788=CARTESIAN_POINT('',(3.2884E0,2.3E0,1.438E-1));
#6789=LINE('',#6788,#6787);
#6790=DIRECTION('',(0.E0,0.E0,-1.E0));
#6791=VECTOR('',#6790,1.938E-1);
#6792=CARTESIAN_POINT('',(2.2312E0,2.3E0,1.438E-1));
#6793=LINE('',#6792,#6791);
#6794=DIRECTION('',(-1.E0,0.E0,0.E0));
#6795=VECTOR('',#6794,9.736666666667E-1);
#6796=CARTESIAN_POINT('',(2.2312E0,2.3E0,-5.E-2));
#6797=LINE('',#6796,#6795);
#6798=DIRECTION('',(2.424242353006E-4,0.E0,9.999999706152E-1));
#6799=VECTOR('',#6798,1.100000032323E0);
#6800=CARTESIAN_POINT('',(1.257533333333E0,2.3E0,-5.E-2));
#6801=LINE('',#6800,#6799);
#6802=DIRECTION('',(-2.424242353006E-4,0.E0,9.999999706152E-1));
#6803=VECTOR('',#6802,1.100000032323E0);
#6804=CARTESIAN_POINT('',(-1.257533333333E0,2.3E0,-5.E-2));
#6805=LINE('',#6804,#6803);
#6806=DIRECTION('',(1.E0,0.E0,0.E0));
#6807=VECTOR('',#6806,9.736666666667E-1);
#6808=CARTESIAN_POINT('',(-2.2312E0,2.3E0,-5.E-2));
#6809=LINE('',#6808,#6807);
#6810=DIRECTION('',(0.E0,0.E0,-1.E0));
#6811=VECTOR('',#6810,1.938E-1);
#6812=CARTESIAN_POINT('',(-2.2312E0,2.3E0,1.438E-1));
#6813=LINE('',#6812,#6811);
#6814=DIRECTION('',(1.E0,0.E0,0.E0));
#6815=VECTOR('',#6814,1.0572E0);
#6816=CARTESIAN_POINT('',(-3.2884E0,2.3E0,1.438E-1));
#6817=LINE('',#6816,#6815);
#6818=DIRECTION('',(1.E0,0.E0,0.E0));
#6819=VECTOR('',#6818,1.1E1);
#6820=CARTESIAN_POINT('',(-5.5E0,2.2E0,4.6E0));
#6821=LINE('',#6820,#6819);
#6822=DIRECTION('',(0.E0,-1.E0,0.E0));
#6823=VECTOR('',#6822,5.E-1);
#6824=CARTESIAN_POINT('',(3.4534E0,2.8E0,3.088E-1));
#6825=LINE('',#6824,#6823);
#6826=DIRECTION('',(0.E0,-1.E0,0.E0));
#6827=VECTOR('',#6826,5.E-1);
#6828=CARTESIAN_POINT('',(3.2884E0,2.8E0,1.438E-1));
#6829=LINE('',#6828,#6827);
#6830=DIRECTION('',(0.E0,0.E0,1.E0));
#6831=VECTOR('',#6830,5.E-1);
#6832=CARTESIAN_POINT('',(2.2312E0,1.4813E0,-5.5E-1));
#6833=LINE('',#6832,#6831);
#6834=DIRECTION('',(0.E0,-1.E0,0.E0));
#6835=VECTOR('',#6834,5.E-1);
#6836=CARTESIAN_POINT('',(2.2312E0,2.8E0,1.438E-1));
#6837=LINE('',#6836,#6835);
#6838=CARTESIAN_POINT('',(2.2312E0,2.5E0,-2.5E-1));
#6839=DIRECTION('',(1.E0,0.E0,0.E0));
#6840=DIRECTION('',(0.E0,0.E0,-1.E0));
#6841=AXIS2_PLACEMENT_3D('',#6838,#6839,#6840);
#6843=DIRECTION('',(0.E0,-1.E0,0.E0));
#6844=VECTOR('',#6843,1.0187E0);
#6845=CARTESIAN_POINT('',(2.2312E0,2.5E0,-5.5E-1));
#6846=LINE('',#6845,#6844);
#6847=CARTESIAN_POINT('',(2.0312E0,1.4813E0,-5.E-2));
#6848=DIRECTION('',(0.E0,0.E0,1.E0));
#6849=DIRECTION('',(0.E0,-1.E0,0.E0));
#6850=AXIS2_PLACEMENT_3D('',#6847,#6848,#6849);
#6852=DIRECTION('',(-1.E0,0.E0,0.E0));
#6853=VECTOR('',#6852,5.734E-1);
#6854=CARTESIAN_POINT('',(2.0312E0,1.2813E0,-5.E-2));
#6855=LINE('',#6854,#6853);
#6856=CARTESIAN_POINT('',(1.4578E0,1.4813E0,-5.E-2));
#6857=DIRECTION('',(0.E0,0.E0,1.E0));
#6858=DIRECTION('',(-1.E0,-1.332267629550E-14,0.E0));
#6859=AXIS2_PLACEMENT_3D('',#6856,#6857,#6858);
#6861=DIRECTION('',(-3.257196195442E-4,9.999999469534E-1,0.E0));
#6862=VECTOR('',#6861,8.187000434293E-1);
#6863=CARTESIAN_POINT('',(1.2578E0,1.4813E0,-5.E-2));
#6864=LINE('',#6863,#6862);
#6865=DIRECTION('',(0.E0,-1.E0,0.E0));
#6866=VECTOR('',#6865,8.187E-1);
#6867=CARTESIAN_POINT('',(2.2312E0,2.3E0,-5.E-2));
#6868=LINE('',#6867,#6866);
#6869=DIRECTION('',(0.E0,0.E0,1.E0));
#6870=VECTOR('',#6869,5.E-1);
#6871=CARTESIAN_POINT('',(2.0312E0,1.2813E0,-5.5E-1));
#6872=LINE('',#6871,#6870);
#6873=DIRECTION('',(0.E0,0.E0,1.E0));
#6874=VECTOR('',#6873,5.E-1);
#6875=CARTESIAN_POINT('',(1.4578E0,1.2813E0,-5.5E-1));
#6876=LINE('',#6875,#6874);
#6877=CARTESIAN_POINT('',(2.0312E0,1.4813E0,-5.5E-1));
#6878=DIRECTION('',(0.E0,0.E0,-1.E0));
#6879=DIRECTION('',(1.E0,-1.332267629550E-14,0.E0));
#6880=AXIS2_PLACEMENT_3D('',#6877,#6878,#6879);
#6882=DIRECTION('',(-1.E0,0.E0,0.E0));
#6883=VECTOR('',#6882,9.734E-1);
#6884=CARTESIAN_POINT('',(2.2312E0,2.5E0,-5.5E-1));
#6885=LINE('',#6884,#6883);
#6886=CARTESIAN_POINT('',(1.4578E0,1.4813E0,-5.5E-1));
#6887=DIRECTION('',(0.E0,0.E0,-1.E0));
#6888=DIRECTION('',(0.E0,-1.E0,0.E0));
#6889=AXIS2_PLACEMENT_3D('',#6886,#6887,#6888);
#6891=DIRECTION('',(-1.E0,0.E0,0.E0));
#6892=VECTOR('',#6891,5.734E-1);
#6893=CARTESIAN_POINT('',(2.0312E0,1.2813E0,-5.5E-1));
#6894=LINE('',#6893,#6892);
#6895=DIRECTION('',(0.E0,0.E0,1.E0));
#6896=VECTOR('',#6895,5.E-1);
#6897=CARTESIAN_POINT('',(1.2578E0,1.4813E0,-5.5E-1));
#6898=LINE('',#6897,#6896);
#6899=DIRECTION('',(0.E0,1.E0,0.E0));
#6900=VECTOR('',#6899,1.0187E0);
#6901=CARTESIAN_POINT('',(1.2578E0,1.4813E0,-5.5E-1));
#6902=LINE('',#6901,#6900);
#6903=CARTESIAN_POINT('',(1.2578E0,2.5E0,-2.5E-1));
#6904=DIRECTION('',(-1.E0,0.E0,0.E0));
#6905=DIRECTION('',(0.E0,1.E0,0.E0));
#6906=AXIS2_PLACEMENT_3D('',#6903,#6904,#6905);
#6908=DIRECTION('',(0.E0,0.E0,-1.E0));
#6909=VECTOR('',#6908,5.E-1);
#6910=CARTESIAN_POINT('',(-1.2578E0,1.4813E0,-5.E-2));
#6911=LINE('',#6910,#6909);
#6912=CARTESIAN_POINT('',(-1.2578E0,2.5E0,-2.5E-1));
#6913=DIRECTION('',(1.E0,0.E0,0.E0));
#6914=DIRECTION('',(0.E0,0.E0,-1.E0));
#6915=AXIS2_PLACEMENT_3D('',#6912,#6913,#6914);
#6917=DIRECTION('',(0.E0,-1.E0,0.E0));
#6918=VECTOR('',#6917,1.0187E0);
#6919=CARTESIAN_POINT('',(-1.2578E0,2.5E0,-5.5E-1));
#6920=LINE('',#6919,#6918);
#6921=CARTESIAN_POINT('',(-2.0312E0,1.4813E0,-5.5E-1));
#6922=DIRECTION('',(0.E0,0.E0,-1.E0));
#6923=DIRECTION('',(0.E0,-1.E0,0.E0));
#6924=AXIS2_PLACEMENT_3D('',#6921,#6922,#6923);
#6926=DIRECTION('',(1.E0,0.E0,0.E0));
#6927=VECTOR('',#6926,5.734E-1);
#6928=CARTESIAN_POINT('',(-2.0312E0,1.2813E0,-5.5E-1));
#6929=LINE('',#6928,#6927);
#6930=CARTESIAN_POINT('',(-1.4578E0,1.4813E0,-5.5E-1));
#6931=DIRECTION('',(0.E0,0.E0,-1.E0));
#6932=DIRECTION('',(1.E0,-1.332267629550E-14,0.E0));
#6933=AXIS2_PLACEMENT_3D('',#6930,#6931,#6932);
#6935=DIRECTION('',(-1.E0,0.E0,0.E0));
#6936=VECTOR('',#6935,9.734E-1);
#6937=CARTESIAN_POINT('',(-1.2578E0,2.5E0,-5.5E-1));
#6938=LINE('',#6937,#6936);
#6939=DIRECTION('',(0.E0,0.E0,-1.E0));
#6940=VECTOR('',#6939,5.E-1);
#6941=CARTESIAN_POINT('',(-2.2312E0,1.4813E0,-5.E-2));
#6942=LINE('',#6941,#6940);
#6943=DIRECTION('',(0.E0,1.E0,0.E0));
#6944=VECTOR('',#6943,1.0187E0);
#6945=CARTESIAN_POINT('',(-2.2312E0,1.4813E0,-5.5E-1));
#6946=LINE('',#6945,#6944);
#6947=CARTESIAN_POINT('',(-2.2312E0,2.5E0,-2.5E-1));
#6948=DIRECTION('',(-1.E0,0.E0,0.E0));
#6949=DIRECTION('',(0.E0,1.E0,0.E0));
#6950=AXIS2_PLACEMENT_3D('',#6947,#6948,#6949);
#6952=DIRECTION('',(0.E0,-1.E0,0.E0));
#6953=VECTOR('',#6952,5.E-1);
#6954=CARTESIAN_POINT('',(-2.2312E0,2.8E0,1.438E-1));
#6955=LINE('',#6954,#6953);
#6956=DIRECTION('',(0.E0,1.E0,0.E0));
#6957=VECTOR('',#6956,5.E-1);
#6958=CARTESIAN_POINT('',(-3.2884E0,2.3E0,1.438E-1));
#6959=LINE('',#6958,#6957);
#6960=CARTESIAN_POINT('',(-2.0312E0,1.4813E0,-5.E-2));
#6961=DIRECTION('',(0.E0,0.E0,1.E0));
#6962=DIRECTION('',(-1.E0,-1.332267629550E-14,0.E0));
#6963=AXIS2_PLACEMENT_3D('',#6960,#6961,#6962);
#6965=DIRECTION('',(0.E0,-1.E0,0.E0));
#6966=VECTOR('',#6965,8.187E-1);
#6967=CARTESIAN_POINT('',(-2.2312E0,2.3E0,-5.E-2));
#6968=LINE('',#6967,#6966);
#6969=DIRECTION('',(3.257196195442E-4,9.999999469534E-1,0.E0));
#6970=VECTOR('',#6969,8.187000434293E-1);
#6971=CARTESIAN_POINT('',(-1.2578E0,1.4813E0,-5.E-2));
#6972=LINE('',#6971,#6970);
#6973=CARTESIAN_POINT('',(-1.4578E0,1.4813E0,-5.E-2));
#6974=DIRECTION('',(0.E0,0.E0,1.E0));
#6975=DIRECTION('',(0.E0,-1.E0,0.E0));
#6976=AXIS2_PLACEMENT_3D('',#6973,#6974,#6975);
#6978=DIRECTION('',(1.E0,0.E0,0.E0));
#6979=VECTOR('',#6978,5.734E-1);
#6980=CARTESIAN_POINT('',(-2.0312E0,1.2813E0,-5.E-2));
#6981=LINE('',#6980,#6979);
#6982=DIRECTION('',(0.E0,0.E0,-1.E0));
#6983=VECTOR('',#6982,5.E-1);
#6984=CARTESIAN_POINT('',(-2.0312E0,1.2813E0,-5.E-2));
#6985=LINE('',#6984,#6983);
#6986=DIRECTION('',(0.E0,0.E0,-1.E0));
#6987=VECTOR('',#6986,5.E-1);
#6988=CARTESIAN_POINT('',(-1.4578E0,1.2813E0,-5.E-2));
#6989=LINE('',#6988,#6987);
#6990=DIRECTION('',(1.E0,0.E0,0.E0));
#6991=VECTOR('',#6990,1.1E1);
#6992=CARTESIAN_POINT('',(-5.5E0,-2.3E0,4.5E0));
#6993=LINE('',#6992,#6991);
#6994=CARTESIAN_POINT('',(5.5E0,-2.2E0,4.5E0));
#6995=DIRECTION('',(1.E0,0.E0,0.E0));
#6996=DIRECTION('',(0.E0,0.E0,1.E0));
#6997=AXIS2_PLACEMENT_3D('',#6994,#6995,#6996);
#6999=CARTESIAN_POINT('',(-5.5E0,-2.2E0,4.5E0));
#7000=DIRECTION('',(1.E0,0.E0,0.E0));
#7001=DIRECTION('',(0.E0,0.E0,1.E0));
#7002=AXIS2_PLACEMENT_3D('',#6999,#7000,#7001);
#7004=DIRECTION('',(1.E0,0.E0,0.E0));
#7005=VECTOR('',#7004,1.1E1);
#7006=CARTESIAN_POINT('',(-5.5E0,-2.2E0,5.1E0));
#7007=LINE('',#7006,#7005);
#7008=DIRECTION('',(1.E0,0.E0,0.E0));
#7009=VECTOR('',#7008,5.E-1);
#7010=CARTESIAN_POINT('',(5.55E0,-7.5E-1,-4.2E0));
#7011=LINE('',#7010,#7009);
#7012=DIRECTION('',(1.E0,0.E0,0.E0));
#7013=VECTOR('',#7012,5.E-1);
#7014=CARTESIAN_POINT('',(5.55E0,-4.5E-1,-4.5E0));
#7015=LINE('',#7014,#7013);
#7016=DIRECTION('',(1.E0,0.E0,0.E0));
#7017=VECTOR('',#7016,5.E-1);
#7018=CARTESIAN_POINT('',(5.55E0,4.5E-1,-4.5E0));
#7019=LINE('',#7018,#7017);
#7020=DIRECTION('',(1.E0,0.E0,0.E0));
#7021=VECTOR('',#7020,9.999999999999E-3);
#7022=CARTESIAN_POINT('',(-5.51E0,-2.25E0,4.6E0));
#7023=LINE('',#7022,#7021);
#7024=CARTESIAN_POINT('',(-5.51E0,-2.25E0,4.56E0));
#7025=DIRECTION('',(0.E0,1.E0,0.E0));
#7026=DIRECTION('',(-1.E0,0.E0,0.E0));
#7027=AXIS2_PLACEMENT_3D('',#7024,#7025,#7026);
#7029=DIRECTION('',(0.E0,0.E0,1.E0));
#7030=VECTOR('',#7029,6.46E0);
#7031=CARTESIAN_POINT('',(-5.55E0,-2.25E0,-1.9E0));
#7032=LINE('',#7031,#7030);
#7033=DIRECTION('',(1.E0,0.E0,0.E0));
#7034=VECTOR('',#7033,5.E-1);
#7035=CARTESIAN_POINT('',(-6.05E0,-2.25E0,-1.9E0));
#7036=LINE('',#7035,#7034);
#7037=DIRECTION('',(0.E0,0.E0,-1.E0));
#7038=VECTOR('',#7037,6.46E0);
#7039=CARTESIAN_POINT('',(-6.05E0,-2.25E0,4.56E0));
#7040=LINE('',#7039,#7038);
#7041=CARTESIAN_POINT('',(-5.51E0,-2.25E0,4.56E0));
#7042=DIRECTION('',(0.E0,-1.E0,0.E0));
#7043=DIRECTION('',(0.E0,0.E0,1.E0));
#7044=AXIS2_PLACEMENT_3D('',#7041,#7042,#7043);
#7046=DIRECTION('',(-1.E0,0.E0,0.E0));
#7047=VECTOR('',#7046,9.999999999999E-3);
#7048=CARTESIAN_POINT('',(-5.5E0,-2.25E0,5.1E0));
#7049=LINE('',#7048,#7047);
#7050=DIRECTION('',(0.E0,0.E0,1.E0));
#7051=VECTOR('',#7050,2.086962844929E-3);
#7052=CARTESIAN_POINT('',(-5.5E0,-2.25E0,5.097913037155E0));
#7053=LINE('',#7052,#7051);
#7054=DIRECTION('',(0.E0,-1.E0,0.E0));
#7055=VECTOR('',#7054,4.5E0);
#7056=CARTESIAN_POINT('',(-5.55E0,2.25E0,4.56E0));
#7057=LINE('',#7056,#7055);
#7058=DIRECTION('',(0.E0,0.E0,-1.E0));
#7059=VECTOR('',#7058,2.2E0);
#7060=CARTESIAN_POINT('',(-5.55E0,7.5E-1,-1.9E0));
#7061=LINE('',#7060,#7059);
#7062=CARTESIAN_POINT('',(-5.55E0,3.5E-1,-4.1E0));
#7063=DIRECTION('',(1.E0,0.E0,0.E0));
#7064=DIRECTION('',(0.E0,0.E0,-1.E0));
#7065=AXIS2_PLACEMENT_3D('',#7062,#7063,#7064);
#7067=DIRECTION('',(0.E0,-1.E0,0.E0));
#7068=VECTOR('',#7067,7.E-1);
#7069=CARTESIAN_POINT('',(-5.55E0,3.5E-1,-4.5E0));
#7070=LINE('',#7069,#7068);
#7071=CARTESIAN_POINT('',(-5.55E0,-3.5E-1,-4.1E0));
#7072=DIRECTION('',(1.E0,0.E0,0.E0));
#7073=DIRECTION('',(0.E0,-1.E0,0.E0));
#7074=AXIS2_PLACEMENT_3D('',#7071,#7072,#7073);
#7076=DIRECTION('',(0.E0,0.E0,1.E0));
#7077=VECTOR('',#7076,2.2E0);
#7078=CARTESIAN_POINT('',(-5.55E0,-7.5E-1,-4.1E0));
#7079=LINE('',#7078,#7077);
#7080=DIRECTION('',(0.E0,-1.E0,0.E0));
#7081=VECTOR('',#7080,1.5E0);
#7082=CARTESIAN_POINT('',(-5.55E0,-7.5E-1,-1.9E0));
#7083=LINE('',#7082,#7081);
#7084=DIRECTION('',(0.E0,-1.E0,0.E0));
#7085=VECTOR('',#7084,1.5E0);
#7086=CARTESIAN_POINT('',(-5.55E0,2.25E0,-1.9E0));
#7087=LINE('',#7086,#7085);
#7088=DIRECTION('',(1.E0,0.E0,0.E0));
#7089=VECTOR('',#7088,5.E-1);
#7090=CARTESIAN_POINT('',(-6.05E0,7.5E-1,-4.1E0));
#7091=LINE('',#7090,#7089);
#7092=DIRECTION('',(0.E0,0.E0,-1.E0));
#7093=VECTOR('',#7092,2.2E0);
#7094=CARTESIAN_POINT('',(-6.05E0,7.5E-1,-1.9E0));
#7095=LINE('',#7094,#7093);
#7096=DIRECTION('',(0.E0,-1.E0,0.E0));
#7097=VECTOR('',#7096,4.5E0);
#7098=CARTESIAN_POINT('',(-6.05E0,2.25E0,4.56E0));
#7099=LINE('',#7098,#7097);
#7100=DIRECTION('',(0.E0,0.E0,1.E0));
#7101=VECTOR('',#7100,2.2E0);
#7102=CARTESIAN_POINT('',(-6.05E0,-7.5E-1,-4.1E0));
#7103=LINE('',#7102,#7101);
#7104=CARTESIAN_POINT('',(-6.05E0,-3.5E-1,-4.1E0));
#7105=DIRECTION('',(-1.E0,0.E0,0.E0));
#7106=DIRECTION('',(0.E0,0.E0,-1.E0));
#7107=AXIS2_PLACEMENT_3D('',#7104,#7105,#7106);
#7109=DIRECTION('',(0.E0,-1.E0,0.E0));
#7110=VECTOR('',#7109,7.E-1);
#7111=CARTESIAN_POINT('',(-6.05E0,3.5E-1,-4.5E0));
#7112=LINE('',#7111,#7110);
#7113=CARTESIAN_POINT('',(-6.05E0,3.5E-1,-4.1E0));
#7114=DIRECTION('',(-1.E0,0.E0,0.E0));
#7115=DIRECTION('',(0.E0,1.E0,0.E0));
#7116=AXIS2_PLACEMENT_3D('',#7113,#7114,#7115);
#7118=DIRECTION('',(1.E0,0.E0,0.E0));
#7119=VECTOR('',#7118,5.E-1);
#7120=CARTESIAN_POINT('',(-6.05E0,7.5E-1,-1.9E0));
#7121=LINE('',#7120,#7119);
#7122=DIRECTION('',(0.E0,-1.E0,0.E0));
#7123=VECTOR('',#7122,1.5E0);
#7124=CARTESIAN_POINT('',(-6.05E0,2.25E0,-1.9E0));
#7125=LINE('',#7124,#7123);
#7126=DIRECTION('',(1.E0,0.E0,0.E0));
#7127=VECTOR('',#7126,5.E-1);
#7128=CARTESIAN_POINT('',(-6.05E0,-7.5E-1,-1.9E0));
#7129=LINE('',#7128,#7127);
#7130=DIRECTION('',(0.E0,-1.E0,0.E0));
#7131=VECTOR('',#7130,1.5E0);
#7132=CARTESIAN_POINT('',(-6.05E0,-7.5E-1,-1.9E0));
#7133=LINE('',#7132,#7131);
#7134=DIRECTION('',(1.E0,0.E0,0.E0));
#7135=VECTOR('',#7134,5.E-1);
#7136=CARTESIAN_POINT('',(-6.05E0,-7.5E-1,-4.1E0));
#7137=LINE('',#7136,#7135);
#7138=DIRECTION('',(1.E0,0.E0,0.E0));
#7139=VECTOR('',#7138,5.E-1);
#7140=CARTESIAN_POINT('',(-6.05E0,-3.5E-1,-4.5E0));
#7141=LINE('',#7140,#7139);
#7142=DIRECTION('',(1.E0,0.E0,0.E0));
#7143=VECTOR('',#7142,5.E-1);
#7144=CARTESIAN_POINT('',(-6.05E0,3.5E-1,-4.5E0));
#7145=LINE('',#7144,#7143);
#7146=DIRECTION('',(0.E0,-1.E0,0.E0));
#7147=VECTOR('',#7146,4.5E0);
#7148=CARTESIAN_POINT('',(-5.51E0,2.25E0,5.1E0));
#7149=LINE('',#7148,#7147);
#7150=DIRECTION('',(0.E0,-1.E0,0.E0));
#7151=VECTOR('',#7150,5.E-1);
#7152=CARTESIAN_POINT('',(3.4534E0,-2.3E0,3.088E-1));
#7153=LINE('',#7152,#7151);
#7154=DIRECTION('',(0.E0,0.E0,-1.E0));
#7155=VECTOR('',#7154,5.E-1);
#7156=CARTESIAN_POINT('',(1.2578E0,-1.4813E0,-5.E-2));
#7157=LINE('',#7156,#7155);
#7158=CARTESIAN_POINT('',(1.2578E0,-2.5E0,-2.5E-1));
#7159=DIRECTION('',(-1.E0,0.E0,0.E0));
#7160=DIRECTION('',(0.E0,0.E0,-1.E0));
#7161=AXIS2_PLACEMENT_3D('',#7158,#7159,#7160);
#7163=DIRECTION('',(0.E0,1.E0,0.E0));
#7164=VECTOR('',#7163,1.0187E0);
#7165=CARTESIAN_POINT('',(1.2578E0,-2.5E0,-5.5E-1));
#7166=LINE('',#7165,#7164);
#7167=CARTESIAN_POINT('',(1.4578E0,-1.4813E0,-5.5E-1));
#7168=DIRECTION('',(0.E0,0.E0,-1.E0));
#7169=DIRECTION('',(-1.E0,1.332267629550E-14,0.E0));
#7170=AXIS2_PLACEMENT_3D('',#7167,#7168,#7169);
#7172=DIRECTION('',(1.E0,0.E0,0.E0));
#7173=VECTOR('',#7172,9.734E-1);
#7174=CARTESIAN_POINT('',(1.2578E0,-2.5E0,-5.5E-1));
#7175=LINE('',#7174,#7173);
#7176=CARTESIAN_POINT('',(2.0312E0,-1.4813E0,-5.5E-1));
#7177=DIRECTION('',(0.E0,0.E0,-1.E0));
#7178=DIRECTION('',(0.E0,1.E0,0.E0));
#7179=AXIS2_PLACEMENT_3D('',#7176,#7177,#7178);
#7181=DIRECTION('',(-1.E0,0.E0,0.E0));
#7182=VECTOR('',#7181,5.734E-1);
#7183=CARTESIAN_POINT('',(2.0312E0,-1.2813E0,-5.5E-1));
#7184=LINE('',#7183,#7182);
#7185=DIRECTION('',(0.E0,0.E0,-1.E0));
#7186=VECTOR('',#7185,5.E-1);
#7187=CARTESIAN_POINT('',(2.2312E0,-1.4813E0,-5.E-2));
#7188=LINE('',#7187,#7186);
#7189=DIRECTION('',(0.E0,-1.E0,0.E0));
#7190=VECTOR('',#7189,1.0187E0);
#7191=CARTESIAN_POINT('',(2.2312E0,-1.4813E0,-5.5E-1));
#7192=LINE('',#7191,#7190);
#7193=CARTESIAN_POINT('',(2.2312E0,-2.5E0,-2.5E-1));
#7194=DIRECTION('',(1.E0,0.E0,0.E0));
#7195=DIRECTION('',(0.E0,-1.E0,0.E0));
#7196=AXIS2_PLACEMENT_3D('',#7193,#7194,#7195);
#7198=DIRECTION('',(0.E0,1.E0,0.E0));
#7199=VECTOR('',#7198,5.E-1);
#7200=CARTESIAN_POINT('',(2.2312E0,-2.8E0,1.438E-1));
#7201=LINE('',#7200,#7199);
#7202=CARTESIAN_POINT('',(1.4578E0,-1.4813E0,-5.E-2));
#7203=DIRECTION('',(0.E0,0.E0,1.E0));
#7204=DIRECTION('',(0.E0,1.E0,0.E0));
#7205=AXIS2_PLACEMENT_3D('',#7202,#7203,#7204);
#7207=DIRECTION('',(-1.E0,0.E0,0.E0));
#7208=VECTOR('',#7207,5.734E-1);
#7209=CARTESIAN_POINT('',(2.0312E0,-1.2813E0,-5.E-2));
#7210=LINE('',#7209,#7208);
#7211=CARTESIAN_POINT('',(2.0312E0,-1.4813E0,-5.E-2));
#7212=DIRECTION('',(0.E0,0.E0,1.E0));
#7213=DIRECTION('',(1.E0,1.332267629550E-14,0.E0));
#7214=AXIS2_PLACEMENT_3D('',#7211,#7212,#7213);
#7216=DIRECTION('',(0.E0,1.E0,0.E0));
#7217=VECTOR('',#7216,8.187E-1);
#7218=CARTESIAN_POINT('',(2.2312E0,-2.3E0,-5.E-2));
#7219=LINE('',#7218,#7217);
#7220=DIRECTION('',(-3.257196195442E-4,-9.999999469534E-1,0.E0));
#7221=VECTOR('',#7220,8.187000434293E-1);
#7222=CARTESIAN_POINT('',(1.2578E0,-1.4813E0,-5.E-2));
#7223=LINE('',#7222,#7221);
#7224=DIRECTION('',(0.E0,0.E0,-1.E0));
#7225=VECTOR('',#7224,5.E-1);
#7226=CARTESIAN_POINT('',(1.4578E0,-1.2813E0,-5.E-2));
#7227=LINE('',#7226,#7225);
#7228=DIRECTION('',(0.E0,0.E0,-1.E0));
#7229=VECTOR('',#7228,5.E-1);
#7230=CARTESIAN_POINT('',(2.0312E0,-1.2813E0,-5.E-2));
#7231=LINE('',#7230,#7229);
#7232=DIRECTION('',(0.E0,-1.E0,0.E0));
#7233=VECTOR('',#7232,5.E-1);
#7234=CARTESIAN_POINT('',(3.2884E0,-2.3E0,1.438E-1));
#7235=LINE('',#7234,#7233);
#7236=CARTESIAN_POINT('',(-5.5E0,-2.8E0,1.05E0));
#7237=CARTESIAN_POINT('',(-5.5E0,-2.3E0,1.05E0));
#7238=VERTEX_POINT('',#7236);
#7239=VERTEX_POINT('',#7237);
#7240=CARTESIAN_POINT('',(-5.5E0,-2.3E0,4.5E0));
#7241=VERTEX_POINT('',#7240);
#7242=CARTESIAN_POINT('',(-5.5E0,2.3E0,4.5E0));
#7243=CARTESIAN_POINT('',(-5.5E0,2.3E0,1.05E0));
#7244=VERTEX_POINT('',#7242);
#7245=VERTEX_POINT('',#7243);
#7246=CARTESIAN_POINT('',(-5.5E0,2.8E0,1.05E0));
#7247=VERTEX_POINT('',#7246);
#7248=CARTESIAN_POINT('',(-5.5E0,2.8E0,4.5E0));
#7249=VERTEX_POINT('',#7248);
#7250=CARTESIAN_POINT('',(-5.5E0,-2.8E0,4.5E0));
#7251=VERTEX_POINT('',#7250);
#7252=CARTESIAN_POINT('',(5.5E0,-2.8E0,1.05E0));
#7253=CARTESIAN_POINT('',(5.5E0,-2.3E0,1.05E0));
#7254=VERTEX_POINT('',#7252);
#7255=VERTEX_POINT('',#7253);
#7256=CARTESIAN_POINT('',(5.5E0,-2.3E0,4.5E0));
#7257=VERTEX_POINT('',#7256);
#7258=CARTESIAN_POINT('',(5.5E0,2.3E0,4.5E0));
#7259=CARTESIAN_POINT('',(5.5E0,2.3E0,1.05E0));
#7260=VERTEX_POINT('',#7258);
#7261=VERTEX_POINT('',#7259);
#7262=CARTESIAN_POINT('',(5.5E0,2.8E0,1.05E0));
#7263=VERTEX_POINT('',#7262);
#7264=CARTESIAN_POINT('',(5.5E0,2.8E0,4.5E0));
#7265=VERTEX_POINT('',#7264);
#7266=CARTESIAN_POINT('',(5.5E0,-2.8E0,4.5E0));
#7267=VERTEX_POINT('',#7266);
#7268=CARTESIAN_POINT('',(-3.4534E0,-2.8E0,1.05E0));
#7269=CARTESIAN_POINT('',(-3.4534E0,-2.3E0,1.05E0));
#7270=VERTEX_POINT('',#7268);
#7271=VERTEX_POINT('',#7269);
#7272=CARTESIAN_POINT('',(-1.2578E0,-2.8E0,1.05E0));
#7273=CARTESIAN_POINT('',(-1.2578E0,-2.3E0,1.05E0));
#7274=VERTEX_POINT('',#7272);
#7275=VERTEX_POINT('',#7273);
#7276=CARTESIAN_POINT('',(-2.2312E0,-2.3E0,-5.E-2));
#7277=CARTESIAN_POINT('',(-1.257533333333E0,-2.3E0,-5.E-2));
#7278=VERTEX_POINT('',#7276);
#7279=VERTEX_POINT('',#7277);
#7280=CARTESIAN_POINT('',(-1.2578E0,-2.8E0,-2.5E-1));
#7281=CARTESIAN_POINT('',(-1.2578E0,-2.5E0,-5.5E-1));
#7282=VERTEX_POINT('',#7280);
#7283=VERTEX_POINT('',#7281);
#7284=CARTESIAN_POINT('',(-2.2312E0,-2.5E0,-5.5E-1));
#7285=VERTEX_POINT('',#7284);
#7286=CARTESIAN_POINT('',(-2.2312E0,-2.8E0,-2.5E-1));
#7287=VERTEX_POINT('',#7286);
#7288=CARTESIAN_POINT('',(-1.2578E0,-1.4813E0,-5.E-2));
#7289=CARTESIAN_POINT('',(-1.4578E0,-1.2813E0,-5.E-2));
#7290=VERTEX_POINT('',#7288);
#7291=VERTEX_POINT('',#7289);
#7292=CARTESIAN_POINT('',(-1.4578E0,-1.2813E0,-5.5E-1));
#7293=VERTEX_POINT('',#7292);
#7294=CARTESIAN_POINT('',(-1.2578E0,-1.4813E0,-5.5E-1));
#7295=VERTEX_POINT('',#7294);
#7296=CARTESIAN_POINT('',(-2.0312E0,-1.2813E0,-5.5E-1));
#7297=VERTEX_POINT('',#7296);
#7298=CARTESIAN_POINT('',(-2.0312E0,-1.2813E0,-5.E-2));
#7299=VERTEX_POINT('',#7298);
#7300=CARTESIAN_POINT('',(-2.2312E0,-1.4813E0,-5.E-2));
#7301=VERTEX_POINT('',#7300);
#7302=CARTESIAN_POINT('',(3.4534E0,-2.8E0,1.05E0));
#7303=CARTESIAN_POINT('',(3.4534E0,-2.3E0,1.05E0));
#7304=VERTEX_POINT('',#7302);
#7305=VERTEX_POINT('',#7303);
#7306=CARTESIAN_POINT('',(1.2578E0,-2.8E0,1.05E0));
#7307=CARTESIAN_POINT('',(1.2578E0,-2.3E0,1.05E0));
#7308=VERTEX_POINT('',#7306);
#7309=VERTEX_POINT('',#7307);
#7310=CARTESIAN_POINT('',(2.2312E0,-2.3E0,-5.E-2));
#7311=CARTESIAN_POINT('',(1.257533333333E0,-2.3E0,-5.E-2));
#7312=VERTEX_POINT('',#7310);
#7313=VERTEX_POINT('',#7311);
#7314=CARTESIAN_POINT('',(1.2578E0,-2.5E0,-5.5E-1));
#7315=CARTESIAN_POINT('',(2.2312E0,-2.5E0,-5.5E-1));
#7316=VERTEX_POINT('',#7314);
#7317=VERTEX_POINT('',#7315);
#7318=CARTESIAN_POINT('',(1.2578E0,-2.8E0,-2.5E-1));
#7319=VERTEX_POINT('',#7318);
#7320=CARTESIAN_POINT('',(2.2312E0,-2.8E0,-2.5E-1));
#7321=VERTEX_POINT('',#7320);
#7322=CARTESIAN_POINT('',(1.2578E0,-1.4813E0,-5.5E-1));
#7323=CARTESIAN_POINT('',(1.4578E0,-1.2813E0,-5.5E-1));
#7324=VERTEX_POINT('',#7322);
#7325=VERTEX_POINT('',#7323);
#7326=CARTESIAN_POINT('',(1.4578E0,-1.2813E0,-5.E-2));
#7327=VERTEX_POINT('',#7326);
#7328=CARTESIAN_POINT('',(1.2578E0,-1.4813E0,-5.E-2));
#7329=VERTEX_POINT('',#7328);
#7330=CARTESIAN_POINT('',(2.0312E0,-1.2813E0,-5.5E-1));
#7331=VERTEX_POINT('',#7330);
#7332=CARTESIAN_POINT('',(2.0312E0,-1.2813E0,-5.E-2));
#7333=VERTEX_POINT('',#7332);
#7334=CARTESIAN_POINT('',(2.2312E0,-1.4813E0,-5.E-2));
#7335=VERTEX_POINT('',#7334);
#7336=CARTESIAN_POINT('',(3.2E0,1.6E0,4.6E0));
#7337=CARTESIAN_POINT('',(-3.2E0,1.6E0,4.6E0));
#7338=VERTEX_POINT('',#7336);
#7339=VERTEX_POINT('',#7337);
#7340=CARTESIAN_POINT('',(-3.2E0,-1.6E0,4.6E0));
#7341=VERTEX_POINT('',#7340);
#7342=CARTESIAN_POINT('',(3.2E0,-1.6E0,4.6E0));
#7343=VERTEX_POINT('',#7342);
#7344=CARTESIAN_POINT('',(3.2E0,1.6E0,5.1E0));
#7345=CARTESIAN_POINT('',(-3.2E0,1.6E0,5.1E0));
#7346=VERTEX_POINT('',#7344);
#7347=VERTEX_POINT('',#7345);
#7348=CARTESIAN_POINT('',(-3.2E0,-1.6E0,5.1E0));
#7349=VERTEX_POINT('',#7348);
#7350=CARTESIAN_POINT('',(3.2E0,-1.6E0,5.1E0));
#7351=VERTEX_POINT('',#7350);
#7352=CARTESIAN_POINT('',(-5.5E0,2.25E0,5.097913037155E0));
#7353=CARTESIAN_POINT('',(-5.5E0,2.25E0,4.6E0));
#7354=VERTEX_POINT('',#7352);
#7355=VERTEX_POINT('',#7353);
#7356=CARTESIAN_POINT('',(-5.5E0,-2.25E0,5.097913037155E0));
#7357=CARTESIAN_POINT('',(-5.5E0,-2.25E0,4.6E0));
#7358=VERTEX_POINT('',#7356);
#7359=VERTEX_POINT('',#7357);
#7360=CARTESIAN_POINT('',(-5.5E0,-2.2E0,4.6E0));
#7361=VERTEX_POINT('',#7360);
#7362=CARTESIAN_POINT('',(-5.5E0,2.2E0,4.6E0));
#7363=VERTEX_POINT('',#7362);
#7364=CARTESIAN_POINT('',(-2.2312E0,-2.8E0,1.438E-1));
#7365=CARTESIAN_POINT('',(-2.2312E0,-2.3E0,1.438E-1));
#7366=VERTEX_POINT('',#7364);
#7367=VERTEX_POINT('',#7365);
#7368=CARTESIAN_POINT('',(-2.2312E0,-1.4813E0,-5.5E-1));
#7369=VERTEX_POINT('',#7368);
#7370=CARTESIAN_POINT('',(2.2312E0,-2.8E0,1.438E-1));
#7371=CARTESIAN_POINT('',(2.2312E0,-2.3E0,1.438E-1));
#7372=VERTEX_POINT('',#7370);
#7373=VERTEX_POINT('',#7371);
#7374=CARTESIAN_POINT('',(2.2312E0,-1.4813E0,-5.5E-1));
#7375=VERTEX_POINT('',#7374);
#7376=CARTESIAN_POINT('',(-2.2312E0,2.8E0,1.438E-1));
#7377=CARTESIAN_POINT('',(-2.2312E0,2.3E0,1.438E-1));
#7378=VERTEX_POINT('',#7376);
#7379=VERTEX_POINT('',#7377);
#7380=CARTESIAN_POINT('',(2.2312E0,2.8E0,1.438E-1));
#7381=CARTESIAN_POINT('',(2.2312E0,2.3E0,1.438E-1));
#7382=VERTEX_POINT('',#7380);
#7383=VERTEX_POINT('',#7381);
#7384=CARTESIAN_POINT('',(-3.4534E0,2.3E0,1.05E0));
#7385=CARTESIAN_POINT('',(-3.4534E0,2.8E0,1.05E0));
#7386=VERTEX_POINT('',#7384);
#7387=VERTEX_POINT('',#7385);
#7388=CARTESIAN_POINT('',(-1.2578E0,2.3E0,1.05E0));
#7389=CARTESIAN_POINT('',(-1.2578E0,2.8E0,1.05E0));
#7390=VERTEX_POINT('',#7388);
#7391=VERTEX_POINT('',#7389);
#7392=CARTESIAN_POINT('',(-2.2312E0,2.3E0,-5.E-2));
#7393=CARTESIAN_POINT('',(-1.257533333333E0,2.3E0,-5.E-2));
#7394=VERTEX_POINT('',#7392);
#7395=VERTEX_POINT('',#7393);
#7396=CARTESIAN_POINT('',(-2.2312E0,2.8E0,-2.5E-1));
#7397=CARTESIAN_POINT('',(-2.2312E0,2.5E0,-5.5E-1));
#7398=VERTEX_POINT('',#7396);
#7399=VERTEX_POINT('',#7397);
#7400=CARTESIAN_POINT('',(-1.2578E0,2.5E0,-5.5E-1));
#7401=VERTEX_POINT('',#7400);
#7402=CARTESIAN_POINT('',(-1.2578E0,2.8E0,-2.5E-1));
#7403=VERTEX_POINT('',#7402);
#7404=CARTESIAN_POINT('',(-2.0312E0,1.2813E0,-5.5E-1));
#7405=CARTESIAN_POINT('',(-2.2312E0,1.4813E0,-5.5E-1));
#7406=VERTEX_POINT('',#7404);
#7407=VERTEX_POINT('',#7405);
#7408=CARTESIAN_POINT('',(-2.2312E0,1.4813E0,-5.E-2));
#7409=VERTEX_POINT('',#7408);
#7410=CARTESIAN_POINT('',(-2.0312E0,1.2813E0,-5.E-2));
#7411=VERTEX_POINT('',#7410);
#7412=CARTESIAN_POINT('',(-1.2578E0,1.4813E0,-5.5E-1));
#7413=CARTESIAN_POINT('',(-1.4578E0,1.2813E0,-5.5E-1));
#7414=VERTEX_POINT('',#7412);
#7415=VERTEX_POINT('',#7413);
#7416=CARTESIAN_POINT('',(-1.4578E0,1.2813E0,-5.E-2));
#7417=VERTEX_POINT('',#7416);
#7418=CARTESIAN_POINT('',(-1.2578E0,1.4813E0,-5.E-2));
#7419=VERTEX_POINT('',#7418);
#7420=CARTESIAN_POINT('',(3.4534E0,2.3E0,1.05E0));
#7421=CARTESIAN_POINT('',(3.4534E0,2.8E0,1.05E0));
#7422=VERTEX_POINT('',#7420);
#7423=VERTEX_POINT('',#7421);
#7424=CARTESIAN_POINT('',(1.2578E0,2.3E0,1.05E0));
#7425=CARTESIAN_POINT('',(1.2578E0,2.8E0,1.05E0));
#7426=VERTEX_POINT('',#7424);
#7427=VERTEX_POINT('',#7425);
#7428=CARTESIAN_POINT('',(2.2312E0,2.3E0,-5.E-2));
#7429=CARTESIAN_POINT('',(1.257533333333E0,2.3E0,-5.E-2));
#7430=VERTEX_POINT('',#7428);
#7431=VERTEX_POINT('',#7429);
#7432=CARTESIAN_POINT('',(1.2578E0,2.8E0,-2.5E-1));
#7433=CARTESIAN_POINT('',(1.2578E0,2.5E0,-5.5E-1));
#7434=VERTEX_POINT('',#7432);
#7435=VERTEX_POINT('',#7433);
#7436=CARTESIAN_POINT('',(2.2312E0,2.5E0,-5.5E-1));
#7437=VERTEX_POINT('',#7436);
#7438=CARTESIAN_POINT('',(2.2312E0,2.8E0,-2.5E-1));
#7439=VERTEX_POINT('',#7438);
#7440=CARTESIAN_POINT('',(2.0312E0,1.2813E0,-5.E-2));
#7441=CARTESIAN_POINT('',(2.2312E0,1.4813E0,-5.E-2));
#7442=VERTEX_POINT('',#7440);
#7443=VERTEX_POINT('',#7441);
#7444=CARTESIAN_POINT('',(2.2312E0,1.4813E0,-5.5E-1));
#7445=VERTEX_POINT('',#7444);
#7446=CARTESIAN_POINT('',(2.0312E0,1.2813E0,-5.5E-1));
#7447=VERTEX_POINT('',#7446);
#7448=CARTESIAN_POINT('',(1.2578E0,1.4813E0,-5.E-2));
#7449=CARTESIAN_POINT('',(1.4578E0,1.2813E0,-5.E-2));
#7450=VERTEX_POINT('',#7448);
#7451=VERTEX_POINT('',#7449);
#7452=CARTESIAN_POINT('',(1.4578E0,1.2813E0,-5.5E-1));
#7453=VERTEX_POINT('',#7452);
#7454=CARTESIAN_POINT('',(1.2578E0,1.4813E0,-5.5E-1));
#7455=VERTEX_POINT('',#7454);
#7456=CARTESIAN_POINT('',(-3.2884E0,-2.3E0,1.438E-1));
#7457=CARTESIAN_POINT('',(-3.4534E0,-2.3E0,3.088E-1));
#7458=VERTEX_POINT('',#7456);
#7459=VERTEX_POINT('',#7457);
#7460=CARTESIAN_POINT('',(-3.4534E0,-2.8E0,3.088E-1));
#7461=VERTEX_POINT('',#7460);
#7462=CARTESIAN_POINT('',(-3.2884E0,-2.8E0,1.438E-1));
#7463=VERTEX_POINT('',#7462);
#7464=CARTESIAN_POINT('',(3.2884E0,-2.8E0,1.438E-1));
#7465=CARTESIAN_POINT('',(3.4534E0,-2.8E0,3.088E-1));
#7466=VERTEX_POINT('',#7464);
#7467=VERTEX_POINT('',#7465);
#7468=CARTESIAN_POINT('',(3.4534E0,-2.3E0,3.088E-1));
#7469=VERTEX_POINT('',#7468);
#7470=CARTESIAN_POINT('',(3.2884E0,-2.3E0,1.438E-1));
#7471=VERTEX_POINT('',#7470);
#7472=CARTESIAN_POINT('',(-3.2884E0,2.8E0,1.438E-1));
#7473=CARTESIAN_POINT('',(-3.4534E0,2.8E0,3.088E-1));
#7474=VERTEX_POINT('',#7472);
#7475=VERTEX_POINT('',#7473);
#7476=CARTESIAN_POINT('',(-3.4534E0,2.3E0,3.088E-1));
#7477=VERTEX_POINT('',#7476);
#7478=CARTESIAN_POINT('',(-3.2884E0,2.3E0,1.438E-1));
#7479=VERTEX_POINT('',#7478);
#7480=CARTESIAN_POINT('',(3.2884E0,2.3E0,1.438E-1));
#7481=CARTESIAN_POINT('',(3.4534E0,2.3E0,3.088E-1));
#7482=VERTEX_POINT('',#7480);
#7483=VERTEX_POINT('',#7481);
#7484=CARTESIAN_POINT('',(3.4534E0,2.8E0,3.088E-1));
#7485=VERTEX_POINT('',#7484);
#7486=CARTESIAN_POINT('',(3.2884E0,2.8E0,1.438E-1));
#7487=VERTEX_POINT('',#7486);
#7488=CARTESIAN_POINT('',(-5.5E0,2.25E0,5.1E0));
#7489=CARTESIAN_POINT('',(-5.51E0,2.25E0,5.1E0));
#7490=VERTEX_POINT('',#7488);
#7491=VERTEX_POINT('',#7489);
#7492=CARTESIAN_POINT('',(-6.05E0,2.25E0,4.56E0));
#7493=VERTEX_POINT('',#7492);
#7494=CARTESIAN_POINT('',(-6.05E0,2.25E0,-1.9E0));
#7495=VERTEX_POINT('',#7494);
#7496=CARTESIAN_POINT('',(-5.55E0,2.25E0,-1.9E0));
#7497=VERTEX_POINT('',#7496);
#7498=CARTESIAN_POINT('',(-5.55E0,2.25E0,4.56E0));
#7499=VERTEX_POINT('',#7498);
#7500=CARTESIAN_POINT('',(-5.51E0,2.25E0,4.6E0));
#7501=VERTEX_POINT('',#7500);
#7502=CARTESIAN_POINT('',(-5.5E0,-2.25E0,5.1E0));
#7503=CARTESIAN_POINT('',(-5.51E0,-2.25E0,5.1E0));
#7504=VERTEX_POINT('',#7502);
#7505=VERTEX_POINT('',#7503);
#7506=CARTESIAN_POINT('',(-6.05E0,-2.25E0,4.56E0));
#7507=VERTEX_POINT('',#7506);
#7508=CARTESIAN_POINT('',(-6.05E0,-2.25E0,-1.9E0));
#7509=VERTEX_POINT('',#7508);
#7510=CARTESIAN_POINT('',(-5.55E0,-2.25E0,-1.9E0));
#7511=VERTEX_POINT('',#7510);
#7512=CARTESIAN_POINT('',(-5.55E0,-2.25E0,4.56E0));
#7513=VERTEX_POINT('',#7512);
#7514=CARTESIAN_POINT('',(-5.51E0,-2.25E0,4.6E0));
#7515=VERTEX_POINT('',#7514);
#7516=CARTESIAN_POINT('',(-5.5E0,2.2E0,5.1E0));
#7517=VERTEX_POINT('',#7516);
#7518=CARTESIAN_POINT('',(-5.5E0,-2.2E0,5.1E0));
#7519=VERTEX_POINT('',#7518);
#7520=CARTESIAN_POINT('',(-6.05E0,7.5E-1,-1.9E0));
#7521=CARTESIAN_POINT('',(-5.55E0,7.5E-1,-1.9E0));
#7522=VERTEX_POINT('',#7520);
#7523=VERTEX_POINT('',#7521);
#7524=CARTESIAN_POINT('',(-6.05E0,-7.5E-1,-1.9E0));
#7525=CARTESIAN_POINT('',(-5.55E0,-7.5E-1,-1.9E0));
#7526=VERTEX_POINT('',#7524);
#7527=VERTEX_POINT('',#7525);
#7528=CARTESIAN_POINT('',(-6.05E0,7.5E-1,-4.1E0));
#7529=VERTEX_POINT('',#7528);
#7530=CARTESIAN_POINT('',(-6.05E0,-7.5E-1,-4.1E0));
#7531=VERTEX_POINT('',#7530);
#7532=CARTESIAN_POINT('',(-5.55E0,7.5E-1,-4.1E0));
#7533=VERTEX_POINT('',#7532);
#7534=CARTESIAN_POINT('',(-5.55E0,-7.5E-1,-4.1E0));
#7535=VERTEX_POINT('',#7534);
#7536=CARTESIAN_POINT('',(5.5E0,2.25E0,5.1E0));
#7537=CARTESIAN_POINT('',(5.51E0,2.25E0,5.1E0));
#7538=VERTEX_POINT('',#7536);
#7539=VERTEX_POINT('',#7537);
#7540=CARTESIAN_POINT('',(6.05E0,2.25E0,4.56E0));
#7541=VERTEX_POINT('',#7540);
#7542=CARTESIAN_POINT('',(6.05E0,2.25E0,-1.9E0));
#7543=VERTEX_POINT('',#7542);
#7544=CARTESIAN_POINT('',(5.55E0,2.25E0,-1.9E0));
#7545=VERTEX_POINT('',#7544);
#7546=CARTESIAN_POINT('',(5.55E0,2.25E0,4.56E0));
#7547=VERTEX_POINT('',#7546);
#7548=CARTESIAN_POINT('',(5.51E0,2.25E0,4.6E0));
#7549=VERTEX_POINT('',#7548);
#7550=CARTESIAN_POINT('',(5.5E0,-2.25E0,5.1E0));
#7551=CARTESIAN_POINT('',(5.51E0,-2.25E0,5.1E0));
#7552=VERTEX_POINT('',#7550);
#7553=VERTEX_POINT('',#7551);
#7554=CARTESIAN_POINT('',(6.05E0,-2.25E0,4.56E0));
#7555=VERTEX_POINT('',#7554);
#7556=CARTESIAN_POINT('',(6.05E0,-2.25E0,-1.9E0));
#7557=VERTEX_POINT('',#7556);
#7558=CARTESIAN_POINT('',(5.55E0,-2.25E0,-1.9E0));
#7559=VERTEX_POINT('',#7558);
#7560=CARTESIAN_POINT('',(5.55E0,-2.25E0,4.56E0));
#7561=VERTEX_POINT('',#7560);
#7562=CARTESIAN_POINT('',(5.51E0,-2.25E0,4.6E0));
#7563=VERTEX_POINT('',#7562);
#7564=CARTESIAN_POINT('',(5.5E0,2.25E0,4.6E0));
#7565=VERTEX_POINT('',#7564);
#7566=CARTESIAN_POINT('',(5.5E0,2.25E0,5.097913037155E0));
#7567=VERTEX_POINT('',#7566);
#7568=CARTESIAN_POINT('',(5.5E0,-2.25E0,4.6E0));
#7569=VERTEX_POINT('',#7568);
#7570=CARTESIAN_POINT('',(5.5E0,-2.25E0,5.097913037155E0));
#7571=VERTEX_POINT('',#7570);
#7572=CARTESIAN_POINT('',(5.5E0,2.2E0,5.1E0));
#7573=VERTEX_POINT('',#7572);
#7574=CARTESIAN_POINT('',(5.5E0,-2.2E0,5.1E0));
#7575=VERTEX_POINT('',#7574);
#7576=CARTESIAN_POINT('',(5.5E0,2.2E0,4.6E0));
#7577=VERTEX_POINT('',#7576);
#7578=CARTESIAN_POINT('',(5.5E0,-2.2E0,4.6E0));
#7579=VERTEX_POINT('',#7578);
#7580=CARTESIAN_POINT('',(6.05E0,7.5E-1,-1.9E0));
#7581=CARTESIAN_POINT('',(5.55E0,7.5E-1,-1.9E0));
#7582=VERTEX_POINT('',#7580);
#7583=VERTEX_POINT('',#7581);
#7584=CARTESIAN_POINT('',(6.05E0,-7.5E-1,-1.9E0));
#7585=CARTESIAN_POINT('',(5.55E0,-7.5E-1,-1.9E0));
#7586=VERTEX_POINT('',#7584);
#7587=VERTEX_POINT('',#7585);
#7588=CARTESIAN_POINT('',(6.05E0,7.5E-1,-4.2E0));
#7589=VERTEX_POINT('',#7588);
#7590=CARTESIAN_POINT('',(6.05E0,-7.5E-1,-4.2E0));
#7591=VERTEX_POINT('',#7590);
#7592=CARTESIAN_POINT('',(5.55E0,7.5E-1,-4.2E0));
#7593=VERTEX_POINT('',#7592);
#7594=CARTESIAN_POINT('',(5.55E0,-7.5E-1,-4.2E0));
#7595=VERTEX_POINT('',#7594);
#7596=CARTESIAN_POINT('',(-5.55E0,-3.5E-1,-4.5E0));
#7597=VERTEX_POINT('',#7596);
#7598=CARTESIAN_POINT('',(-6.05E0,-3.5E-1,-4.5E0));
#7599=VERTEX_POINT('',#7598);
#7600=CARTESIAN_POINT('',(-5.55E0,3.5E-1,-4.5E0));
#7601=VERTEX_POINT('',#7600);
#7602=CARTESIAN_POINT('',(-6.05E0,3.5E-1,-4.5E0));
#7603=VERTEX_POINT('',#7602);
#7604=CARTESIAN_POINT('',(6.05E0,-4.5E-1,-4.5E0));
#7605=VERTEX_POINT('',#7604);
#7606=CARTESIAN_POINT('',(5.55E0,-4.5E-1,-4.5E0));
#7607=VERTEX_POINT('',#7606);
#7608=CARTESIAN_POINT('',(6.05E0,4.5E-1,-4.5E0));
#7609=VERTEX_POINT('',#7608);
#7610=CARTESIAN_POINT('',(5.55E0,4.5E-1,-4.5E0));
#7611=VERTEX_POINT('',#7610);
#7612=CARTESIAN_POINT('',(3.2884E0,1.010016E1,3.088E-1));
#7613=DIRECTION('',(0.E0,-1.E0,0.E0));
#7614=DIRECTION('',(0.E0,0.E0,-1.E0));
#7615=AXIS2_PLACEMENT_3D('',#7612,#7613,#7614);
#7616=CYLINDRICAL_SURFACE('',#7615,1.65E-1);
#7618=ORIENTED_EDGE('',*,*,#7617,.T.);
#7620=ORIENTED_EDGE('',*,*,#7619,.F.);
#7622=ORIENTED_EDGE('',*,*,#7621,.T.);
#7624=ORIENTED_EDGE('',*,*,#7623,.T.);
#7625=EDGE_LOOP('',(#7618,#7620,#7622,#7624));
#7626=FACE_OUTER_BOUND('',#7625,.F.);
#7627=ADVANCED_FACE('',(#7626),#7616,.T.);
#7628=FILL_AREA_STYLE_COLOUR('',#25);
#7629=FILL_AREA_STYLE('',(#7628));
#7630=SURFACE_STYLE_FILL_AREA(#7629);
#7631=SURFACE_SIDE_STYLE('',(#7630));
#7632=SURFACE_STYLE_USAGE(.POSITIVE.,#7631);
#7633=PRESENTATION_STYLE_ASSIGNMENT((#7632));
#7634=STYLED_ITEM('',(#7633),#7627);
#7635=CARTESIAN_POINT('',(-5.5E0,-2.8E0,4.5E0));
#7636=DIRECTION('',(0.E0,-1.E0,0.E0));
#7637=DIRECTION('',(0.E0,0.E0,-1.E0));
#7638=AXIS2_PLACEMENT_3D('',#7635,#7636,#7637);
#7639=PLANE('',#7638);
#7641=ORIENTED_EDGE('',*,*,#7640,.F.);
#7643=ORIENTED_EDGE('',*,*,#7642,.F.);
#7645=ORIENTED_EDGE('',*,*,#7644,.F.);
#7647=ORIENTED_EDGE('',*,*,#7646,.F.);
#7649=ORIENTED_EDGE('',*,*,#7648,.T.);
#7651=ORIENTED_EDGE('',*,*,#7650,.T.);
#7653=ORIENTED_EDGE('',*,*,#7652,.F.);
#7655=ORIENTED_EDGE('',*,*,#7654,.T.);
#7656=ORIENTED_EDGE('',*,*,#7617,.F.);
#7658=ORIENTED_EDGE('',*,*,#7657,.T.);
#7660=ORIENTED_EDGE('',*,*,#7659,.T.);
#7662=ORIENTED_EDGE('',*,*,#7661,.F.);
#7664=ORIENTED_EDGE('',*,*,#7663,.T.);
#7666=ORIENTED_EDGE('',*,*,#7665,.F.);
#7668=ORIENTED_EDGE('',*,*,#7667,.F.);
#7670=ORIENTED_EDGE('',*,*,#7669,.F.);
#7672=ORIENTED_EDGE('',*,*,#7671,.F.);
#7674=ORIENTED_EDGE('',*,*,#7673,.F.);
#7675=EDGE_LOOP('',(#7641,#7643,#7645,#7647,#7649,#7651,#7653,#7655,#7656,#7658,
#7660,#7662,#7664,#7666,#7668,#7670,#7672,#7674));
#7676=FACE_OUTER_BOUND('',#7675,.F.);
#7677=ADVANCED_FACE('',(#7676),#7639,.T.);
#7678=FILL_AREA_STYLE_COLOUR('',#25);
#7679=FILL_AREA_STYLE('',(#7678));
#7680=SURFACE_STYLE_FILL_AREA(#7679);
#7681=SURFACE_SIDE_STYLE('',(#7680));
#7682=SURFACE_STYLE_USAGE(.POSITIVE.,#7681);
#7683=PRESENTATION_STYLE_ASSIGNMENT((#7682));
#7684=STYLED_ITEM('',(#7683),#7677);
#7685=CARTESIAN_POINT('',(-3.2884E0,-1.010016E1,3.088E-1));
#7686=DIRECTION('',(0.E0,1.E0,0.E0));
#7687=DIRECTION('',(0.E0,0.E0,-1.E0));
#7688=AXIS2_PLACEMENT_3D('',#7685,#7686,#7687);
#7689=CYLINDRICAL_SURFACE('',#7688,1.65E-1);
#7691=ORIENTED_EDGE('',*,*,#7690,.T.);
#7693=ORIENTED_EDGE('',*,*,#7692,.F.);
#7694=ORIENTED_EDGE('',*,*,#7640,.T.);
#7696=ORIENTED_EDGE('',*,*,#7695,.T.);
#7697=EDGE_LOOP('',(#7691,#7693,#7694,#7696));
#7698=FACE_OUTER_BOUND('',#7697,.F.);
#7699=ADVANCED_FACE('',(#7698),#7689,.T.);
#7700=FILL_AREA_STYLE_COLOUR('',#25);
#7701=FILL_AREA_STYLE('',(#7700));
#7702=SURFACE_STYLE_FILL_AREA(#7701);
#7703=SURFACE_SIDE_STYLE('',(#7702));
#7704=SURFACE_STYLE_USAGE(.POSITIVE.,#7703);
#7705=PRESENTATION_STYLE_ASSIGNMENT((#7704));
#7706=STYLED_ITEM('',(#7705),#7699);
#7707=CARTESIAN_POINT('',(-5.5E0,-2.3E0,1.05E0));
#7708=DIRECTION('',(0.E0,1.E0,0.E0));
#7709=DIRECTION('',(0.E0,0.E0,1.E0));
#7710=AXIS2_PLACEMENT_3D('',#7707,#7708,#7709);
#7711=PLANE('',#7710);
#7712=ORIENTED_EDGE('',*,*,#7690,.F.);
#7714=ORIENTED_EDGE('',*,*,#7713,.T.);
#7716=ORIENTED_EDGE('',*,*,#7715,.T.);
#7718=ORIENTED_EDGE('',*,*,#7717,.T.);
#7720=ORIENTED_EDGE('',*,*,#7719,.T.);
#7722=ORIENTED_EDGE('',*,*,#7721,.T.);
#7724=ORIENTED_EDGE('',*,*,#7723,.F.);
#7726=ORIENTED_EDGE('',*,*,#7725,.F.);
#7728=ORIENTED_EDGE('',*,*,#7727,.F.);
#7730=ORIENTED_EDGE('',*,*,#7729,.F.);
#7731=ORIENTED_EDGE('',*,*,#7621,.F.);
#7733=ORIENTED_EDGE('',*,*,#7732,.F.);
#7735=ORIENTED_EDGE('',*,*,#7734,.T.);
#7737=ORIENTED_EDGE('',*,*,#7736,.T.);
#7739=ORIENTED_EDGE('',*,*,#7738,.F.);
#7741=ORIENTED_EDGE('',*,*,#7740,.F.);
#7743=ORIENTED_EDGE('',*,*,#7742,.T.);
#7745=ORIENTED_EDGE('',*,*,#7744,.T.);
#7746=EDGE_LOOP('',(#7712,#7714,#7716,#7718,#7720,#7722,#7724,#7726,#7728,#7730,
#7731,#7733,#7735,#7737,#7739,#7741,#7743,#7745));
#7747=FACE_OUTER_BOUND('',#7746,.F.);
#7748=ADVANCED_FACE('',(#7747),#7711,.T.);
#7749=FILL_AREA_STYLE_COLOUR('',#25);
#7750=FILL_AREA_STYLE('',(#7749));
#7751=SURFACE_STYLE_FILL_AREA(#7750);
#7752=SURFACE_SIDE_STYLE('',(#7751));
#7753=SURFACE_STYLE_USAGE(.POSITIVE.,#7752);
#7754=PRESENTATION_STYLE_ASSIGNMENT((#7753));
#7755=STYLED_ITEM('',(#7754),#7748);
#7756=CARTESIAN_POINT('',(-3.4534E0,-2.8E0,1.438E-1));
#7757=DIRECTION('',(0.E0,0.E0,-1.E0));
#7758=DIRECTION('',(1.E0,0.E0,0.E0));
#7759=AXIS2_PLACEMENT_3D('',#7756,#7757,#7758);
#7760=PLANE('',#7759);
#7761=ORIENTED_EDGE('',*,*,#7695,.F.);
#7762=ORIENTED_EDGE('',*,*,#7673,.T.);
#7764=ORIENTED_EDGE('',*,*,#7763,.T.);
#7765=ORIENTED_EDGE('',*,*,#7713,.F.);
#7766=EDGE_LOOP('',(#7761,#7762,#7764,#7765));
#7767=FACE_OUTER_BOUND('',#7766,.F.);
#7768=ADVANCED_FACE('',(#7767),#7760,.T.);
#7769=FILL_AREA_STYLE_COLOUR('',#25);
#7770=FILL_AREA_STYLE('',(#7769));
#7771=SURFACE_STYLE_FILL_AREA(#7770);
#7772=SURFACE_SIDE_STYLE('',(#7771));
#7773=SURFACE_STYLE_USAGE(.POSITIVE.,#7772);
#7774=PRESENTATION_STYLE_ASSIGNMENT((#7773));
#7775=STYLED_ITEM('',(#7774),#7768);
#7776=CARTESIAN_POINT('',(-2.2312E0,-2.8E0,1.438E-1));
#7777=DIRECTION('',(-1.E0,0.E0,0.E0));
#7778=DIRECTION('',(0.E0,0.E0,-1.E0));
#7779=AXIS2_PLACEMENT_3D('',#7776,#7777,#7778);
#7780=PLANE('',#7779);
#7782=ORIENTED_EDGE('',*,*,#7781,.F.);
#7783=ORIENTED_EDGE('',*,*,#7715,.F.);
#7784=ORIENTED_EDGE('',*,*,#7763,.F.);
#7785=ORIENTED_EDGE('',*,*,#7671,.T.);
#7787=ORIENTED_EDGE('',*,*,#7786,.F.);
#7789=ORIENTED_EDGE('',*,*,#7788,.T.);
#7791=ORIENTED_EDGE('',*,*,#7790,.T.);
#7792=EDGE_LOOP('',(#7782,#7783,#7784,#7785,#7787,#7789,#7791));
#7793=FACE_OUTER_BOUND('',#7792,.F.);
#7794=ADVANCED_FACE('',(#7793),#7780,.T.);
#7795=FILL_AREA_STYLE_COLOUR('',#25);
#7796=FILL_AREA_STYLE('',(#7795));
#7797=SURFACE_STYLE_FILL_AREA(#7796);
#7798=SURFACE_SIDE_STYLE('',(#7797));
#7799=SURFACE_STYLE_USAGE(.POSITIVE.,#7798);
#7800=PRESENTATION_STYLE_ASSIGNMENT((#7799));
#7801=STYLED_ITEM('',(#7800),#7794);
#7802=CARTESIAN_POINT('',(-5.5E0,-2.8E0,-5.E-2));
#7803=DIRECTION('',(0.E0,0.E0,-1.E0));
#7804=DIRECTION('',(1.E0,0.E0,0.E0));
#7805=AXIS2_PLACEMENT_3D('',#7802,#7803,#7804);
#7806=PLANE('',#7805);
#7808=ORIENTED_EDGE('',*,*,#7807,.F.);
#7810=ORIENTED_EDGE('',*,*,#7809,.T.);
#7811=ORIENTED_EDGE('',*,*,#7717,.F.);
#7812=ORIENTED_EDGE('',*,*,#7781,.T.);
#7814=ORIENTED_EDGE('',*,*,#7813,.F.);
#7816=ORIENTED_EDGE('',*,*,#7815,.T.);
#7817=EDGE_LOOP('',(#7808,#7810,#7811,#7812,#7814,#7816));
#7818=FACE_OUTER_BOUND('',#7817,.F.);
#7819=ADVANCED_FACE('',(#7818),#7806,.F.);
#7820=FILL_AREA_STYLE_COLOUR('',#25);
#7821=FILL_AREA_STYLE('',(#7820));
#7822=SURFACE_STYLE_FILL_AREA(#7821);
#7823=SURFACE_SIDE_STYLE('',(#7822));
#7824=SURFACE_STYLE_USAGE(.POSITIVE.,#7823);
#7825=PRESENTATION_STYLE_ASSIGNMENT((#7824));
#7826=STYLED_ITEM('',(#7825),#7819);
#7827=CARTESIAN_POINT('',(-1.4578E0,-1.4813E0,-7.91534E0));
#7828=DIRECTION('',(0.E0,0.E0,1.E0));
#7829=DIRECTION('',(1.E0,0.E0,0.E0));
#7830=AXIS2_PLACEMENT_3D('',#7827,#7828,#7829);
#7831=CYLINDRICAL_SURFACE('',#7830,2.E-1);
#7832=ORIENTED_EDGE('',*,*,#7807,.T.);
#7834=ORIENTED_EDGE('',*,*,#7833,.F.);
#7836=ORIENTED_EDGE('',*,*,#7835,.T.);
#7838=ORIENTED_EDGE('',*,*,#7837,.T.);
#7839=EDGE_LOOP('',(#7832,#7834,#7836,#7838));
#7840=FACE_OUTER_BOUND('',#7839,.F.);
#7841=ADVANCED_FACE('',(#7840),#7831,.T.);
#7842=FILL_AREA_STYLE_COLOUR('',#25);
#7843=FILL_AREA_STYLE('',(#7842));
#7844=SURFACE_STYLE_FILL_AREA(#7843);
#7845=SURFACE_SIDE_STYLE('',(#7844));
#7846=SURFACE_STYLE_USAGE(.POSITIVE.,#7845);
#7847=PRESENTATION_STYLE_ASSIGNMENT((#7846));
#7848=STYLED_ITEM('',(#7847),#7841);
#7849=CARTESIAN_POINT('',(-2.2312E0,-1.2813E0,-5.5E-1));
#7850=DIRECTION('',(0.E0,1.E0,0.E0));
#7851=DIRECTION('',(1.E0,0.E0,0.E0));
#7852=AXIS2_PLACEMENT_3D('',#7849,#7850,#7851);
#7853=PLANE('',#7852);
#7854=ORIENTED_EDGE('',*,*,#7833,.T.);
#7855=ORIENTED_EDGE('',*,*,#7815,.F.);
#7857=ORIENTED_EDGE('',*,*,#7856,.F.);
#7859=ORIENTED_EDGE('',*,*,#7858,.T.);
#7860=EDGE_LOOP('',(#7854,#7855,#7857,#7859));
#7861=FACE_OUTER_BOUND('',#7860,.F.);
#7862=ADVANCED_FACE('',(#7861),#7853,.T.);
#7863=FILL_AREA_STYLE_COLOUR('',#25);
#7864=FILL_AREA_STYLE('',(#7863));
#7865=SURFACE_STYLE_FILL_AREA(#7864);
#7866=SURFACE_SIDE_STYLE('',(#7865));
#7867=SURFACE_STYLE_USAGE(.POSITIVE.,#7866);
#7868=PRESENTATION_STYLE_ASSIGNMENT((#7867));
#7869=STYLED_ITEM('',(#7868),#7862);
#7870=CARTESIAN_POINT('',(-2.0312E0,-1.4813E0,-7.91534E0));
#7871=DIRECTION('',(0.E0,0.E0,1.E0));
#7872=DIRECTION('',(0.E0,1.E0,0.E0));
#7873=AXIS2_PLACEMENT_3D('',#7870,#7871,#7872);
#7874=CYLINDRICAL_SURFACE('',#7873,2.E-1);
#7875=ORIENTED_EDGE('',*,*,#7813,.T.);
#7876=ORIENTED_EDGE('',*,*,#7790,.F.);
#7878=ORIENTED_EDGE('',*,*,#7877,.T.);
#7879=ORIENTED_EDGE('',*,*,#7856,.T.);
#7880=EDGE_LOOP('',(#7875,#7876,#7878,#7879));
#7881=FACE_OUTER_BOUND('',#7880,.F.);
#7882=ADVANCED_FACE('',(#7881),#7874,.T.);
#7883=FILL_AREA_STYLE_COLOUR('',#25);
#7884=FILL_AREA_STYLE('',(#7883));
#7885=SURFACE_STYLE_FILL_AREA(#7884);
#7886=SURFACE_SIDE_STYLE('',(#7885));
#7887=SURFACE_STYLE_USAGE(.POSITIVE.,#7886);
#7888=PRESENTATION_STYLE_ASSIGNMENT((#7887));
#7889=STYLED_ITEM('',(#7888),#7882);
#7890=CARTESIAN_POINT('',(-2.2312E0,-2.8E0,-5.5E-1));
#7891=DIRECTION('',(0.E0,0.E0,-1.E0));
#7892=DIRECTION('',(1.E0,0.E0,0.E0));
#7893=AXIS2_PLACEMENT_3D('',#7890,#7891,#7892);
#7894=PLANE('',#7893);
#7895=ORIENTED_EDGE('',*,*,#7835,.F.);
#7896=ORIENTED_EDGE('',*,*,#7858,.F.);
#7897=ORIENTED_EDGE('',*,*,#7877,.F.);
#7898=ORIENTED_EDGE('',*,*,#7788,.F.);
#7900=ORIENTED_EDGE('',*,*,#7899,.T.);
#7902=ORIENTED_EDGE('',*,*,#7901,.F.);
#7903=EDGE_LOOP('',(#7895,#7896,#7897,#7898,#7900,#7902));
#7904=FACE_OUTER_BOUND('',#7903,.F.);
#7905=ADVANCED_FACE('',(#7904),#7894,.T.);
#7906=FILL_AREA_STYLE_COLOUR('',#25);
#7907=FILL_AREA_STYLE('',(#7906));
#7908=SURFACE_STYLE_FILL_AREA(#7907);
#7909=SURFACE_SIDE_STYLE('',(#7908));
#7910=SURFACE_STYLE_USAGE(.POSITIVE.,#7909);
#7911=PRESENTATION_STYLE_ASSIGNMENT((#7910));
#7912=STYLED_ITEM('',(#7911),#7905);
#7913=CARTESIAN_POINT('',(-1.98396E1,-2.5E0,-2.5E-1));
#7914=DIRECTION('',(1.E0,0.E0,0.E0));
#7915=DIRECTION('',(0.E0,-1.E0,0.E0));
#7916=AXIS2_PLACEMENT_3D('',#7913,#7914,#7915);
#7917=CYLINDRICAL_SURFACE('',#7916,3.E-1);
#7919=ORIENTED_EDGE('',*,*,#7918,.T.);
#7920=ORIENTED_EDGE('',*,*,#7899,.F.);
#7921=ORIENTED_EDGE('',*,*,#7786,.T.);
#7922=ORIENTED_EDGE('',*,*,#7669,.T.);
#7923=EDGE_LOOP('',(#7919,#7920,#7921,#7922));
#7924=FACE_OUTER_BOUND('',#7923,.F.);
#7925=ADVANCED_FACE('',(#7924),#7917,.T.);
#7926=FILL_AREA_STYLE_COLOUR('',#25);
#7927=FILL_AREA_STYLE('',(#7926));
#7928=SURFACE_STYLE_FILL_AREA(#7927);
#7929=SURFACE_SIDE_STYLE('',(#7928));
#7930=SURFACE_STYLE_USAGE(.POSITIVE.,#7929);
#7931=PRESENTATION_STYLE_ASSIGNMENT((#7930));
#7932=STYLED_ITEM('',(#7931),#7925);
#7933=CARTESIAN_POINT('',(-1.2578E0,-2.8E0,-5.5E-1));
#7934=DIRECTION('',(1.E0,0.E0,0.E0));
#7935=DIRECTION('',(0.E0,0.E0,1.E0));
#7936=AXIS2_PLACEMENT_3D('',#7933,#7934,#7935);
#7937=PLANE('',#7936);
#7938=ORIENTED_EDGE('',*,*,#7837,.F.);
#7939=ORIENTED_EDGE('',*,*,#7901,.T.);
#7940=ORIENTED_EDGE('',*,*,#7918,.F.);
#7941=ORIENTED_EDGE('',*,*,#7667,.T.);
#7943=ORIENTED_EDGE('',*,*,#7942,.T.);
#7944=ORIENTED_EDGE('',*,*,#7719,.F.);
#7945=ORIENTED_EDGE('',*,*,#7809,.F.);
#7946=EDGE_LOOP('',(#7938,#7939,#7940,#7941,#7943,#7944,#7945));
#7947=FACE_OUTER_BOUND('',#7946,.F.);
#7948=ADVANCED_FACE('',(#7947),#7937,.T.);
#7949=FILL_AREA_STYLE_COLOUR('',#25);
#7950=FILL_AREA_STYLE('',(#7949));
#7951=SURFACE_STYLE_FILL_AREA(#7950);
#7952=SURFACE_SIDE_STYLE('',(#7951));
#7953=SURFACE_STYLE_USAGE(.POSITIVE.,#7952);
#7954=PRESENTATION_STYLE_ASSIGNMENT((#7953));
#7955=STYLED_ITEM('',(#7954),#7948);
#7956=CARTESIAN_POINT('',(-5.5E0,-2.8E0,1.05E0));
#7957=DIRECTION('',(0.E0,0.E0,-1.E0));
#7958=DIRECTION('',(0.E0,1.E0,0.E0));
#7959=AXIS2_PLACEMENT_3D('',#7956,#7957,#7958);
#7960=PLANE('',#7959);
#7962=ORIENTED_EDGE('',*,*,#7961,.T.);
#7963=ORIENTED_EDGE('',*,*,#7742,.F.);
#7965=ORIENTED_EDGE('',*,*,#7964,.F.);
#7966=ORIENTED_EDGE('',*,*,#7644,.T.);
#7967=EDGE_LOOP('',(#7962,#7963,#7965,#7966));
#7968=FACE_OUTER_BOUND('',#7967,.F.);
#7969=ADVANCED_FACE('',(#7968),#7960,.T.);
#7970=FILL_AREA_STYLE_COLOUR('',#25);
#7971=FILL_AREA_STYLE('',(#7970));
#7972=SURFACE_STYLE_FILL_AREA(#7971);
#7973=SURFACE_SIDE_STYLE('',(#7972));
#7974=SURFACE_STYLE_USAGE(.POSITIVE.,#7973);
#7975=PRESENTATION_STYLE_ASSIGNMENT((#7974));
#7976=STYLED_ITEM('',(#7975),#7969);
#7977=CARTESIAN_POINT('',(-5.5E0,-2.8E0,1.05E0));
#7978=DIRECTION('',(0.E0,0.E0,-1.E0));
#7979=DIRECTION('',(0.E0,1.E0,0.E0));
#7980=AXIS2_PLACEMENT_3D('',#7977,#7978,#7979);
#7981=PLANE('',#7980);
#7983=ORIENTED_EDGE('',*,*,#7982,.F.);
#7984=ORIENTED_EDGE('',*,*,#7652,.T.);
#7986=ORIENTED_EDGE('',*,*,#7985,.T.);
#7987=ORIENTED_EDGE('',*,*,#7734,.F.);
#7988=EDGE_LOOP('',(#7983,#7984,#7986,#7987));
#7989=FACE_OUTER_BOUND('',#7988,.F.);
#7990=ADVANCED_FACE('',(#7989),#7981,.T.);
#7991=FILL_AREA_STYLE_COLOUR('',#25);
#7992=FILL_AREA_STYLE('',(#7991));
#7993=SURFACE_STYLE_FILL_AREA(#7992);
#7994=SURFACE_SIDE_STYLE('',(#7993));
#7995=SURFACE_STYLE_USAGE(.POSITIVE.,#7994);
#7996=PRESENTATION_STYLE_ASSIGNMENT((#7995));
#7997=STYLED_ITEM('',(#7996),#7990);
#7998=CARTESIAN_POINT('',(-5.5E0,-2.8E0,1.05E0));
#7999=DIRECTION('',(0.E0,0.E0,-1.E0));
#8000=DIRECTION('',(0.E0,1.E0,0.E0));
#8001=AXIS2_PLACEMENT_3D('',#7998,#7999,#8000);
#8002=PLANE('',#8001);
#8004=ORIENTED_EDGE('',*,*,#8003,.T.);
#8005=ORIENTED_EDGE('',*,*,#7721,.F.);
#8006=ORIENTED_EDGE('',*,*,#7942,.F.);
#8007=ORIENTED_EDGE('',*,*,#7665,.T.);
#8008=EDGE_LOOP('',(#8004,#8005,#8006,#8007));
#8009=FACE_OUTER_BOUND('',#8008,.F.);
#8010=ADVANCED_FACE('',(#8009),#8002,.T.);
#8011=FILL_AREA_STYLE_COLOUR('',#25);
#8012=FILL_AREA_STYLE('',(#8011));
#8013=SURFACE_STYLE_FILL_AREA(#8012);
#8014=SURFACE_SIDE_STYLE('',(#8013));
#8015=SURFACE_STYLE_USAGE(.POSITIVE.,#8014);
#8016=PRESENTATION_STYLE_ASSIGNMENT((#8015));
#8017=STYLED_ITEM('',(#8016),#8010);
#8018=CARTESIAN_POINT('',(-3.4534E0,-2.8E0,1.05E0));
#8019=DIRECTION('',(-1.E0,0.E0,0.E0));
#8020=DIRECTION('',(0.E0,0.E0,-1.E0));
#8021=AXIS2_PLACEMENT_3D('',#8018,#8019,#8020);
#8022=PLANE('',#8021);
#8023=ORIENTED_EDGE('',*,*,#7692,.T.);
#8024=ORIENTED_EDGE('',*,*,#7744,.F.);
#8025=ORIENTED_EDGE('',*,*,#7961,.F.);
#8026=ORIENTED_EDGE('',*,*,#7642,.T.);
#8027=EDGE_LOOP('',(#8023,#8024,#8025,#8026));
#8028=FACE_OUTER_BOUND('',#8027,.F.);
#8029=ADVANCED_FACE('',(#8028),#8022,.T.);
#8030=FILL_AREA_STYLE_COLOUR('',#25);
#8031=FILL_AREA_STYLE('',(#8030));
#8032=SURFACE_STYLE_FILL_AREA(#8031);
#8033=SURFACE_SIDE_STYLE('',(#8032));
#8034=SURFACE_STYLE_USAGE(.POSITIVE.,#8033);
#8035=PRESENTATION_STYLE_ASSIGNMENT((#8034));
#8036=STYLED_ITEM('',(#8035),#8029);
#8037=CARTESIAN_POINT('',(-5.5E0,0.E0,0.E0));
#8038=DIRECTION('',(1.E0,0.E0,0.E0));
#8039=DIRECTION('',(0.E0,1.E0,0.E0));
#8040=AXIS2_PLACEMENT_3D('',#8037,#8038,#8039);
#8041=PLANE('',#8040);
#8043=ORIENTED_EDGE('',*,*,#8042,.T.);
#8045=ORIENTED_EDGE('',*,*,#8044,.T.);
#8047=ORIENTED_EDGE('',*,*,#8046,.T.);
#8049=ORIENTED_EDGE('',*,*,#8048,.T.);
#8051=ORIENTED_EDGE('',*,*,#8050,.T.);
#8053=ORIENTED_EDGE('',*,*,#8052,.T.);
#8055=ORIENTED_EDGE('',*,*,#8054,.T.);
#8056=EDGE_LOOP('',(#8043,#8045,#8047,#8049,#8051,#8053,#8055));
#8057=FACE_OUTER_BOUND('',#8056,.F.);
#8058=ADVANCED_FACE('',(#8057),#8041,.F.);
#8059=FILL_AREA_STYLE_COLOUR('',#25);
#8060=FILL_AREA_STYLE('',(#8059));
#8061=SURFACE_STYLE_FILL_AREA(#8060);
#8062=SURFACE_SIDE_STYLE('',(#8061));
#8063=SURFACE_STYLE_USAGE(.POSITIVE.,#8062);
#8064=PRESENTATION_STYLE_ASSIGNMENT((#8063));
#8065=STYLED_ITEM('',(#8064),#8058);
#8066=CARTESIAN_POINT('',(-5.5E0,0.E0,0.E0));
#8067=DIRECTION('',(1.E0,0.E0,0.E0));
#8068=DIRECTION('',(0.E0,1.E0,0.E0));
#8069=AXIS2_PLACEMENT_3D('',#8066,#8067,#8068);
#8070=PLANE('',#8069);
#8072=ORIENTED_EDGE('',*,*,#8071,.F.);
#8074=ORIENTED_EDGE('',*,*,#8073,.T.);
#8075=ORIENTED_EDGE('',*,*,#7646,.T.);
#8076=ORIENTED_EDGE('',*,*,#7964,.T.);
#8077=ORIENTED_EDGE('',*,*,#7740,.T.);
#8079=ORIENTED_EDGE('',*,*,#8078,.T.);
#8081=ORIENTED_EDGE('',*,*,#8080,.T.);
#8082=EDGE_LOOP('',(#8072,#8074,#8075,#8076,#8077,#8079,#8081));
#8083=FACE_OUTER_BOUND('',#8082,.F.);
#8084=ADVANCED_FACE('',(#8083),#8070,.F.);
#8085=FILL_AREA_STYLE_COLOUR('',#25);
#8086=FILL_AREA_STYLE('',(#8085));
#8087=SURFACE_STYLE_FILL_AREA(#8086);
#8088=SURFACE_SIDE_STYLE('',(#8087));
#8089=SURFACE_STYLE_USAGE(.POSITIVE.,#8088);
#8090=PRESENTATION_STYLE_ASSIGNMENT((#8089));
#8091=STYLED_ITEM('',(#8090),#8084);
#8092=CARTESIAN_POINT('',(0.E0,2.25E0,0.E0));
#8093=DIRECTION('',(0.E0,-1.E0,0.E0));
#8094=DIRECTION('',(1.E0,0.E0,0.E0));
#8095=AXIS2_PLACEMENT_3D('',#8092,#8093,#8094);
#8096=PLANE('',#8095);
#8097=ORIENTED_EDGE('',*,*,#8042,.F.);
#8099=ORIENTED_EDGE('',*,*,#8098,.T.);
#8101=ORIENTED_EDGE('',*,*,#8100,.T.);
#8103=ORIENTED_EDGE('',*,*,#8102,.T.);
#8105=ORIENTED_EDGE('',*,*,#8104,.T.);
#8107=ORIENTED_EDGE('',*,*,#8106,.T.);
#8109=ORIENTED_EDGE('',*,*,#8108,.T.);
#8111=ORIENTED_EDGE('',*,*,#8110,.T.);
#8113=ORIENTED_EDGE('',*,*,#8112,.T.);
#8114=EDGE_LOOP('',(#8097,#8099,#8101,#8103,#8105,#8107,#8109,#8111,#8113));
#8115=FACE_OUTER_BOUND('',#8114,.F.);
#8116=ADVANCED_FACE('',(#8115),#8096,.F.);
#8117=FILL_AREA_STYLE_COLOUR('',#25);
#8118=FILL_AREA_STYLE('',(#8117));
#8119=SURFACE_STYLE_FILL_AREA(#8118);
#8120=SURFACE_SIDE_STYLE('',(#8119));
#8121=SURFACE_STYLE_USAGE(.POSITIVE.,#8120);
#8122=PRESENTATION_STYLE_ASSIGNMENT((#8121));
#8123=STYLED_ITEM('',(#8122),#8116);
#8124=CARTESIAN_POINT('',(-5.5E0,2.25E0,4.6E0));
#8125=DIRECTION('',(1.E0,0.E0,0.E0));
#8126=DIRECTION('',(0.E0,0.E0,1.E0));
#8127=AXIS2_PLACEMENT_3D('',#8124,#8125,#8126);
#8128=PLANE('',#8127);
#8130=ORIENTED_EDGE('',*,*,#8129,.T.);
#8132=ORIENTED_EDGE('',*,*,#8131,.F.);
#8133=ORIENTED_EDGE('',*,*,#8098,.F.);
#8134=EDGE_LOOP('',(#8130,#8132,#8133));
#8135=FACE_OUTER_BOUND('',#8134,.F.);
#8136=ADVANCED_FACE('',(#8135),#8128,.T.);
#8137=FILL_AREA_STYLE_COLOUR('',#25);
#8138=FILL_AREA_STYLE('',(#8137));
#8139=SURFACE_STYLE_FILL_AREA(#8138);
#8140=SURFACE_SIDE_STYLE('',(#8139));
#8141=SURFACE_STYLE_USAGE(.POSITIVE.,#8140);
#8142=PRESENTATION_STYLE_ASSIGNMENT((#8141));
#8143=STYLED_ITEM('',(#8142),#8136);
#8144=CARTESIAN_POINT('',(-5.5E0,2.25E0,4.6E0));
#8145=DIRECTION('',(1.E0,0.E0,0.E0));
#8146=DIRECTION('',(0.E0,0.E0,1.E0));
#8147=AXIS2_PLACEMENT_3D('',#8144,#8145,#8146);
#8148=PLANE('',#8147);
#8150=ORIENTED_EDGE('',*,*,#8149,.T.);
#8152=ORIENTED_EDGE('',*,*,#8151,.T.);
#8154=ORIENTED_EDGE('',*,*,#8153,.F.);
#8155=EDGE_LOOP('',(#8150,#8152,#8154));
#8156=FACE_OUTER_BOUND('',#8155,.F.);
#8157=ADVANCED_FACE('',(#8156),#8148,.T.);
#8158=FILL_AREA_STYLE_COLOUR('',#25);
#8159=FILL_AREA_STYLE('',(#8158));
#8160=SURFACE_STYLE_FILL_AREA(#8159);
#8161=SURFACE_SIDE_STYLE('',(#8160));
#8162=SURFACE_STYLE_USAGE(.POSITIVE.,#8161);
#8163=PRESENTATION_STYLE_ASSIGNMENT((#8162));
#8164=STYLED_ITEM('',(#8163),#8157);
#8165=CARTESIAN_POINT('',(-5.5E0,2.2E0,4.5E0));
#8166=DIRECTION('',(1.E0,0.E0,0.E0));
#8167=DIRECTION('',(0.E0,1.E0,0.E0));
#8168=AXIS2_PLACEMENT_3D('',#8165,#8166,#8167);
#8169=CYLINDRICAL_SURFACE('',#8168,6.E-1);
#8171=ORIENTED_EDGE('',*,*,#8170,.T.);
#8173=ORIENTED_EDGE('',*,*,#8172,.F.);
#8174=ORIENTED_EDGE('',*,*,#8129,.F.);
#8175=ORIENTED_EDGE('',*,*,#8054,.F.);
#8177=ORIENTED_EDGE('',*,*,#8176,.T.);
#8179=ORIENTED_EDGE('',*,*,#8178,.T.);
#8180=EDGE_LOOP('',(#8171,#8173,#8174,#8175,#8177,#8179));
#8181=FACE_OUTER_BOUND('',#8180,.F.);
#8182=ADVANCED_FACE('',(#8181),#8169,.T.);
#8183=FILL_AREA_STYLE_COLOUR('',#25);
#8184=FILL_AREA_STYLE('',(#8183));
#8185=SURFACE_STYLE_FILL_AREA(#8184);
#8186=SURFACE_SIDE_STYLE('',(#8185));
#8187=SURFACE_STYLE_USAGE(.POSITIVE.,#8186);
#8188=PRESENTATION_STYLE_ASSIGNMENT((#8187));
#8189=STYLED_ITEM('',(#8188),#8182);
#8190=CARTESIAN_POINT('',(5.5E0,2.25E0,4.6E0));
#8191=DIRECTION('',(1.E0,0.E0,0.E0));
#8192=DIRECTION('',(0.E0,0.E0,1.E0));
#8193=AXIS2_PLACEMENT_3D('',#8190,#8191,#8192);
#8194=PLANE('',#8193);
#8196=ORIENTED_EDGE('',*,*,#8195,.T.);
#8198=ORIENTED_EDGE('',*,*,#8197,.T.);
#8199=ORIENTED_EDGE('',*,*,#8170,.F.);
#8200=EDGE_LOOP('',(#8196,#8198,#8199));
#8201=FACE_OUTER_BOUND('',#8200,.F.);
#8202=ADVANCED_FACE('',(#8201),#8194,.F.);
#8203=FILL_AREA_STYLE_COLOUR('',#25);
#8204=FILL_AREA_STYLE('',(#8203));
#8205=SURFACE_STYLE_FILL_AREA(#8204);
#8206=SURFACE_SIDE_STYLE('',(#8205));
#8207=SURFACE_STYLE_USAGE(.POSITIVE.,#8206);
#8208=PRESENTATION_STYLE_ASSIGNMENT((#8207));
#8209=STYLED_ITEM('',(#8208),#8202);
#8210=CARTESIAN_POINT('',(5.5E0,2.25E0,4.6E0));
#8211=DIRECTION('',(1.E0,0.E0,0.E0));
#8212=DIRECTION('',(0.E0,0.E0,1.E0));
#8213=AXIS2_PLACEMENT_3D('',#8210,#8211,#8212);
#8214=PLANE('',#8213);
#8216=ORIENTED_EDGE('',*,*,#8215,.F.);
#8218=ORIENTED_EDGE('',*,*,#8217,.F.);
#8220=ORIENTED_EDGE('',*,*,#8219,.T.);
#8221=EDGE_LOOP('',(#8216,#8218,#8220));
#8222=FACE_OUTER_BOUND('',#8221,.F.);
#8223=ADVANCED_FACE('',(#8222),#8214,.F.);
#8224=FILL_AREA_STYLE_COLOUR('',#25);
#8225=FILL_AREA_STYLE('',(#8224));
#8226=SURFACE_STYLE_FILL_AREA(#8225);
#8227=SURFACE_SIDE_STYLE('',(#8226));
#8228=SURFACE_STYLE_USAGE(.POSITIVE.,#8227);
#8229=PRESENTATION_STYLE_ASSIGNMENT((#8228));
#8230=STYLED_ITEM('',(#8229),#8223);
#8231=CARTESIAN_POINT('',(0.E0,2.25E0,0.E0));
#8232=DIRECTION('',(0.E0,1.E0,0.E0));
#8233=DIRECTION('',(-1.E0,0.E0,0.E0));
#8234=AXIS2_PLACEMENT_3D('',#8231,#8232,#8233);
#8235=PLANE('',#8234);
#8237=ORIENTED_EDGE('',*,*,#8236,.F.);
#8239=ORIENTED_EDGE('',*,*,#8238,.F.);
#8241=ORIENTED_EDGE('',*,*,#8240,.F.);
#8243=ORIENTED_EDGE('',*,*,#8242,.F.);
#8245=ORIENTED_EDGE('',*,*,#8244,.F.);
#8247=ORIENTED_EDGE('',*,*,#8246,.F.);
#8249=ORIENTED_EDGE('',*,*,#8248,.F.);
#8250=ORIENTED_EDGE('',*,*,#8195,.F.);
#8252=ORIENTED_EDGE('',*,*,#8251,.F.);
#8253=EDGE_LOOP('',(#8237,#8239,#8241,#8243,#8245,#8247,#8249,#8250,#8252));
#8254=FACE_OUTER_BOUND('',#8253,.F.);
#8255=ADVANCED_FACE('',(#8254),#8235,.T.);
#8256=FILL_AREA_STYLE_COLOUR('',#25);
#8257=FILL_AREA_STYLE('',(#8256));
#8258=SURFACE_STYLE_FILL_AREA(#8257);
#8259=SURFACE_SIDE_STYLE('',(#8258));
#8260=SURFACE_STYLE_USAGE(.POSITIVE.,#8259);
#8261=PRESENTATION_STYLE_ASSIGNMENT((#8260));
#8262=STYLED_ITEM('',(#8261),#8255);
#8263=CARTESIAN_POINT('',(-5.5E0,-2.2E0,4.6E0));
#8264=DIRECTION('',(0.E0,0.E0,-1.E0));
#8265=DIRECTION('',(0.E0,1.E0,0.E0));
#8266=AXIS2_PLACEMENT_3D('',#8263,#8264,#8265);
#8267=PLANE('',#8266);
#8269=ORIENTED_EDGE('',*,*,#8268,.T.);
#8271=ORIENTED_EDGE('',*,*,#8270,.T.);
#8273=ORIENTED_EDGE('',*,*,#8272,.F.);
#8275=ORIENTED_EDGE('',*,*,#8274,.F.);
#8276=ORIENTED_EDGE('',*,*,#8236,.T.);
#8278=ORIENTED_EDGE('',*,*,#8277,.T.);
#8280=ORIENTED_EDGE('',*,*,#8279,.F.);
#8281=ORIENTED_EDGE('',*,*,#8044,.F.);
#8282=ORIENTED_EDGE('',*,*,#8112,.F.);
#8284=ORIENTED_EDGE('',*,*,#8283,.T.);
#8286=ORIENTED_EDGE('',*,*,#8285,.T.);
#8287=ORIENTED_EDGE('',*,*,#8080,.F.);
#8288=EDGE_LOOP('',(#8269,#8271,#8273,#8275,#8276,#8278,#8280,#8281,#8282,#8284,
#8286,#8287));
#8289=FACE_OUTER_BOUND('',#8288,.F.);
#8291=ORIENTED_EDGE('',*,*,#8290,.F.);
#8293=ORIENTED_EDGE('',*,*,#8292,.F.);
#8295=ORIENTED_EDGE('',*,*,#8294,.F.);
#8297=ORIENTED_EDGE('',*,*,#8296,.F.);
#8298=EDGE_LOOP('',(#8291,#8293,#8295,#8297));
#8299=FACE_BOUND('',#8298,.F.);
#8300=ADVANCED_FACE('',(#8289,#8299),#8267,.T.);
#8301=FILL_AREA_STYLE_COLOUR('',#25);
#8302=FILL_AREA_STYLE('',(#8301));
#8303=SURFACE_STYLE_FILL_AREA(#8302);
#8304=SURFACE_SIDE_STYLE('',(#8303));
#8305=SURFACE_STYLE_USAGE(.POSITIVE.,#8304);
#8306=PRESENTATION_STYLE_ASSIGNMENT((#8305));
#8307=STYLED_ITEM('',(#8306),#8300);
#8308=CARTESIAN_POINT('',(3.2E0,1.6E0,5.1E0));
#8309=DIRECTION('',(0.E0,1.E0,0.E0));
#8310=DIRECTION('',(-1.E0,0.E0,0.E0));
#8311=AXIS2_PLACEMENT_3D('',#8308,#8309,#8310);
#8312=PLANE('',#8311);
#8313=ORIENTED_EDGE('',*,*,#8290,.T.);
#8315=ORIENTED_EDGE('',*,*,#8314,.F.);
#8317=ORIENTED_EDGE('',*,*,#8316,.F.);
#8319=ORIENTED_EDGE('',*,*,#8318,.T.);
#8320=EDGE_LOOP('',(#8313,#8315,#8317,#8319));
#8321=FACE_OUTER_BOUND('',#8320,.F.);
#8322=ADVANCED_FACE('',(#8321),#8312,.F.);
#8323=FILL_AREA_STYLE_COLOUR('',#25);
#8324=FILL_AREA_STYLE('',(#8323));
#8325=SURFACE_STYLE_FILL_AREA(#8324);
#8326=SURFACE_SIDE_STYLE('',(#8325));
#8327=SURFACE_STYLE_USAGE(.POSITIVE.,#8326);
#8328=PRESENTATION_STYLE_ASSIGNMENT((#8327));
#8329=STYLED_ITEM('',(#8328),#8322);
#8330=CARTESIAN_POINT('',(-3.2E0,1.6E0,5.1E0));
#8331=DIRECTION('',(-1.E0,0.E0,0.E0));
#8332=DIRECTION('',(0.E0,-1.E0,0.E0));
#8333=AXIS2_PLACEMENT_3D('',#8330,#8331,#8332);
#8334=PLANE('',#8333);
#8335=ORIENTED_EDGE('',*,*,#8296,.T.);
#8337=ORIENTED_EDGE('',*,*,#8336,.F.);
#8339=ORIENTED_EDGE('',*,*,#8338,.F.);
#8340=ORIENTED_EDGE('',*,*,#8314,.T.);
#8341=EDGE_LOOP('',(#8335,#8337,#8339,#8340));
#8342=FACE_OUTER_BOUND('',#8341,.F.);
#8343=ADVANCED_FACE('',(#8342),#8334,.F.);
#8344=FILL_AREA_STYLE_COLOUR('',#25);
#8345=FILL_AREA_STYLE('',(#8344));
#8346=SURFACE_STYLE_FILL_AREA(#8345);
#8347=SURFACE_SIDE_STYLE('',(#8346));
#8348=SURFACE_STYLE_USAGE(.POSITIVE.,#8347);
#8349=PRESENTATION_STYLE_ASSIGNMENT((#8348));
#8350=STYLED_ITEM('',(#8349),#8343);
#8351=CARTESIAN_POINT('',(-3.2E0,-1.6E0,5.1E0));
#8352=DIRECTION('',(0.E0,-1.E0,0.E0));
#8353=DIRECTION('',(1.E0,0.E0,0.E0));
#8354=AXIS2_PLACEMENT_3D('',#8351,#8352,#8353);
#8355=PLANE('',#8354);
#8356=ORIENTED_EDGE('',*,*,#8294,.T.);
#8358=ORIENTED_EDGE('',*,*,#8357,.F.);
#8360=ORIENTED_EDGE('',*,*,#8359,.F.);
#8361=ORIENTED_EDGE('',*,*,#8336,.T.);
#8362=EDGE_LOOP('',(#8356,#8358,#8360,#8361));
#8363=FACE_OUTER_BOUND('',#8362,.F.);
#8364=ADVANCED_FACE('',(#8363),#8355,.F.);
#8365=FILL_AREA_STYLE_COLOUR('',#25);
#8366=FILL_AREA_STYLE('',(#8365));
#8367=SURFACE_STYLE_FILL_AREA(#8366);
#8368=SURFACE_SIDE_STYLE('',(#8367));
#8369=SURFACE_STYLE_USAGE(.POSITIVE.,#8368);
#8370=PRESENTATION_STYLE_ASSIGNMENT((#8369));
#8371=STYLED_ITEM('',(#8370),#8364);
#8372=CARTESIAN_POINT('',(3.2E0,-1.6E0,5.1E0));
#8373=DIRECTION('',(1.E0,0.E0,0.E0));
#8374=DIRECTION('',(0.E0,1.E0,0.E0));
#8375=AXIS2_PLACEMENT_3D('',#8372,#8373,#8374);
#8376=PLANE('',#8375);
#8377=ORIENTED_EDGE('',*,*,#8292,.T.);
#8378=ORIENTED_EDGE('',*,*,#8318,.F.);
#8380=ORIENTED_EDGE('',*,*,#8379,.F.);
#8381=ORIENTED_EDGE('',*,*,#8357,.T.);
#8382=EDGE_LOOP('',(#8377,#8378,#8380,#8381));
#8383=FACE_OUTER_BOUND('',#8382,.F.);
#8384=ADVANCED_FACE('',(#8383),#8376,.F.);
#8385=FILL_AREA_STYLE_COLOUR('',#25);
#8386=FILL_AREA_STYLE('',(#8385));
#8387=SURFACE_STYLE_FILL_AREA(#8386);
#8388=SURFACE_SIDE_STYLE('',(#8387));
#8389=SURFACE_STYLE_USAGE(.POSITIVE.,#8388);
#8390=PRESENTATION_STYLE_ASSIGNMENT((#8389));
#8391=STYLED_ITEM('',(#8390),#8384);
#8392=CARTESIAN_POINT('',(-5.5E0,2.2E0,5.1E0));
#8393=DIRECTION('',(0.E0,0.E0,1.E0));
#8394=DIRECTION('',(0.E0,-1.E0,0.E0));
#8395=AXIS2_PLACEMENT_3D('',#8392,#8393,#8394);
#8396=PLANE('',#8395);
#8397=ORIENTED_EDGE('',*,*,#8172,.T.);
#8398=ORIENTED_EDGE('',*,*,#8197,.F.);
#8399=ORIENTED_EDGE('',*,*,#8248,.T.);
#8401=ORIENTED_EDGE('',*,*,#8400,.T.);
#8403=ORIENTED_EDGE('',*,*,#8402,.F.);
#8404=ORIENTED_EDGE('',*,*,#8219,.F.);
#8406=ORIENTED_EDGE('',*,*,#8405,.F.);
#8407=ORIENTED_EDGE('',*,*,#8153,.T.);
#8409=ORIENTED_EDGE('',*,*,#8408,.T.);
#8411=ORIENTED_EDGE('',*,*,#8410,.F.);
#8412=ORIENTED_EDGE('',*,*,#8100,.F.);
#8413=ORIENTED_EDGE('',*,*,#8131,.T.);
#8414=EDGE_LOOP('',(#8397,#8398,#8399,#8401,#8403,#8404,#8406,#8407,#8409,#8411,
#8412,#8413));
#8415=FACE_OUTER_BOUND('',#8414,.F.);
#8416=ORIENTED_EDGE('',*,*,#8316,.T.);
#8417=ORIENTED_EDGE('',*,*,#8338,.T.);
#8418=ORIENTED_EDGE('',*,*,#8359,.T.);
#8419=ORIENTED_EDGE('',*,*,#8379,.T.);
#8420=EDGE_LOOP('',(#8416,#8417,#8418,#8419));
#8421=FACE_BOUND('',#8420,.F.);
#8422=ADVANCED_FACE('',(#8415,#8421),#8396,.T.);
#8423=FILL_AREA_STYLE_COLOUR('',#25);
#8424=FILL_AREA_STYLE('',(#8423));
#8425=SURFACE_STYLE_FILL_AREA(#8424);
#8426=SURFACE_SIDE_STYLE('',(#8425));
#8427=SURFACE_STYLE_USAGE(.POSITIVE.,#8426);
#8428=PRESENTATION_STYLE_ASSIGNMENT((#8427));
#8429=STYLED_ITEM('',(#8428),#8422);
#8430=CARTESIAN_POINT('',(5.51E0,2.25E0,4.56E0));
#8431=DIRECTION('',(0.E0,1.E0,0.E0));
#8432=DIRECTION('',(-1.E0,0.E0,0.E0));
#8433=AXIS2_PLACEMENT_3D('',#8430,#8431,#8432);
#8434=CYLINDRICAL_SURFACE('',#8433,5.4E-1);
#8435=ORIENTED_EDGE('',*,*,#8246,.T.);
#8437=ORIENTED_EDGE('',*,*,#8436,.T.);
#8439=ORIENTED_EDGE('',*,*,#8438,.F.);
#8440=ORIENTED_EDGE('',*,*,#8400,.F.);
#8441=EDGE_LOOP('',(#8435,#8437,#8439,#8440));
#8442=FACE_OUTER_BOUND('',#8441,.F.);
#8443=ADVANCED_FACE('',(#8442),#8434,.T.);
#8444=FILL_AREA_STYLE_COLOUR('',#25);
#8445=FILL_AREA_STYLE('',(#8444));
#8446=SURFACE_STYLE_FILL_AREA(#8445);
#8447=SURFACE_SIDE_STYLE('',(#8446));
#8448=SURFACE_STYLE_USAGE(.POSITIVE.,#8447);
#8449=PRESENTATION_STYLE_ASSIGNMENT((#8448));
#8450=STYLED_ITEM('',(#8449),#8443);
#8451=CARTESIAN_POINT('',(6.05E0,2.25E0,4.56E0));
#8452=DIRECTION('',(-1.E0,0.E0,0.E0));
#8453=DIRECTION('',(0.E0,0.E0,-1.E0));
#8454=AXIS2_PLACEMENT_3D('',#8451,#8452,#8453);
#8455=PLANE('',#8454);
#8457=ORIENTED_EDGE('',*,*,#8456,.T.);
#8459=ORIENTED_EDGE('',*,*,#8458,.F.);
#8461=ORIENTED_EDGE('',*,*,#8460,.T.);
#8463=ORIENTED_EDGE('',*,*,#8462,.F.);
#8465=ORIENTED_EDGE('',*,*,#8464,.T.);
#8467=ORIENTED_EDGE('',*,*,#8466,.T.);
#8469=ORIENTED_EDGE('',*,*,#8468,.F.);
#8470=ORIENTED_EDGE('',*,*,#8436,.F.);
#8471=ORIENTED_EDGE('',*,*,#8244,.T.);
#8473=ORIENTED_EDGE('',*,*,#8472,.T.);
#8474=EDGE_LOOP('',(#8457,#8459,#8461,#8463,#8465,#8467,#8469,#8470,#8471,
#8473));
#8475=FACE_OUTER_BOUND('',#8474,.F.);
#8476=ADVANCED_FACE('',(#8475),#8455,.F.);
#8477=FILL_AREA_STYLE_COLOUR('',#25);
#8478=FILL_AREA_STYLE('',(#8477));
#8479=SURFACE_STYLE_FILL_AREA(#8478);
#8480=SURFACE_SIDE_STYLE('',(#8479));
#8481=SURFACE_STYLE_USAGE(.POSITIVE.,#8480);
#8482=PRESENTATION_STYLE_ASSIGNMENT((#8481));
#8483=STYLED_ITEM('',(#8482),#8476);
#8484=CARTESIAN_POINT('',(6.05E0,7.5E-1,-1.9E0));
#8485=DIRECTION('',(0.E0,-1.E0,0.E0));
#8486=DIRECTION('',(0.E0,0.E0,-1.E0));
#8487=AXIS2_PLACEMENT_3D('',#8484,#8485,#8486);
#8488=PLANE('',#8487);
#8489=ORIENTED_EDGE('',*,*,#8456,.F.);
#8491=ORIENTED_EDGE('',*,*,#8490,.T.);
#8493=ORIENTED_EDGE('',*,*,#8492,.T.);
#8495=ORIENTED_EDGE('',*,*,#8494,.T.);
#8496=EDGE_LOOP('',(#8489,#8491,#8493,#8495));
#8497=FACE_OUTER_BOUND('',#8496,.F.);
#8498=ADVANCED_FACE('',(#8497),#8488,.F.);
#8499=FILL_AREA_STYLE_COLOUR('',#25);
#8500=FILL_AREA_STYLE('',(#8499));
#8501=SURFACE_STYLE_FILL_AREA(#8500);
#8502=SURFACE_SIDE_STYLE('',(#8501));
#8503=SURFACE_STYLE_USAGE(.POSITIVE.,#8502);
#8504=PRESENTATION_STYLE_ASSIGNMENT((#8503));
#8505=STYLED_ITEM('',(#8504),#8498);
#8506=CARTESIAN_POINT('',(6.05E0,2.25E0,-1.9E0));
#8507=DIRECTION('',(0.E0,0.E0,1.E0));
#8508=DIRECTION('',(-1.E0,0.E0,0.E0));
#8509=AXIS2_PLACEMENT_3D('',#8506,#8507,#8508);
#8510=PLANE('',#8509);
#8511=ORIENTED_EDGE('',*,*,#8490,.F.);
#8512=ORIENTED_EDGE('',*,*,#8472,.F.);
#8513=ORIENTED_EDGE('',*,*,#8242,.T.);
#8515=ORIENTED_EDGE('',*,*,#8514,.T.);
#8516=EDGE_LOOP('',(#8511,#8512,#8513,#8515));
#8517=FACE_OUTER_BOUND('',#8516,.F.);
#8518=ADVANCED_FACE('',(#8517),#8510,.F.);
#8519=FILL_AREA_STYLE_COLOUR('',#25);
#8520=FILL_AREA_STYLE('',(#8519));
#8521=SURFACE_STYLE_FILL_AREA(#8520);
#8522=SURFACE_SIDE_STYLE('',(#8521));
#8523=SURFACE_STYLE_USAGE(.POSITIVE.,#8522);
#8524=PRESENTATION_STYLE_ASSIGNMENT((#8523));
#8525=STYLED_ITEM('',(#8524),#8518);
#8526=CARTESIAN_POINT('',(6.05E0,2.25E0,-1.9E0));
#8527=DIRECTION('',(0.E0,0.E0,1.E0));
#8528=DIRECTION('',(-1.E0,0.E0,0.E0));
#8529=AXIS2_PLACEMENT_3D('',#8526,#8527,#8528);
#8530=PLANE('',#8529);
#8532=ORIENTED_EDGE('',*,*,#8531,.T.);
#8534=ORIENTED_EDGE('',*,*,#8533,.T.);
#8536=ORIENTED_EDGE('',*,*,#8535,.F.);
#8537=ORIENTED_EDGE('',*,*,#8466,.F.);
#8538=EDGE_LOOP('',(#8532,#8534,#8536,#8537));
#8539=FACE_OUTER_BOUND('',#8538,.F.);
#8540=ADVANCED_FACE('',(#8539),#8530,.F.);
#8541=FILL_AREA_STYLE_COLOUR('',#25);
#8542=FILL_AREA_STYLE('',(#8541));
#8543=SURFACE_STYLE_FILL_AREA(#8542);
#8544=SURFACE_SIDE_STYLE('',(#8543));
#8545=SURFACE_STYLE_USAGE(.POSITIVE.,#8544);
#8546=PRESENTATION_STYLE_ASSIGNMENT((#8545));
#8547=STYLED_ITEM('',(#8546),#8540);
#8548=CARTESIAN_POINT('',(5.55E0,2.25E0,-1.9E0));
#8549=DIRECTION('',(1.E0,0.E0,0.E0));
#8550=DIRECTION('',(0.E0,0.E0,1.E0));
#8551=AXIS2_PLACEMENT_3D('',#8548,#8549,#8550);
#8552=PLANE('',#8551);
#8553=ORIENTED_EDGE('',*,*,#8492,.F.);
#8554=ORIENTED_EDGE('',*,*,#8514,.F.);
#8555=ORIENTED_EDGE('',*,*,#8240,.T.);
#8557=ORIENTED_EDGE('',*,*,#8556,.T.);
#8559=ORIENTED_EDGE('',*,*,#8558,.F.);
#8560=ORIENTED_EDGE('',*,*,#8533,.F.);
#8562=ORIENTED_EDGE('',*,*,#8561,.F.);
#8564=ORIENTED_EDGE('',*,*,#8563,.F.);
#8566=ORIENTED_EDGE('',*,*,#8565,.F.);
#8568=ORIENTED_EDGE('',*,*,#8567,.F.);
#8569=EDGE_LOOP('',(#8553,#8554,#8555,#8557,#8559,#8560,#8562,#8564,#8566,
#8568));
#8570=FACE_OUTER_BOUND('',#8569,.F.);
#8571=ADVANCED_FACE('',(#8570),#8552,.F.);
#8572=FILL_AREA_STYLE_COLOUR('',#25);
#8573=FILL_AREA_STYLE('',(#8572));
#8574=SURFACE_STYLE_FILL_AREA(#8573);
#8575=SURFACE_SIDE_STYLE('',(#8574));
#8576=SURFACE_STYLE_USAGE(.POSITIVE.,#8575);
#8577=PRESENTATION_STYLE_ASSIGNMENT((#8576));
#8578=STYLED_ITEM('',(#8577),#8571);
#8579=CARTESIAN_POINT('',(5.51E0,2.25E0,4.56E0));
#8580=DIRECTION('',(0.E0,1.E0,0.E0));
#8581=DIRECTION('',(-1.E0,0.E0,0.E0));
#8582=AXIS2_PLACEMENT_3D('',#8579,#8580,#8581);
#8583=CYLINDRICAL_SURFACE('',#8582,4.E-2);
#8584=ORIENTED_EDGE('',*,*,#8238,.T.);
#8585=ORIENTED_EDGE('',*,*,#8274,.T.);
#8587=ORIENTED_EDGE('',*,*,#8586,.F.);
#8588=ORIENTED_EDGE('',*,*,#8556,.F.);
#8589=EDGE_LOOP('',(#8584,#8585,#8587,#8588));
#8590=FACE_OUTER_BOUND('',#8589,.F.);
#8591=ADVANCED_FACE('',(#8590),#8583,.F.);
#8592=FILL_AREA_STYLE_COLOUR('',#25);
#8593=FILL_AREA_STYLE('',(#8592));
#8594=SURFACE_STYLE_FILL_AREA(#8593);
#8595=SURFACE_SIDE_STYLE('',(#8594));
#8596=SURFACE_STYLE_USAGE(.POSITIVE.,#8595);
#8597=PRESENTATION_STYLE_ASSIGNMENT((#8596));
#8598=STYLED_ITEM('',(#8597),#8591);
#8599=CARTESIAN_POINT('',(0.E0,-2.25E0,0.E0));
#8600=DIRECTION('',(0.E0,1.E0,0.E0));
#8601=DIRECTION('',(-1.E0,0.E0,0.E0));
#8602=AXIS2_PLACEMENT_3D('',#8599,#8600,#8601);
#8603=PLANE('',#8602);
#8604=ORIENTED_EDGE('',*,*,#8272,.T.);
#8606=ORIENTED_EDGE('',*,*,#8605,.T.);
#8607=ORIENTED_EDGE('',*,*,#8215,.T.);
#8608=ORIENTED_EDGE('',*,*,#8402,.T.);
#8609=ORIENTED_EDGE('',*,*,#8438,.T.);
#8610=ORIENTED_EDGE('',*,*,#8468,.T.);
#8611=ORIENTED_EDGE('',*,*,#8535,.T.);
#8612=ORIENTED_EDGE('',*,*,#8558,.T.);
#8613=ORIENTED_EDGE('',*,*,#8586,.T.);
#8614=EDGE_LOOP('',(#8604,#8606,#8607,#8608,#8609,#8610,#8611,#8612,#8613));
#8615=FACE_OUTER_BOUND('',#8614,.F.);
#8616=ADVANCED_FACE('',(#8615),#8603,.F.);
#8617=FILL_AREA_STYLE_COLOUR('',#25);
#8618=FILL_AREA_STYLE('',(#8617));
#8619=SURFACE_STYLE_FILL_AREA(#8618);
#8620=SURFACE_SIDE_STYLE('',(#8619));
#8621=SURFACE_STYLE_USAGE(.POSITIVE.,#8620);
#8622=PRESENTATION_STYLE_ASSIGNMENT((#8621));
#8623=STYLED_ITEM('',(#8622),#8616);
#8624=CARTESIAN_POINT('',(5.5E0,0.E0,0.E0));
#8625=DIRECTION('',(1.E0,0.E0,0.E0));
#8626=DIRECTION('',(0.E0,1.E0,0.E0));
#8627=AXIS2_PLACEMENT_3D('',#8624,#8625,#8626);
#8628=PLANE('',#8627);
#8629=ORIENTED_EDGE('',*,*,#8251,.T.);
#8630=ORIENTED_EDGE('',*,*,#8178,.F.);
#8632=ORIENTED_EDGE('',*,*,#8631,.F.);
#8634=ORIENTED_EDGE('',*,*,#8633,.F.);
#8636=ORIENTED_EDGE('',*,*,#8635,.F.);
#8638=ORIENTED_EDGE('',*,*,#8637,.F.);
#8639=ORIENTED_EDGE('',*,*,#8277,.F.);
#8640=EDGE_LOOP('',(#8629,#8630,#8632,#8634,#8636,#8638,#8639));
#8641=FACE_OUTER_BOUND('',#8640,.F.);
#8642=ADVANCED_FACE('',(#8641),#8628,.T.);
#8643=FILL_AREA_STYLE_COLOUR('',#25);
#8644=FILL_AREA_STYLE('',(#8643));
#8645=SURFACE_STYLE_FILL_AREA(#8644);
#8646=SURFACE_SIDE_STYLE('',(#8645));
#8647=SURFACE_STYLE_USAGE(.POSITIVE.,#8646);
#8648=PRESENTATION_STYLE_ASSIGNMENT((#8647));
#8649=STYLED_ITEM('',(#8648),#8642);
#8650=CARTESIAN_POINT('',(5.5E0,0.E0,0.E0));
#8651=DIRECTION('',(1.E0,0.E0,0.E0));
#8652=DIRECTION('',(0.E0,1.E0,0.E0));
#8653=AXIS2_PLACEMENT_3D('',#8650,#8651,#8652);
#8654=PLANE('',#8653);
#8655=ORIENTED_EDGE('',*,*,#8605,.F.);
#8656=ORIENTED_EDGE('',*,*,#8270,.F.);
#8658=ORIENTED_EDGE('',*,*,#8657,.F.);
#8659=ORIENTED_EDGE('',*,*,#7736,.F.);
#8660=ORIENTED_EDGE('',*,*,#7985,.F.);
#8661=ORIENTED_EDGE('',*,*,#7650,.F.);
#8663=ORIENTED_EDGE('',*,*,#8662,.F.);
#8664=EDGE_LOOP('',(#8655,#8656,#8658,#8659,#8660,#8661,#8663));
#8665=FACE_OUTER_BOUND('',#8664,.F.);
#8666=ADVANCED_FACE('',(#8665),#8654,.T.);
#8667=FILL_AREA_STYLE_COLOUR('',#25);
#8668=FILL_AREA_STYLE('',(#8667));
#8669=SURFACE_STYLE_FILL_AREA(#8668);
#8670=SURFACE_SIDE_STYLE('',(#8669));
#8671=SURFACE_STYLE_USAGE(.POSITIVE.,#8670);
#8672=PRESENTATION_STYLE_ASSIGNMENT((#8671));
#8673=STYLED_ITEM('',(#8672),#8666);
#8674=CARTESIAN_POINT('',(-5.5E0,2.8E0,1.05E0));
#8675=DIRECTION('',(0.E0,1.E0,0.E0));
#8676=DIRECTION('',(0.E0,0.E0,1.E0));
#8677=AXIS2_PLACEMENT_3D('',#8674,#8675,#8676);
#8678=PLANE('',#8677);
#8680=ORIENTED_EDGE('',*,*,#8679,.F.);
#8682=ORIENTED_EDGE('',*,*,#8681,.T.);
#8684=ORIENTED_EDGE('',*,*,#8683,.T.);
#8686=ORIENTED_EDGE('',*,*,#8685,.F.);
#8688=ORIENTED_EDGE('',*,*,#8687,.T.);
#8690=ORIENTED_EDGE('',*,*,#8689,.T.);
#8692=ORIENTED_EDGE('',*,*,#8691,.F.);
#8694=ORIENTED_EDGE('',*,*,#8693,.F.);
#8696=ORIENTED_EDGE('',*,*,#8695,.F.);
#8698=ORIENTED_EDGE('',*,*,#8697,.F.);
#8700=ORIENTED_EDGE('',*,*,#8699,.F.);
#8702=ORIENTED_EDGE('',*,*,#8701,.F.);
#8704=ORIENTED_EDGE('',*,*,#8703,.T.);
#8705=ORIENTED_EDGE('',*,*,#8631,.T.);
#8706=ORIENTED_EDGE('',*,*,#8176,.F.);
#8707=ORIENTED_EDGE('',*,*,#8052,.F.);
#8709=ORIENTED_EDGE('',*,*,#8708,.T.);
#8711=ORIENTED_EDGE('',*,*,#8710,.T.);
#8712=EDGE_LOOP('',(#8680,#8682,#8684,#8686,#8688,#8690,#8692,#8694,#8696,#8698,
#8700,#8702,#8704,#8705,#8706,#8707,#8709,#8711));
#8713=FACE_OUTER_BOUND('',#8712,.F.);
#8714=ADVANCED_FACE('',(#8713),#8678,.T.);
#8715=FILL_AREA_STYLE_COLOUR('',#25);
#8716=FILL_AREA_STYLE('',(#8715));
#8717=SURFACE_STYLE_FILL_AREA(#8716);
#8718=SURFACE_SIDE_STYLE('',(#8717));
#8719=SURFACE_STYLE_USAGE(.POSITIVE.,#8718);
#8720=PRESENTATION_STYLE_ASSIGNMENT((#8719));
#8721=STYLED_ITEM('',(#8720),#8714);
#8722=CARTESIAN_POINT('',(-3.2884E0,-1.010016E1,3.088E-1));
#8723=DIRECTION('',(0.E0,1.E0,0.E0));
#8724=DIRECTION('',(0.E0,0.E0,-1.E0));
#8725=AXIS2_PLACEMENT_3D('',#8722,#8723,#8724);
#8726=CYLINDRICAL_SURFACE('',#8725,1.65E-1);
#8727=ORIENTED_EDGE('',*,*,#8679,.T.);
#8729=ORIENTED_EDGE('',*,*,#8728,.F.);
#8731=ORIENTED_EDGE('',*,*,#8730,.T.);
#8733=ORIENTED_EDGE('',*,*,#8732,.T.);
#8734=EDGE_LOOP('',(#8727,#8729,#8731,#8733));
#8735=FACE_OUTER_BOUND('',#8734,.F.);
#8736=ADVANCED_FACE('',(#8735),#8726,.T.);
#8737=FILL_AREA_STYLE_COLOUR('',#25);
#8738=FILL_AREA_STYLE('',(#8737));
#8739=SURFACE_STYLE_FILL_AREA(#8738);
#8740=SURFACE_SIDE_STYLE('',(#8739));
#8741=SURFACE_STYLE_USAGE(.POSITIVE.,#8740);
#8742=PRESENTATION_STYLE_ASSIGNMENT((#8741));
#8743=STYLED_ITEM('',(#8742),#8736);
#8744=CARTESIAN_POINT('',(-3.4534E0,2.8E0,1.05E0));
#8745=DIRECTION('',(1.E0,0.E0,0.E0));
#8746=DIRECTION('',(0.E0,0.E0,-1.E0));
#8747=AXIS2_PLACEMENT_3D('',#8744,#8745,#8746);
#8748=PLANE('',#8747);
#8749=ORIENTED_EDGE('',*,*,#8728,.T.);
#8750=ORIENTED_EDGE('',*,*,#8710,.F.);
#8752=ORIENTED_EDGE('',*,*,#8751,.F.);
#8754=ORIENTED_EDGE('',*,*,#8753,.T.);
#8755=EDGE_LOOP('',(#8749,#8750,#8752,#8754));
#8756=FACE_OUTER_BOUND('',#8755,.F.);
#8757=ADVANCED_FACE('',(#8756),#8748,.F.);
#8758=FILL_AREA_STYLE_COLOUR('',#25);
#8759=FILL_AREA_STYLE('',(#8758));
#8760=SURFACE_STYLE_FILL_AREA(#8759);
#8761=SURFACE_SIDE_STYLE('',(#8760));
#8762=SURFACE_STYLE_USAGE(.POSITIVE.,#8761);
#8763=PRESENTATION_STYLE_ASSIGNMENT((#8762));
#8764=STYLED_ITEM('',(#8763),#8757);
#8765=CARTESIAN_POINT('',(-5.5E0,2.3E0,1.05E0));
#8766=DIRECTION('',(0.E0,0.E0,-1.E0));
#8767=DIRECTION('',(0.E0,1.E0,0.E0));
#8768=AXIS2_PLACEMENT_3D('',#8765,#8766,#8767);
#8769=PLANE('',#8768);
#8770=ORIENTED_EDGE('',*,*,#8751,.T.);
#8771=ORIENTED_EDGE('',*,*,#8708,.F.);
#8772=ORIENTED_EDGE('',*,*,#8050,.F.);
#8774=ORIENTED_EDGE('',*,*,#8773,.T.);
#8775=EDGE_LOOP('',(#8770,#8771,#8772,#8774));
#8776=FACE_OUTER_BOUND('',#8775,.F.);
#8777=ADVANCED_FACE('',(#8776),#8769,.T.);
#8778=FILL_AREA_STYLE_COLOUR('',#25);
#8779=FILL_AREA_STYLE('',(#8778));
#8780=SURFACE_STYLE_FILL_AREA(#8779);
#8781=SURFACE_SIDE_STYLE('',(#8780));
#8782=SURFACE_STYLE_USAGE(.POSITIVE.,#8781);
#8783=PRESENTATION_STYLE_ASSIGNMENT((#8782));
#8784=STYLED_ITEM('',(#8783),#8777);
#8785=CARTESIAN_POINT('',(-5.5E0,2.3E0,1.05E0));
#8786=DIRECTION('',(0.E0,0.E0,-1.E0));
#8787=DIRECTION('',(0.E0,1.E0,0.E0));
#8788=AXIS2_PLACEMENT_3D('',#8785,#8786,#8787);
#8789=PLANE('',#8788);
#8791=ORIENTED_EDGE('',*,*,#8790,.F.);
#8793=ORIENTED_EDGE('',*,*,#8792,.T.);
#8794=ORIENTED_EDGE('',*,*,#8633,.T.);
#8795=ORIENTED_EDGE('',*,*,#8703,.F.);
#8796=EDGE_LOOP('',(#8791,#8793,#8794,#8795));
#8797=FACE_OUTER_BOUND('',#8796,.F.);
#8798=ADVANCED_FACE('',(#8797),#8789,.T.);
#8799=FILL_AREA_STYLE_COLOUR('',#25);
#8800=FILL_AREA_STYLE('',(#8799));
#8801=SURFACE_STYLE_FILL_AREA(#8800);
#8802=SURFACE_SIDE_STYLE('',(#8801));
#8803=SURFACE_STYLE_USAGE(.POSITIVE.,#8802);
#8804=PRESENTATION_STYLE_ASSIGNMENT((#8803));
#8805=STYLED_ITEM('',(#8804),#8798);
#8806=CARTESIAN_POINT('',(-5.5E0,2.3E0,1.05E0));
#8807=DIRECTION('',(0.E0,0.E0,-1.E0));
#8808=DIRECTION('',(0.E0,1.E0,0.E0));
#8809=AXIS2_PLACEMENT_3D('',#8806,#8807,#8808);
#8810=PLANE('',#8809);
#8812=ORIENTED_EDGE('',*,*,#8811,.T.);
#8813=ORIENTED_EDGE('',*,*,#8689,.F.);
#8815=ORIENTED_EDGE('',*,*,#8814,.F.);
#8817=ORIENTED_EDGE('',*,*,#8816,.T.);
#8818=EDGE_LOOP('',(#8812,#8813,#8815,#8817));
#8819=FACE_OUTER_BOUND('',#8818,.F.);
#8820=ADVANCED_FACE('',(#8819),#8810,.T.);
#8821=FILL_AREA_STYLE_COLOUR('',#25);
#8822=FILL_AREA_STYLE('',(#8821));
#8823=SURFACE_STYLE_FILL_AREA(#8822);
#8824=SURFACE_SIDE_STYLE('',(#8823));
#8825=SURFACE_STYLE_USAGE(.POSITIVE.,#8824);
#8826=PRESENTATION_STYLE_ASSIGNMENT((#8825));
#8827=STYLED_ITEM('',(#8826),#8820);
#8828=CARTESIAN_POINT('',(-5.5E0,2.3E0,4.5E0));
#8829=DIRECTION('',(0.E0,-1.E0,0.E0));
#8830=DIRECTION('',(0.E0,0.E0,-1.E0));
#8831=AXIS2_PLACEMENT_3D('',#8828,#8829,#8830);
#8832=PLANE('',#8831);
#8833=ORIENTED_EDGE('',*,*,#8730,.F.);
#8834=ORIENTED_EDGE('',*,*,#8753,.F.);
#8835=ORIENTED_EDGE('',*,*,#8773,.F.);
#8836=ORIENTED_EDGE('',*,*,#8048,.F.);
#8838=ORIENTED_EDGE('',*,*,#8837,.T.);
#8839=ORIENTED_EDGE('',*,*,#8635,.T.);
#8840=ORIENTED_EDGE('',*,*,#8792,.F.);
#8842=ORIENTED_EDGE('',*,*,#8841,.T.);
#8844=ORIENTED_EDGE('',*,*,#8843,.F.);
#8846=ORIENTED_EDGE('',*,*,#8845,.T.);
#8848=ORIENTED_EDGE('',*,*,#8847,.T.);
#8850=ORIENTED_EDGE('',*,*,#8849,.T.);
#8852=ORIENTED_EDGE('',*,*,#8851,.T.);
#8853=ORIENTED_EDGE('',*,*,#8816,.F.);
#8855=ORIENTED_EDGE('',*,*,#8854,.F.);
#8857=ORIENTED_EDGE('',*,*,#8856,.F.);
#8859=ORIENTED_EDGE('',*,*,#8858,.F.);
#8861=ORIENTED_EDGE('',*,*,#8860,.F.);
#8862=EDGE_LOOP('',(#8833,#8834,#8835,#8836,#8838,#8839,#8840,#8842,#8844,#8846,
#8848,#8850,#8852,#8853,#8855,#8857,#8859,#8861));
#8863=FACE_OUTER_BOUND('',#8862,.F.);
#8864=ADVANCED_FACE('',(#8863),#8832,.T.);
#8865=FILL_AREA_STYLE_COLOUR('',#25);
#8866=FILL_AREA_STYLE('',(#8865));
#8867=SURFACE_STYLE_FILL_AREA(#8866);
#8868=SURFACE_SIDE_STYLE('',(#8867));
#8869=SURFACE_STYLE_USAGE(.POSITIVE.,#8868);
#8870=PRESENTATION_STYLE_ASSIGNMENT((#8869));
#8871=STYLED_ITEM('',(#8870),#8864);
#8872=CARTESIAN_POINT('',(-5.5E0,2.2E0,4.5E0));
#8873=DIRECTION('',(1.E0,0.E0,0.E0));
#8874=DIRECTION('',(0.E0,1.E0,0.E0));
#8875=AXIS2_PLACEMENT_3D('',#8872,#8873,#8874);
#8876=CYLINDRICAL_SURFACE('',#8875,1.E-1);
#8877=ORIENTED_EDGE('',*,*,#8637,.T.);
#8878=ORIENTED_EDGE('',*,*,#8837,.F.);
#8879=ORIENTED_EDGE('',*,*,#8046,.F.);
#8880=ORIENTED_EDGE('',*,*,#8279,.T.);
#8881=EDGE_LOOP('',(#8877,#8878,#8879,#8880));
#8882=FACE_OUTER_BOUND('',#8881,.F.);
#8883=ADVANCED_FACE('',(#8882),#8876,.F.);
#8884=FILL_AREA_STYLE_COLOUR('',#25);
#8885=FILL_AREA_STYLE('',(#8884));
#8886=SURFACE_STYLE_FILL_AREA(#8885);
#8887=SURFACE_SIDE_STYLE('',(#8886));
#8888=SURFACE_STYLE_USAGE(.POSITIVE.,#8887);
#8889=PRESENTATION_STYLE_ASSIGNMENT((#8888));
#8890=STYLED_ITEM('',(#8889),#8883);
#8891=CARTESIAN_POINT('',(3.4534E0,2.8E0,1.05E0));
#8892=DIRECTION('',(1.E0,0.E0,0.E0));
#8893=DIRECTION('',(0.E0,0.E0,-1.E0));
#8894=AXIS2_PLACEMENT_3D('',#8891,#8892,#8893);
#8895=PLANE('',#8894);
#8897=ORIENTED_EDGE('',*,*,#8896,.T.);
#8898=ORIENTED_EDGE('',*,*,#8841,.F.);
#8899=ORIENTED_EDGE('',*,*,#8790,.T.);
#8900=ORIENTED_EDGE('',*,*,#8701,.T.);
#8901=EDGE_LOOP('',(#8897,#8898,#8899,#8900));
#8902=FACE_OUTER_BOUND('',#8901,.F.);
#8903=ADVANCED_FACE('',(#8902),#8895,.T.);
#8904=FILL_AREA_STYLE_COLOUR('',#25);
#8905=FILL_AREA_STYLE('',(#8904));
#8906=SURFACE_STYLE_FILL_AREA(#8905);
#8907=SURFACE_SIDE_STYLE('',(#8906));
#8908=SURFACE_STYLE_USAGE(.POSITIVE.,#8907);
#8909=PRESENTATION_STYLE_ASSIGNMENT((#8908));
#8910=STYLED_ITEM('',(#8909),#8903);
#8911=CARTESIAN_POINT('',(3.2884E0,1.010016E1,3.088E-1));
#8912=DIRECTION('',(0.E0,-1.E0,0.E0));
#8913=DIRECTION('',(0.E0,0.E0,-1.E0));
#8914=AXIS2_PLACEMENT_3D('',#8911,#8912,#8913);
#8915=CYLINDRICAL_SURFACE('',#8914,1.65E-1);
#8916=ORIENTED_EDGE('',*,*,#8843,.T.);
#8917=ORIENTED_EDGE('',*,*,#8896,.F.);
#8918=ORIENTED_EDGE('',*,*,#8699,.T.);
#8920=ORIENTED_EDGE('',*,*,#8919,.T.);
#8921=EDGE_LOOP('',(#8916,#8917,#8918,#8920));
#8922=FACE_OUTER_BOUND('',#8921,.F.);
#8923=ADVANCED_FACE('',(#8922),#8915,.T.);
#8924=FILL_AREA_STYLE_COLOUR('',#25);
#8925=FILL_AREA_STYLE('',(#8924));
#8926=SURFACE_STYLE_FILL_AREA(#8925);
#8927=SURFACE_SIDE_STYLE('',(#8926));
#8928=SURFACE_STYLE_USAGE(.POSITIVE.,#8927);
#8929=PRESENTATION_STYLE_ASSIGNMENT((#8928));
#8930=STYLED_ITEM('',(#8929),#8923);
#8931=CARTESIAN_POINT('',(3.4534E0,2.8E0,1.438E-1));
#8932=DIRECTION('',(0.E0,0.E0,-1.E0));
#8933=DIRECTION('',(-1.E0,0.E0,0.E0));
#8934=AXIS2_PLACEMENT_3D('',#8931,#8932,#8933);
#8935=PLANE('',#8934);
#8936=ORIENTED_EDGE('',*,*,#8919,.F.);
#8937=ORIENTED_EDGE('',*,*,#8697,.T.);
#8939=ORIENTED_EDGE('',*,*,#8938,.T.);
#8940=ORIENTED_EDGE('',*,*,#8845,.F.);
#8941=EDGE_LOOP('',(#8936,#8937,#8939,#8940));
#8942=FACE_OUTER_BOUND('',#8941,.F.);
#8943=ADVANCED_FACE('',(#8942),#8935,.T.);
#8944=FILL_AREA_STYLE_COLOUR('',#25);
#8945=FILL_AREA_STYLE('',(#8944));
#8946=SURFACE_STYLE_FILL_AREA(#8945);
#8947=SURFACE_SIDE_STYLE('',(#8946));
#8948=SURFACE_STYLE_USAGE(.POSITIVE.,#8947);
#8949=PRESENTATION_STYLE_ASSIGNMENT((#8948));
#8950=STYLED_ITEM('',(#8949),#8943);
#8951=CARTESIAN_POINT('',(2.2312E0,2.8E0,1.438E-1));
#8952=DIRECTION('',(1.E0,0.E0,0.E0));
#8953=DIRECTION('',(0.E0,0.E0,-1.E0));
#8954=AXIS2_PLACEMENT_3D('',#8951,#8952,#8953);
#8955=PLANE('',#8954);
#8957=ORIENTED_EDGE('',*,*,#8956,.T.);
#8959=ORIENTED_EDGE('',*,*,#8958,.F.);
#8960=ORIENTED_EDGE('',*,*,#8847,.F.);
#8961=ORIENTED_EDGE('',*,*,#8938,.F.);
#8962=ORIENTED_EDGE('',*,*,#8695,.T.);
#8964=ORIENTED_EDGE('',*,*,#8963,.F.);
#8966=ORIENTED_EDGE('',*,*,#8965,.T.);
#8967=EDGE_LOOP('',(#8957,#8959,#8960,#8961,#8962,#8964,#8966));
#8968=FACE_OUTER_BOUND('',#8967,.F.);
#8969=ADVANCED_FACE('',(#8968),#8955,.T.);
#8970=FILL_AREA_STYLE_COLOUR('',#25);
#8971=FILL_AREA_STYLE('',(#8970));
#8972=SURFACE_STYLE_FILL_AREA(#8971);
#8973=SURFACE_SIDE_STYLE('',(#8972));
#8974=SURFACE_STYLE_USAGE(.POSITIVE.,#8973);
#8975=PRESENTATION_STYLE_ASSIGNMENT((#8974));
#8976=STYLED_ITEM('',(#8975),#8969);
#8977=CARTESIAN_POINT('',(2.0312E0,1.4813E0,-7.91534E0));
#8978=DIRECTION('',(0.E0,0.E0,1.E0));
#8979=DIRECTION('',(0.E0,-1.E0,0.E0));
#8980=AXIS2_PLACEMENT_3D('',#8977,#8978,#8979);
#8981=CYLINDRICAL_SURFACE('',#8980,2.E-1);
#8983=ORIENTED_EDGE('',*,*,#8982,.T.);
#8984=ORIENTED_EDGE('',*,*,#8956,.F.);
#8986=ORIENTED_EDGE('',*,*,#8985,.T.);
#8988=ORIENTED_EDGE('',*,*,#8987,.T.);
#8989=EDGE_LOOP('',(#8983,#8984,#8986,#8988));
#8990=FACE_OUTER_BOUND('',#8989,.F.);
#8991=ADVANCED_FACE('',(#8990),#8981,.T.);
#8992=FILL_AREA_STYLE_COLOUR('',#25);
#8993=FILL_AREA_STYLE('',(#8992));
#8994=SURFACE_STYLE_FILL_AREA(#8993);
#8995=SURFACE_SIDE_STYLE('',(#8994));
#8996=SURFACE_STYLE_USAGE(.POSITIVE.,#8995);
#8997=PRESENTATION_STYLE_ASSIGNMENT((#8996));
#8998=STYLED_ITEM('',(#8997),#8991);
#8999=CARTESIAN_POINT('',(5.5E0,2.8E0,-5.E-2));
#9000=DIRECTION('',(0.E0,0.E0,-1.E0));
#9001=DIRECTION('',(-1.E0,0.E0,0.E0));
#9002=AXIS2_PLACEMENT_3D('',#8999,#9000,#9001);
#9003=PLANE('',#9002);
#9004=ORIENTED_EDGE('',*,*,#8982,.F.);
#9006=ORIENTED_EDGE('',*,*,#9005,.T.);
#9008=ORIENTED_EDGE('',*,*,#9007,.F.);
#9010=ORIENTED_EDGE('',*,*,#9009,.T.);
#9011=ORIENTED_EDGE('',*,*,#8849,.F.);
#9012=ORIENTED_EDGE('',*,*,#8958,.T.);
#9013=EDGE_LOOP('',(#9004,#9006,#9008,#9010,#9011,#9012));
#9014=FACE_OUTER_BOUND('',#9013,.F.);
#9015=ADVANCED_FACE('',(#9014),#9003,.F.);
#9016=FILL_AREA_STYLE_COLOUR('',#25);
#9017=FILL_AREA_STYLE('',(#9016));
#9018=SURFACE_STYLE_FILL_AREA(#9017);
#9019=SURFACE_SIDE_STYLE('',(#9018));
#9020=SURFACE_STYLE_USAGE(.POSITIVE.,#9019);
#9021=PRESENTATION_STYLE_ASSIGNMENT((#9020));
#9022=STYLED_ITEM('',(#9021),#9015);
#9023=CARTESIAN_POINT('',(2.2312E0,1.2813E0,-5.5E-1));
#9024=DIRECTION('',(0.E0,-1.E0,0.E0));
#9025=DIRECTION('',(-1.E0,0.E0,0.E0));
#9026=AXIS2_PLACEMENT_3D('',#9023,#9024,#9025);
#9027=PLANE('',#9026);
#9028=ORIENTED_EDGE('',*,*,#8987,.F.);
#9030=ORIENTED_EDGE('',*,*,#9029,.T.);
#9032=ORIENTED_EDGE('',*,*,#9031,.T.);
#9033=ORIENTED_EDGE('',*,*,#9005,.F.);
#9034=EDGE_LOOP('',(#9028,#9030,#9032,#9033));
#9035=FACE_OUTER_BOUND('',#9034,.F.);
#9036=ADVANCED_FACE('',(#9035),#9027,.T.);
#9037=FILL_AREA_STYLE_COLOUR('',#25);
#9038=FILL_AREA_STYLE('',(#9037));
#9039=SURFACE_STYLE_FILL_AREA(#9038);
#9040=SURFACE_SIDE_STYLE('',(#9039));
#9041=SURFACE_STYLE_USAGE(.POSITIVE.,#9040);
#9042=PRESENTATION_STYLE_ASSIGNMENT((#9041));
#9043=STYLED_ITEM('',(#9042),#9036);
#9044=CARTESIAN_POINT('',(2.2312E0,2.8E0,-5.5E-1));
#9045=DIRECTION('',(0.E0,0.E0,-1.E0));
#9046=DIRECTION('',(-1.E0,0.E0,0.E0));
#9047=AXIS2_PLACEMENT_3D('',#9044,#9045,#9046);
#9048=PLANE('',#9047);
#9049=ORIENTED_EDGE('',*,*,#8985,.F.);
#9050=ORIENTED_EDGE('',*,*,#8965,.F.);
#9052=ORIENTED_EDGE('',*,*,#9051,.T.);
#9054=ORIENTED_EDGE('',*,*,#9053,.F.);
#9056=ORIENTED_EDGE('',*,*,#9055,.F.);
#9057=ORIENTED_EDGE('',*,*,#9029,.F.);
#9058=EDGE_LOOP('',(#9049,#9050,#9052,#9054,#9056,#9057));
#9059=FACE_OUTER_BOUND('',#9058,.F.);
#9060=ADVANCED_FACE('',(#9059),#9048,.T.);
#9061=FILL_AREA_STYLE_COLOUR('',#25);
#9062=FILL_AREA_STYLE('',(#9061));
#9063=SURFACE_STYLE_FILL_AREA(#9062);
#9064=SURFACE_SIDE_STYLE('',(#9063));
#9065=SURFACE_STYLE_USAGE(.POSITIVE.,#9064);
#9066=PRESENTATION_STYLE_ASSIGNMENT((#9065));
#9067=STYLED_ITEM('',(#9066),#9060);
#9068=CARTESIAN_POINT('',(1.98396E1,2.5E0,-2.5E-1));
#9069=DIRECTION('',(-1.E0,0.E0,0.E0));
#9070=DIRECTION('',(0.E0,1.E0,0.E0));
#9071=AXIS2_PLACEMENT_3D('',#9068,#9069,#9070);
#9072=CYLINDRICAL_SURFACE('',#9071,3.E-1);
#9074=ORIENTED_EDGE('',*,*,#9073,.T.);
#9075=ORIENTED_EDGE('',*,*,#9051,.F.);
#9076=ORIENTED_EDGE('',*,*,#8963,.T.);
#9077=ORIENTED_EDGE('',*,*,#8693,.T.);
#9078=EDGE_LOOP('',(#9074,#9075,#9076,#9077));
#9079=FACE_OUTER_BOUND('',#9078,.F.);
#9080=ADVANCED_FACE('',(#9079),#9072,.T.);
#9081=FILL_AREA_STYLE_COLOUR('',#25);
#9082=FILL_AREA_STYLE('',(#9081));
#9083=SURFACE_STYLE_FILL_AREA(#9082);
#9084=SURFACE_SIDE_STYLE('',(#9083));
#9085=SURFACE_STYLE_USAGE(.POSITIVE.,#9084);
#9086=PRESENTATION_STYLE_ASSIGNMENT((#9085));
#9087=STYLED_ITEM('',(#9086),#9080);
#9088=CARTESIAN_POINT('',(1.2578E0,2.8E0,-5.5E-1));
#9089=DIRECTION('',(-1.E0,0.E0,0.E0));
#9090=DIRECTION('',(0.E0,0.E0,1.E0));
#9091=AXIS2_PLACEMENT_3D('',#9088,#9089,#9090);
#9092=PLANE('',#9091);
#9094=ORIENTED_EDGE('',*,*,#9093,.F.);
#9095=ORIENTED_EDGE('',*,*,#9053,.T.);
#9096=ORIENTED_EDGE('',*,*,#9073,.F.);
#9097=ORIENTED_EDGE('',*,*,#8691,.T.);
#9098=ORIENTED_EDGE('',*,*,#8811,.F.);
#9099=ORIENTED_EDGE('',*,*,#8851,.F.);
#9100=ORIENTED_EDGE('',*,*,#9009,.F.);
#9101=EDGE_LOOP('',(#9094,#9095,#9096,#9097,#9098,#9099,#9100));
#9102=FACE_OUTER_BOUND('',#9101,.F.);
#9103=ADVANCED_FACE('',(#9102),#9092,.T.);
#9104=FILL_AREA_STYLE_COLOUR('',#25);
#9105=FILL_AREA_STYLE('',(#9104));
#9106=SURFACE_STYLE_FILL_AREA(#9105);
#9107=SURFACE_SIDE_STYLE('',(#9106));
#9108=SURFACE_STYLE_USAGE(.POSITIVE.,#9107);
#9109=PRESENTATION_STYLE_ASSIGNMENT((#9108));
#9110=STYLED_ITEM('',(#9109),#9103);
#9111=CARTESIAN_POINT('',(1.4578E0,1.4813E0,-7.91534E0));
#9112=DIRECTION('',(0.E0,0.E0,1.E0));
#9113=DIRECTION('',(-1.E0,0.E0,0.E0));
#9114=AXIS2_PLACEMENT_3D('',#9111,#9112,#9113);
#9115=CYLINDRICAL_SURFACE('',#9114,2.E-1);
#9116=ORIENTED_EDGE('',*,*,#9007,.T.);
#9117=ORIENTED_EDGE('',*,*,#9031,.F.);
#9118=ORIENTED_EDGE('',*,*,#9055,.T.);
#9119=ORIENTED_EDGE('',*,*,#9093,.T.);
#9120=EDGE_LOOP('',(#9116,#9117,#9118,#9119));
#9121=FACE_OUTER_BOUND('',#9120,.F.);
#9122=ADVANCED_FACE('',(#9121),#9115,.T.);
#9123=FILL_AREA_STYLE_COLOUR('',#25);
#9124=FILL_AREA_STYLE('',(#9123));
#9125=SURFACE_STYLE_FILL_AREA(#9124);
#9126=SURFACE_SIDE_STYLE('',(#9125));
#9127=SURFACE_STYLE_USAGE(.POSITIVE.,#9126);
#9128=PRESENTATION_STYLE_ASSIGNMENT((#9127));
#9129=STYLED_ITEM('',(#9128),#9122);
#9130=CARTESIAN_POINT('',(-1.2578E0,2.8E0,-5.5E-1));
#9131=DIRECTION('',(-1.E0,0.E0,0.E0));
#9132=DIRECTION('',(0.E0,0.E0,1.E0));
#9133=AXIS2_PLACEMENT_3D('',#9130,#9131,#9132);
#9134=PLANE('',#9133);
#9136=ORIENTED_EDGE('',*,*,#9135,.F.);
#9138=ORIENTED_EDGE('',*,*,#9137,.T.);
#9139=ORIENTED_EDGE('',*,*,#8854,.T.);
#9140=ORIENTED_EDGE('',*,*,#8814,.T.);
#9141=ORIENTED_EDGE('',*,*,#8687,.F.);
#9143=ORIENTED_EDGE('',*,*,#9142,.F.);
#9145=ORIENTED_EDGE('',*,*,#9144,.T.);
#9146=EDGE_LOOP('',(#9136,#9138,#9139,#9140,#9141,#9143,#9145));
#9147=FACE_OUTER_BOUND('',#9146,.F.);
#9148=ADVANCED_FACE('',(#9147),#9134,.F.);
#9149=FILL_AREA_STYLE_COLOUR('',#25);
#9150=FILL_AREA_STYLE('',(#9149));
#9151=SURFACE_STYLE_FILL_AREA(#9150);
#9152=SURFACE_SIDE_STYLE('',(#9151));
#9153=SURFACE_STYLE_USAGE(.POSITIVE.,#9152);
#9154=PRESENTATION_STYLE_ASSIGNMENT((#9153));
#9155=STYLED_ITEM('',(#9154),#9148);
#9156=CARTESIAN_POINT('',(-1.4578E0,1.4813E0,1.246534E1));
#9157=DIRECTION('',(0.E0,0.E0,-1.E0));
#9158=DIRECTION('',(1.E0,0.E0,0.E0));
#9159=AXIS2_PLACEMENT_3D('',#9156,#9157,#9158);
#9160=CYLINDRICAL_SURFACE('',#9159,2.E-1);
#9162=ORIENTED_EDGE('',*,*,#9161,.T.);
#9164=ORIENTED_EDGE('',*,*,#9163,.F.);
#9166=ORIENTED_EDGE('',*,*,#9165,.T.);
#9167=ORIENTED_EDGE('',*,*,#9135,.T.);
#9168=EDGE_LOOP('',(#9162,#9164,#9166,#9167));
#9169=FACE_OUTER_BOUND('',#9168,.F.);
#9170=ADVANCED_FACE('',(#9169),#9160,.T.);
#9171=FILL_AREA_STYLE_COLOUR('',#25);
#9172=FILL_AREA_STYLE('',(#9171));
#9173=SURFACE_STYLE_FILL_AREA(#9172);
#9174=SURFACE_SIDE_STYLE('',(#9173));
#9175=SURFACE_STYLE_USAGE(.POSITIVE.,#9174);
#9176=PRESENTATION_STYLE_ASSIGNMENT((#9175));
#9177=STYLED_ITEM('',(#9176),#9170);
#9178=CARTESIAN_POINT('',(-2.2312E0,2.8E0,-5.5E-1));
#9179=DIRECTION('',(0.E0,0.E0,1.E0));
#9180=DIRECTION('',(1.E0,0.E0,0.E0));
#9181=AXIS2_PLACEMENT_3D('',#9178,#9179,#9180);
#9182=PLANE('',#9181);
#9184=ORIENTED_EDGE('',*,*,#9183,.F.);
#9186=ORIENTED_EDGE('',*,*,#9185,.T.);
#9187=ORIENTED_EDGE('',*,*,#9161,.F.);
#9188=ORIENTED_EDGE('',*,*,#9144,.F.);
#9190=ORIENTED_EDGE('',*,*,#9189,.T.);
#9192=ORIENTED_EDGE('',*,*,#9191,.F.);
#9193=EDGE_LOOP('',(#9184,#9186,#9187,#9188,#9190,#9192));
#9194=FACE_OUTER_BOUND('',#9193,.F.);
#9195=ADVANCED_FACE('',(#9194),#9182,.F.);
#9196=FILL_AREA_STYLE_COLOUR('',#25);
#9197=FILL_AREA_STYLE('',(#9196));
#9198=SURFACE_STYLE_FILL_AREA(#9197);
#9199=SURFACE_SIDE_STYLE('',(#9198));
#9200=SURFACE_STYLE_USAGE(.POSITIVE.,#9199);
#9201=PRESENTATION_STYLE_ASSIGNMENT((#9200));
#9202=STYLED_ITEM('',(#9201),#9195);
#9203=CARTESIAN_POINT('',(-2.0312E0,1.4813E0,1.246534E1));
#9204=DIRECTION('',(0.E0,0.E0,-1.E0));
#9205=DIRECTION('',(0.E0,-1.E0,0.E0));
#9206=AXIS2_PLACEMENT_3D('',#9203,#9204,#9205);
#9207=CYLINDRICAL_SURFACE('',#9206,2.E-1);
#9208=ORIENTED_EDGE('',*,*,#9183,.T.);
#9210=ORIENTED_EDGE('',*,*,#9209,.F.);
#9212=ORIENTED_EDGE('',*,*,#9211,.T.);
#9214=ORIENTED_EDGE('',*,*,#9213,.T.);
#9215=EDGE_LOOP('',(#9208,#9210,#9212,#9214));
#9216=FACE_OUTER_BOUND('',#9215,.F.);
#9217=ADVANCED_FACE('',(#9216),#9207,.T.);
#9218=FILL_AREA_STYLE_COLOUR('',#25);
#9219=FILL_AREA_STYLE('',(#9218));
#9220=SURFACE_STYLE_FILL_AREA(#9219);
#9221=SURFACE_SIDE_STYLE('',(#9220));
#9222=SURFACE_STYLE_USAGE(.POSITIVE.,#9221);
#9223=PRESENTATION_STYLE_ASSIGNMENT((#9222));
#9224=STYLED_ITEM('',(#9223),#9217);
#9225=CARTESIAN_POINT('',(-2.2312E0,2.8E0,1.438E-1));
#9226=DIRECTION('',(1.E0,0.E0,0.E0));
#9227=DIRECTION('',(0.E0,0.E0,-1.E0));
#9228=AXIS2_PLACEMENT_3D('',#9225,#9226,#9227);
#9229=PLANE('',#9228);
#9230=ORIENTED_EDGE('',*,*,#9209,.T.);
#9231=ORIENTED_EDGE('',*,*,#9191,.T.);
#9233=ORIENTED_EDGE('',*,*,#9232,.F.);
#9234=ORIENTED_EDGE('',*,*,#8683,.F.);
#9236=ORIENTED_EDGE('',*,*,#9235,.T.);
#9237=ORIENTED_EDGE('',*,*,#8858,.T.);
#9239=ORIENTED_EDGE('',*,*,#9238,.T.);
#9240=EDGE_LOOP('',(#9230,#9231,#9233,#9234,#9236,#9237,#9239));
#9241=FACE_OUTER_BOUND('',#9240,.F.);
#9242=ADVANCED_FACE('',(#9241),#9229,.F.);
#9243=FILL_AREA_STYLE_COLOUR('',#25);
#9244=FILL_AREA_STYLE('',(#9243));
#9245=SURFACE_STYLE_FILL_AREA(#9244);
#9246=SURFACE_SIDE_STYLE('',(#9245));
#9247=SURFACE_STYLE_USAGE(.POSITIVE.,#9246);
#9248=PRESENTATION_STYLE_ASSIGNMENT((#9247));
#9249=STYLED_ITEM('',(#9248),#9242);
#9250=CARTESIAN_POINT('',(1.821189666983E1,2.5E0,-2.5E-1));
#9251=DIRECTION('',(-1.E0,0.E0,0.E0));
#9252=DIRECTION('',(0.E0,1.E0,0.E0));
#9253=AXIS2_PLACEMENT_3D('',#9250,#9251,#9252);
#9254=CYLINDRICAL_SURFACE('',#9253,3.E-1);
#9255=ORIENTED_EDGE('',*,*,#9232,.T.);
#9256=ORIENTED_EDGE('',*,*,#9189,.F.);
#9257=ORIENTED_EDGE('',*,*,#9142,.T.);
#9258=ORIENTED_EDGE('',*,*,#8685,.T.);
#9259=EDGE_LOOP('',(#9255,#9256,#9257,#9258));
#9260=FACE_OUTER_BOUND('',#9259,.F.);
#9261=ADVANCED_FACE('',(#9260),#9254,.T.);
#9262=FILL_AREA_STYLE_COLOUR('',#25);
#9263=FILL_AREA_STYLE('',(#9262));
#9264=SURFACE_STYLE_FILL_AREA(#9263);
#9265=SURFACE_SIDE_STYLE('',(#9264));
#9266=SURFACE_STYLE_USAGE(.POSITIVE.,#9265);
#9267=PRESENTATION_STYLE_ASSIGNMENT((#9266));
#9268=STYLED_ITEM('',(#9267),#9261);
#9269=CARTESIAN_POINT('',(-3.4534E0,2.8E0,1.438E-1));
#9270=DIRECTION('',(0.E0,0.E0,1.E0));
#9271=DIRECTION('',(1.E0,0.E0,0.E0));
#9272=AXIS2_PLACEMENT_3D('',#9269,#9270,#9271);
#9273=PLANE('',#9272);
#9274=ORIENTED_EDGE('',*,*,#8732,.F.);
#9275=ORIENTED_EDGE('',*,*,#8860,.T.);
#9276=ORIENTED_EDGE('',*,*,#9235,.F.);
#9277=ORIENTED_EDGE('',*,*,#8681,.F.);
#9278=EDGE_LOOP('',(#9274,#9275,#9276,#9277));
#9279=FACE_OUTER_BOUND('',#9278,.F.);
#9280=ADVANCED_FACE('',(#9279),#9273,.F.);
#9281=FILL_AREA_STYLE_COLOUR('',#25);
#9282=FILL_AREA_STYLE('',(#9281));
#9283=SURFACE_STYLE_FILL_AREA(#9282);
#9284=SURFACE_SIDE_STYLE('',(#9283));
#9285=SURFACE_STYLE_USAGE(.POSITIVE.,#9284);
#9286=PRESENTATION_STYLE_ASSIGNMENT((#9285));
#9287=STYLED_ITEM('',(#9286),#9280);
#9288=CARTESIAN_POINT('',(-5.5E0,2.8E0,-5.E-2));
#9289=DIRECTION('',(0.E0,0.E0,1.E0));
#9290=DIRECTION('',(1.E0,0.E0,0.E0));
#9291=AXIS2_PLACEMENT_3D('',#9288,#9289,#9290);
#9292=PLANE('',#9291);
#9293=ORIENTED_EDGE('',*,*,#9211,.F.);
#9294=ORIENTED_EDGE('',*,*,#9238,.F.);
#9295=ORIENTED_EDGE('',*,*,#8856,.T.);
#9296=ORIENTED_EDGE('',*,*,#9137,.F.);
#9297=ORIENTED_EDGE('',*,*,#9165,.F.);
#9299=ORIENTED_EDGE('',*,*,#9298,.F.);
#9300=EDGE_LOOP('',(#9293,#9294,#9295,#9296,#9297,#9299));
#9301=FACE_OUTER_BOUND('',#9300,.F.);
#9302=ADVANCED_FACE('',(#9301),#9292,.T.);
#9303=FILL_AREA_STYLE_COLOUR('',#25);
#9304=FILL_AREA_STYLE('',(#9303));
#9305=SURFACE_STYLE_FILL_AREA(#9304);
#9306=SURFACE_SIDE_STYLE('',(#9305));
#9307=SURFACE_STYLE_USAGE(.POSITIVE.,#9306);
#9308=PRESENTATION_STYLE_ASSIGNMENT((#9307));
#9309=STYLED_ITEM('',(#9308),#9302);
#9310=CARTESIAN_POINT('',(-2.2312E0,1.2813E0,-5.5E-1));
#9311=DIRECTION('',(0.E0,1.E0,0.E0));
#9312=DIRECTION('',(1.E0,0.E0,0.E0));
#9313=AXIS2_PLACEMENT_3D('',#9310,#9311,#9312);
#9314=PLANE('',#9313);
#9315=ORIENTED_EDGE('',*,*,#9213,.F.);
#9316=ORIENTED_EDGE('',*,*,#9298,.T.);
#9317=ORIENTED_EDGE('',*,*,#9163,.T.);
#9318=ORIENTED_EDGE('',*,*,#9185,.F.);
#9319=EDGE_LOOP('',(#9315,#9316,#9317,#9318));
#9320=FACE_OUTER_BOUND('',#9319,.F.);
#9321=ADVANCED_FACE('',(#9320),#9314,.F.);
#9322=FILL_AREA_STYLE_COLOUR('',#25);
#9323=FILL_AREA_STYLE('',(#9322));
#9324=SURFACE_STYLE_FILL_AREA(#9323);
#9325=SURFACE_SIDE_STYLE('',(#9324));
#9326=SURFACE_STYLE_USAGE(.POSITIVE.,#9325);
#9327=PRESENTATION_STYLE_ASSIGNMENT((#9326));
#9328=STYLED_ITEM('',(#9327),#9321);
#9329=CARTESIAN_POINT('',(-5.5E0,-2.2E0,4.5E0));
#9330=DIRECTION('',(1.E0,0.E0,0.E0));
#9331=DIRECTION('',(0.E0,1.E0,0.E0));
#9332=AXIS2_PLACEMENT_3D('',#9329,#9330,#9331);
#9333=CYLINDRICAL_SURFACE('',#9332,1.E-1);
#9334=ORIENTED_EDGE('',*,*,#8657,.T.);
#9335=ORIENTED_EDGE('',*,*,#8268,.F.);
#9336=ORIENTED_EDGE('',*,*,#8078,.F.);
#9337=ORIENTED_EDGE('',*,*,#7738,.T.);
#9338=EDGE_LOOP('',(#9334,#9335,#9336,#9337));
#9339=FACE_OUTER_BOUND('',#9338,.F.);
#9340=ADVANCED_FACE('',(#9339),#9333,.F.);
#9341=FILL_AREA_STYLE_COLOUR('',#25);
#9342=FILL_AREA_STYLE('',(#9341));
#9343=SURFACE_STYLE_FILL_AREA(#9342);
#9344=SURFACE_SIDE_STYLE('',(#9343));
#9345=SURFACE_STYLE_USAGE(.POSITIVE.,#9344);
#9346=PRESENTATION_STYLE_ASSIGNMENT((#9345));
#9347=STYLED_ITEM('',(#9346),#9340);
#9348=CARTESIAN_POINT('',(-5.5E0,-2.2E0,4.5E0));
#9349=DIRECTION('',(1.E0,0.E0,0.E0));
#9350=DIRECTION('',(0.E0,1.E0,0.E0));
#9351=AXIS2_PLACEMENT_3D('',#9348,#9349,#9350);
#9352=CYLINDRICAL_SURFACE('',#9351,6.E-1);
#9353=ORIENTED_EDGE('',*,*,#8217,.T.);
#9354=ORIENTED_EDGE('',*,*,#8662,.T.);
#9355=ORIENTED_EDGE('',*,*,#7648,.F.);
#9356=ORIENTED_EDGE('',*,*,#8073,.F.);
#9357=ORIENTED_EDGE('',*,*,#8149,.F.);
#9358=ORIENTED_EDGE('',*,*,#8405,.T.);
#9359=EDGE_LOOP('',(#9353,#9354,#9355,#9356,#9357,#9358));
#9360=FACE_OUTER_BOUND('',#9359,.F.);
#9361=ADVANCED_FACE('',(#9360),#9352,.T.);
#9362=FILL_AREA_STYLE_COLOUR('',#25);
#9363=FILL_AREA_STYLE('',(#9362));
#9364=SURFACE_STYLE_FILL_AREA(#9363);
#9365=SURFACE_SIDE_STYLE('',(#9364));
#9366=SURFACE_STYLE_USAGE(.POSITIVE.,#9365);
#9367=PRESENTATION_STYLE_ASSIGNMENT((#9366));
#9368=STYLED_ITEM('',(#9367),#9361);
#9369=CARTESIAN_POINT('',(6.05E0,-7.5E-1,-4.5E0));
#9370=DIRECTION('',(0.E0,1.E0,0.E0));
#9371=DIRECTION('',(0.E0,0.E0,1.E0));
#9372=AXIS2_PLACEMENT_3D('',#9369,#9370,#9371);
#9373=PLANE('',#9372);
#9374=ORIENTED_EDGE('',*,*,#8464,.F.);
#9376=ORIENTED_EDGE('',*,*,#9375,.F.);
#9377=ORIENTED_EDGE('',*,*,#8561,.T.);
#9378=ORIENTED_EDGE('',*,*,#8531,.F.);
#9379=EDGE_LOOP('',(#9374,#9376,#9377,#9378));
#9380=FACE_OUTER_BOUND('',#9379,.F.);
#9381=ADVANCED_FACE('',(#9380),#9373,.F.);
#9382=FILL_AREA_STYLE_COLOUR('',#25);
#9383=FILL_AREA_STYLE('',(#9382));
#9384=SURFACE_STYLE_FILL_AREA(#9383);
#9385=SURFACE_SIDE_STYLE('',(#9384));
#9386=SURFACE_STYLE_USAGE(.POSITIVE.,#9385);
#9387=PRESENTATION_STYLE_ASSIGNMENT((#9386));
#9388=STYLED_ITEM('',(#9387),#9381);
#9389=CARTESIAN_POINT('',(-1.962036964568E1,-4.5E-1,-4.2E0));
#9390=DIRECTION('',(1.E0,0.E0,0.E0));
#9391=DIRECTION('',(0.E0,-1.E0,0.E0));
#9392=AXIS2_PLACEMENT_3D('',#9389,#9390,#9391);
#9393=CYLINDRICAL_SURFACE('',#9392,3.E-1);
#9394=ORIENTED_EDGE('',*,*,#8462,.T.);
#9396=ORIENTED_EDGE('',*,*,#9395,.F.);
#9397=ORIENTED_EDGE('',*,*,#8563,.T.);
#9398=ORIENTED_EDGE('',*,*,#9375,.T.);
#9399=EDGE_LOOP('',(#9394,#9396,#9397,#9398));
#9400=FACE_OUTER_BOUND('',#9399,.F.);
#9401=ADVANCED_FACE('',(#9400),#9393,.T.);
#9402=FILL_AREA_STYLE_COLOUR('',#25);
#9403=FILL_AREA_STYLE('',(#9402));
#9404=SURFACE_STYLE_FILL_AREA(#9403);
#9405=SURFACE_SIDE_STYLE('',(#9404));
#9406=SURFACE_STYLE_USAGE(.POSITIVE.,#9405);
#9407=PRESENTATION_STYLE_ASSIGNMENT((#9406));
#9408=STYLED_ITEM('',(#9407),#9401);
#9409=CARTESIAN_POINT('',(6.05E0,7.5E-1,-4.5E0));
#9410=DIRECTION('',(0.E0,0.E0,1.E0));
#9411=DIRECTION('',(0.E0,-1.E0,0.E0));
#9412=AXIS2_PLACEMENT_3D('',#9409,#9410,#9411);
#9413=PLANE('',#9412);
#9414=ORIENTED_EDGE('',*,*,#9395,.T.);
#9415=ORIENTED_EDGE('',*,*,#8460,.F.);
#9417=ORIENTED_EDGE('',*,*,#9416,.F.);
#9418=ORIENTED_EDGE('',*,*,#8565,.T.);
#9419=EDGE_LOOP('',(#9414,#9415,#9417,#9418));
#9420=FACE_OUTER_BOUND('',#9419,.F.);
#9421=ADVANCED_FACE('',(#9420),#9413,.F.);
#9422=FILL_AREA_STYLE_COLOUR('',#25);
#9423=FILL_AREA_STYLE('',(#9422));
#9424=SURFACE_STYLE_FILL_AREA(#9423);
#9425=SURFACE_SIDE_STYLE('',(#9424));
#9426=SURFACE_STYLE_USAGE(.POSITIVE.,#9425);
#9427=PRESENTATION_STYLE_ASSIGNMENT((#9426));
#9428=STYLED_ITEM('',(#9427),#9421);
#9429=CARTESIAN_POINT('',(-1.975104971628E1,4.5E-1,-4.2E0));
#9430=DIRECTION('',(1.E0,0.E0,0.E0));
#9431=DIRECTION('',(0.E0,0.E0,-1.E0));
#9432=AXIS2_PLACEMENT_3D('',#9429,#9430,#9431);
#9433=CYLINDRICAL_SURFACE('',#9432,3.E-1);
#9434=ORIENTED_EDGE('',*,*,#8458,.T.);
#9435=ORIENTED_EDGE('',*,*,#8494,.F.);
#9436=ORIENTED_EDGE('',*,*,#8567,.T.);
#9437=ORIENTED_EDGE('',*,*,#9416,.T.);
#9438=EDGE_LOOP('',(#9434,#9435,#9436,#9437));
#9439=FACE_OUTER_BOUND('',#9438,.F.);
#9440=ADVANCED_FACE('',(#9439),#9433,.T.);
#9441=FILL_AREA_STYLE_COLOUR('',#25);
#9442=FILL_AREA_STYLE('',(#9441));
#9443=SURFACE_STYLE_FILL_AREA(#9442);
#9444=SURFACE_SIDE_STYLE('',(#9443));
#9445=SURFACE_STYLE_USAGE(.POSITIVE.,#9444);
#9446=PRESENTATION_STYLE_ASSIGNMENT((#9445));
#9447=STYLED_ITEM('',(#9446),#9440);
#9448=CARTESIAN_POINT('',(0.E0,-2.25E0,0.E0));
#9449=DIRECTION('',(0.E0,-1.E0,0.E0));
#9450=DIRECTION('',(1.E0,0.E0,0.E0));
#9451=AXIS2_PLACEMENT_3D('',#9448,#9449,#9450);
#9452=PLANE('',#9451);
#9453=ORIENTED_EDGE('',*,*,#8071,.T.);
#9454=ORIENTED_EDGE('',*,*,#8285,.F.);
#9456=ORIENTED_EDGE('',*,*,#9455,.F.);
#9458=ORIENTED_EDGE('',*,*,#9457,.F.);
#9460=ORIENTED_EDGE('',*,*,#9459,.F.);
#9462=ORIENTED_EDGE('',*,*,#9461,.F.);
#9464=ORIENTED_EDGE('',*,*,#9463,.F.);
#9465=ORIENTED_EDGE('',*,*,#8408,.F.);
#9466=ORIENTED_EDGE('',*,*,#8151,.F.);
#9467=EDGE_LOOP('',(#9453,#9454,#9456,#9458,#9460,#9462,#9464,#9465,#9466));
#9468=FACE_OUTER_BOUND('',#9467,.F.);
#9469=ADVANCED_FACE('',(#9468),#9452,.T.);
#9470=FILL_AREA_STYLE_COLOUR('',#25);
#9471=FILL_AREA_STYLE('',(#9470));
#9472=SURFACE_STYLE_FILL_AREA(#9471);
#9473=SURFACE_SIDE_STYLE('',(#9472));
#9474=SURFACE_STYLE_USAGE(.POSITIVE.,#9473);
#9475=PRESENTATION_STYLE_ASSIGNMENT((#9474));
#9476=STYLED_ITEM('',(#9475),#9469);
#9477=CARTESIAN_POINT('',(-5.51E0,2.25E0,4.56E0));
#9478=DIRECTION('',(0.E0,-1.E0,0.E0));
#9479=DIRECTION('',(1.E0,0.E0,0.E0));
#9480=AXIS2_PLACEMENT_3D('',#9477,#9478,#9479);
#9481=CYLINDRICAL_SURFACE('',#9480,4.E-2);
#9482=ORIENTED_EDGE('',*,*,#8110,.F.);
#9484=ORIENTED_EDGE('',*,*,#9483,.T.);
#9485=ORIENTED_EDGE('',*,*,#9455,.T.);
#9486=ORIENTED_EDGE('',*,*,#8283,.F.);
#9487=EDGE_LOOP('',(#9482,#9484,#9485,#9486));
#9488=FACE_OUTER_BOUND('',#9487,.F.);
#9489=ADVANCED_FACE('',(#9488),#9481,.F.);
#9490=FILL_AREA_STYLE_COLOUR('',#25);
#9491=FILL_AREA_STYLE('',(#9490));
#9492=SURFACE_STYLE_FILL_AREA(#9491);
#9493=SURFACE_SIDE_STYLE('',(#9492));
#9494=SURFACE_STYLE_USAGE(.POSITIVE.,#9493);
#9495=PRESENTATION_STYLE_ASSIGNMENT((#9494));
#9496=STYLED_ITEM('',(#9495),#9489);
#9497=CARTESIAN_POINT('',(-5.55E0,2.25E0,-1.9E0));
#9498=DIRECTION('',(1.E0,0.E0,0.E0));
#9499=DIRECTION('',(0.E0,0.E0,1.E0));
#9500=AXIS2_PLACEMENT_3D('',#9497,#9498,#9499);
#9501=PLANE('',#9500);
#9503=ORIENTED_EDGE('',*,*,#9502,.T.);
#9505=ORIENTED_EDGE('',*,*,#9504,.F.);
#9507=ORIENTED_EDGE('',*,*,#9506,.T.);
#9509=ORIENTED_EDGE('',*,*,#9508,.F.);
#9511=ORIENTED_EDGE('',*,*,#9510,.T.);
#9513=ORIENTED_EDGE('',*,*,#9512,.T.);
#9514=ORIENTED_EDGE('',*,*,#9457,.T.);
#9515=ORIENTED_EDGE('',*,*,#9483,.F.);
#9516=ORIENTED_EDGE('',*,*,#8108,.F.);
#9518=ORIENTED_EDGE('',*,*,#9517,.T.);
#9519=EDGE_LOOP('',(#9503,#9505,#9507,#9509,#9511,#9513,#9514,#9515,#9516,
#9518));
#9520=FACE_OUTER_BOUND('',#9519,.F.);
#9521=ADVANCED_FACE('',(#9520),#9501,.T.);
#9522=FILL_AREA_STYLE_COLOUR('',#25);
#9523=FILL_AREA_STYLE('',(#9522));
#9524=SURFACE_STYLE_FILL_AREA(#9523);
#9525=SURFACE_SIDE_STYLE('',(#9524));
#9526=SURFACE_STYLE_USAGE(.POSITIVE.,#9525);
#9527=PRESENTATION_STYLE_ASSIGNMENT((#9526));
#9528=STYLED_ITEM('',(#9527),#9521);
#9529=CARTESIAN_POINT('',(-6.05E0,7.5E-1,-1.9E0));
#9530=DIRECTION('',(0.E0,1.E0,0.E0));
#9531=DIRECTION('',(0.E0,0.E0,-1.E0));
#9532=AXIS2_PLACEMENT_3D('',#9529,#9530,#9531);
#9533=PLANE('',#9532);
#9535=ORIENTED_EDGE('',*,*,#9534,.T.);
#9537=ORIENTED_EDGE('',*,*,#9536,.T.);
#9538=ORIENTED_EDGE('',*,*,#9502,.F.);
#9540=ORIENTED_EDGE('',*,*,#9539,.F.);
#9541=EDGE_LOOP('',(#9535,#9537,#9538,#9540));
#9542=FACE_OUTER_BOUND('',#9541,.F.);
#9543=ADVANCED_FACE('',(#9542),#9533,.T.);
#9544=FILL_AREA_STYLE_COLOUR('',#25);
#9545=FILL_AREA_STYLE('',(#9544));
#9546=SURFACE_STYLE_FILL_AREA(#9545);
#9547=SURFACE_SIDE_STYLE('',(#9546));
#9548=SURFACE_STYLE_USAGE(.POSITIVE.,#9547);
#9549=PRESENTATION_STYLE_ASSIGNMENT((#9548));
#9550=STYLED_ITEM('',(#9549),#9543);
#9551=CARTESIAN_POINT('',(-6.05E0,2.25E0,4.56E0));
#9552=DIRECTION('',(-1.E0,0.E0,0.E0));
#9553=DIRECTION('',(0.E0,0.E0,-1.E0));
#9554=AXIS2_PLACEMENT_3D('',#9551,#9552,#9553);
#9555=PLANE('',#9554);
#9556=ORIENTED_EDGE('',*,*,#9534,.F.);
#9558=ORIENTED_EDGE('',*,*,#9557,.F.);
#9559=ORIENTED_EDGE('',*,*,#8104,.F.);
#9561=ORIENTED_EDGE('',*,*,#9560,.T.);
#9562=ORIENTED_EDGE('',*,*,#9461,.T.);
#9564=ORIENTED_EDGE('',*,*,#9563,.F.);
#9566=ORIENTED_EDGE('',*,*,#9565,.F.);
#9568=ORIENTED_EDGE('',*,*,#9567,.F.);
#9570=ORIENTED_EDGE('',*,*,#9569,.F.);
#9572=ORIENTED_EDGE('',*,*,#9571,.F.);
#9573=EDGE_LOOP('',(#9556,#9558,#9559,#9561,#9562,#9564,#9566,#9568,#9570,
#9572));
#9574=FACE_OUTER_BOUND('',#9573,.F.);
#9575=ADVANCED_FACE('',(#9574),#9555,.T.);
#9576=FILL_AREA_STYLE_COLOUR('',#25);
#9577=FILL_AREA_STYLE('',(#9576));
#9578=SURFACE_STYLE_FILL_AREA(#9577);
#9579=SURFACE_SIDE_STYLE('',(#9578));
#9580=SURFACE_STYLE_USAGE(.POSITIVE.,#9579);
#9581=PRESENTATION_STYLE_ASSIGNMENT((#9580));
#9582=STYLED_ITEM('',(#9581),#9575);
#9583=CARTESIAN_POINT('',(-6.05E0,2.25E0,-1.9E0));
#9584=DIRECTION('',(0.E0,0.E0,-1.E0));
#9585=DIRECTION('',(1.E0,0.E0,0.E0));
#9586=AXIS2_PLACEMENT_3D('',#9583,#9584,#9585);
#9587=PLANE('',#9586);
#9588=ORIENTED_EDGE('',*,*,#9539,.T.);
#9589=ORIENTED_EDGE('',*,*,#9517,.F.);
#9590=ORIENTED_EDGE('',*,*,#8106,.F.);
#9591=ORIENTED_EDGE('',*,*,#9557,.T.);
#9592=EDGE_LOOP('',(#9588,#9589,#9590,#9591));
#9593=FACE_OUTER_BOUND('',#9592,.F.);
#9594=ADVANCED_FACE('',(#9593),#9587,.T.);
#9595=FILL_AREA_STYLE_COLOUR('',#25);
#9596=FILL_AREA_STYLE('',(#9595));
#9597=SURFACE_STYLE_FILL_AREA(#9596);
#9598=SURFACE_SIDE_STYLE('',(#9597));
#9599=SURFACE_STYLE_USAGE(.POSITIVE.,#9598);
#9600=PRESENTATION_STYLE_ASSIGNMENT((#9599));
#9601=STYLED_ITEM('',(#9600),#9594);
#9602=CARTESIAN_POINT('',(-6.05E0,2.25E0,-1.9E0));
#9603=DIRECTION('',(0.E0,0.E0,-1.E0));
#9604=DIRECTION('',(1.E0,0.E0,0.E0));
#9605=AXIS2_PLACEMENT_3D('',#9602,#9603,#9604);
#9606=PLANE('',#9605);
#9608=ORIENTED_EDGE('',*,*,#9607,.F.);
#9609=ORIENTED_EDGE('',*,*,#9563,.T.);
#9610=ORIENTED_EDGE('',*,*,#9459,.T.);
#9611=ORIENTED_EDGE('',*,*,#9512,.F.);
#9612=EDGE_LOOP('',(#9608,#9609,#9610,#9611));
#9613=FACE_OUTER_BOUND('',#9612,.F.);
#9614=ADVANCED_FACE('',(#9613),#9606,.T.);
#9615=FILL_AREA_STYLE_COLOUR('',#25);
#9616=FILL_AREA_STYLE('',(#9615));
#9617=SURFACE_STYLE_FILL_AREA(#9616);
#9618=SURFACE_SIDE_STYLE('',(#9617));
#9619=SURFACE_STYLE_USAGE(.POSITIVE.,#9618);
#9620=PRESENTATION_STYLE_ASSIGNMENT((#9619));
#9621=STYLED_ITEM('',(#9620),#9614);
#9622=CARTESIAN_POINT('',(-6.05E0,-7.5E-1,-4.5E0));
#9623=DIRECTION('',(0.E0,-1.E0,0.E0));
#9624=DIRECTION('',(0.E0,0.E0,1.E0));
#9625=AXIS2_PLACEMENT_3D('',#9622,#9623,#9624);
#9626=PLANE('',#9625);
#9627=ORIENTED_EDGE('',*,*,#9565,.T.);
#9628=ORIENTED_EDGE('',*,*,#9607,.T.);
#9629=ORIENTED_EDGE('',*,*,#9510,.F.);
#9631=ORIENTED_EDGE('',*,*,#9630,.F.);
#9632=EDGE_LOOP('',(#9627,#9628,#9629,#9631));
#9633=FACE_OUTER_BOUND('',#9632,.F.);
#9634=ADVANCED_FACE('',(#9633),#9626,.T.);
#9635=FILL_AREA_STYLE_COLOUR('',#25);
#9636=FILL_AREA_STYLE('',(#9635));
#9637=SURFACE_STYLE_FILL_AREA(#9636);
#9638=SURFACE_SIDE_STYLE('',(#9637));
#9639=SURFACE_STYLE_USAGE(.POSITIVE.,#9638);
#9640=PRESENTATION_STYLE_ASSIGNMENT((#9639));
#9641=STYLED_ITEM('',(#9640),#9634);
#9642=CARTESIAN_POINT('',(-2.110658E1,-3.5E-1,-4.1E0));
#9643=DIRECTION('',(1.E0,0.E0,0.E0));
#9644=DIRECTION('',(0.E0,-1.E0,0.E0));
#9645=AXIS2_PLACEMENT_3D('',#9642,#9643,#9644);
#9646=CYLINDRICAL_SURFACE('',#9645,4.E-1);
#9647=ORIENTED_EDGE('',*,*,#9508,.T.);
#9649=ORIENTED_EDGE('',*,*,#9648,.F.);
#9650=ORIENTED_EDGE('',*,*,#9567,.T.);
#9651=ORIENTED_EDGE('',*,*,#9630,.T.);
#9652=EDGE_LOOP('',(#9647,#9649,#9650,#9651));
#9653=FACE_OUTER_BOUND('',#9652,.F.);
#9654=ADVANCED_FACE('',(#9653),#9646,.T.);
#9655=FILL_AREA_STYLE_COLOUR('',#25);
#9656=FILL_AREA_STYLE('',(#9655));
#9657=SURFACE_STYLE_FILL_AREA(#9656);
#9658=SURFACE_SIDE_STYLE('',(#9657));
#9659=SURFACE_STYLE_USAGE(.POSITIVE.,#9658);
#9660=PRESENTATION_STYLE_ASSIGNMENT((#9659));
#9661=STYLED_ITEM('',(#9660),#9654);
#9662=CARTESIAN_POINT('',(-6.05E0,7.5E-1,-4.5E0));
#9663=DIRECTION('',(0.E0,0.E0,-1.E0));
#9664=DIRECTION('',(0.E0,-1.E0,0.E0));
#9665=AXIS2_PLACEMENT_3D('',#9662,#9663,#9664);
#9666=PLANE('',#9665);
#9667=ORIENTED_EDGE('',*,*,#9648,.T.);
#9668=ORIENTED_EDGE('',*,*,#9506,.F.);
#9670=ORIENTED_EDGE('',*,*,#9669,.F.);
#9671=ORIENTED_EDGE('',*,*,#9569,.T.);
#9672=EDGE_LOOP('',(#9667,#9668,#9670,#9671));
#9673=FACE_OUTER_BOUND('',#9672,.F.);
#9674=ADVANCED_FACE('',(#9673),#9666,.T.);
#9675=FILL_AREA_STYLE_COLOUR('',#25);
#9676=FILL_AREA_STYLE('',(#9675));
#9677=SURFACE_STYLE_FILL_AREA(#9676);
#9678=SURFACE_SIDE_STYLE('',(#9677));
#9679=SURFACE_STYLE_USAGE(.POSITIVE.,#9678);
#9680=PRESENTATION_STYLE_ASSIGNMENT((#9679));
#9681=STYLED_ITEM('',(#9680),#9674);
#9682=CARTESIAN_POINT('',(-2.110658E1,3.5E-1,-4.1E0));
#9683=DIRECTION('',(1.E0,0.E0,0.E0));
#9684=DIRECTION('',(0.E0,0.E0,-1.E0));
#9685=AXIS2_PLACEMENT_3D('',#9682,#9683,#9684);
#9686=CYLINDRICAL_SURFACE('',#9685,4.E-1);
#9687=ORIENTED_EDGE('',*,*,#9504,.T.);
#9688=ORIENTED_EDGE('',*,*,#9536,.F.);
#9689=ORIENTED_EDGE('',*,*,#9571,.T.);
#9690=ORIENTED_EDGE('',*,*,#9669,.T.);
#9691=EDGE_LOOP('',(#9687,#9688,#9689,#9690));
#9692=FACE_OUTER_BOUND('',#9691,.F.);
#9693=ADVANCED_FACE('',(#9692),#9686,.T.);
#9694=FILL_AREA_STYLE_COLOUR('',#25);
#9695=FILL_AREA_STYLE('',(#9694));
#9696=SURFACE_STYLE_FILL_AREA(#9695);
#9697=SURFACE_SIDE_STYLE('',(#9696));
#9698=SURFACE_STYLE_USAGE(.POSITIVE.,#9697);
#9699=PRESENTATION_STYLE_ASSIGNMENT((#9698));
#9700=STYLED_ITEM('',(#9699),#9693);
#9701=CARTESIAN_POINT('',(-5.51E0,2.25E0,4.56E0));
#9702=DIRECTION('',(0.E0,-1.E0,0.E0));
#9703=DIRECTION('',(1.E0,0.E0,0.E0));
#9704=AXIS2_PLACEMENT_3D('',#9701,#9702,#9703);
#9705=CYLINDRICAL_SURFACE('',#9704,5.4E-1);
#9706=ORIENTED_EDGE('',*,*,#8102,.F.);
#9707=ORIENTED_EDGE('',*,*,#8410,.T.);
#9708=ORIENTED_EDGE('',*,*,#9463,.T.);
#9709=ORIENTED_EDGE('',*,*,#9560,.F.);
#9710=EDGE_LOOP('',(#9706,#9707,#9708,#9709));
#9711=FACE_OUTER_BOUND('',#9710,.F.);
#9712=ADVANCED_FACE('',(#9711),#9705,.T.);
#9713=FILL_AREA_STYLE_COLOUR('',#25);
#9714=FILL_AREA_STYLE('',(#9713));
#9715=SURFACE_STYLE_FILL_AREA(#9714);
#9716=SURFACE_SIDE_STYLE('',(#9715));
#9717=SURFACE_STYLE_USAGE(.POSITIVE.,#9716);
#9718=PRESENTATION_STYLE_ASSIGNMENT((#9717));
#9719=STYLED_ITEM('',(#9718),#9712);
#9720=CARTESIAN_POINT('',(3.4534E0,-2.8E0,1.05E0));
#9721=DIRECTION('',(-1.E0,0.E0,0.E0));
#9722=DIRECTION('',(0.E0,0.E0,-1.E0));
#9723=AXIS2_PLACEMENT_3D('',#9720,#9721,#9722);
#9724=PLANE('',#9723);
#9725=ORIENTED_EDGE('',*,*,#7619,.T.);
#9726=ORIENTED_EDGE('',*,*,#7654,.F.);
#9727=ORIENTED_EDGE('',*,*,#7982,.T.);
#9728=ORIENTED_EDGE('',*,*,#7732,.T.);
#9729=EDGE_LOOP('',(#9725,#9726,#9727,#9728));
#9730=FACE_OUTER_BOUND('',#9729,.F.);
#9731=ADVANCED_FACE('',(#9730),#9724,.F.);
#9732=FILL_AREA_STYLE_COLOUR('',#25);
#9733=FILL_AREA_STYLE('',(#9732));
#9734=SURFACE_STYLE_FILL_AREA(#9733);
#9735=SURFACE_SIDE_STYLE('',(#9734));
#9736=SURFACE_STYLE_USAGE(.POSITIVE.,#9735);
#9737=PRESENTATION_STYLE_ASSIGNMENT((#9736));
#9738=STYLED_ITEM('',(#9737),#9731);
#9739=CARTESIAN_POINT('',(1.2578E0,-2.8E0,-5.5E-1));
#9740=DIRECTION('',(1.E0,0.E0,0.E0));
#9741=DIRECTION('',(0.E0,0.E0,1.E0));
#9742=AXIS2_PLACEMENT_3D('',#9739,#9740,#9741);
#9743=PLANE('',#9742);
#9745=ORIENTED_EDGE('',*,*,#9744,.F.);
#9747=ORIENTED_EDGE('',*,*,#9746,.T.);
#9748=ORIENTED_EDGE('',*,*,#7723,.T.);
#9749=ORIENTED_EDGE('',*,*,#8003,.F.);
#9750=ORIENTED_EDGE('',*,*,#7663,.F.);
#9752=ORIENTED_EDGE('',*,*,#9751,.F.);
#9754=ORIENTED_EDGE('',*,*,#9753,.T.);
#9755=EDGE_LOOP('',(#9745,#9747,#9748,#9749,#9750,#9752,#9754));
#9756=FACE_OUTER_BOUND('',#9755,.F.);
#9757=ADVANCED_FACE('',(#9756),#9743,.F.);
#9758=FILL_AREA_STYLE_COLOUR('',#25);
#9759=FILL_AREA_STYLE('',(#9758));
#9760=SURFACE_STYLE_FILL_AREA(#9759);
#9761=SURFACE_SIDE_STYLE('',(#9760));
#9762=SURFACE_STYLE_USAGE(.POSITIVE.,#9761);
#9763=PRESENTATION_STYLE_ASSIGNMENT((#9762));
#9764=STYLED_ITEM('',(#9763),#9757);
#9765=CARTESIAN_POINT('',(1.4578E0,-1.4813E0,1.246534E1));
#9766=DIRECTION('',(0.E0,0.E0,-1.E0));
#9767=DIRECTION('',(-1.E0,0.E0,0.E0));
#9768=AXIS2_PLACEMENT_3D('',#9765,#9766,#9767);
#9769=CYLINDRICAL_SURFACE('',#9768,2.E-1);
#9771=ORIENTED_EDGE('',*,*,#9770,.T.);
#9773=ORIENTED_EDGE('',*,*,#9772,.F.);
#9775=ORIENTED_EDGE('',*,*,#9774,.T.);
#9776=ORIENTED_EDGE('',*,*,#9744,.T.);
#9777=EDGE_LOOP('',(#9771,#9773,#9775,#9776));
#9778=FACE_OUTER_BOUND('',#9777,.F.);
#9779=ADVANCED_FACE('',(#9778),#9769,.T.);
#9780=FILL_AREA_STYLE_COLOUR('',#25);
#9781=FILL_AREA_STYLE('',(#9780));
#9782=SURFACE_STYLE_FILL_AREA(#9781);
#9783=SURFACE_SIDE_STYLE('',(#9782));
#9784=SURFACE_STYLE_USAGE(.POSITIVE.,#9783);
#9785=PRESENTATION_STYLE_ASSIGNMENT((#9784));
#9786=STYLED_ITEM('',(#9785),#9779);
#9787=CARTESIAN_POINT('',(2.2312E0,-2.8E0,-5.5E-1));
#9788=DIRECTION('',(0.E0,0.E0,1.E0));
#9789=DIRECTION('',(-1.E0,0.E0,0.E0));
#9790=AXIS2_PLACEMENT_3D('',#9787,#9788,#9789);
#9791=PLANE('',#9790);
#9792=ORIENTED_EDGE('',*,*,#9770,.F.);
#9793=ORIENTED_EDGE('',*,*,#9753,.F.);
#9795=ORIENTED_EDGE('',*,*,#9794,.T.);
#9797=ORIENTED_EDGE('',*,*,#9796,.F.);
#9799=ORIENTED_EDGE('',*,*,#9798,.F.);
#9801=ORIENTED_EDGE('',*,*,#9800,.T.);
#9802=EDGE_LOOP('',(#9792,#9793,#9795,#9797,#9799,#9801));
#9803=FACE_OUTER_BOUND('',#9802,.F.);
#9804=ADVANCED_FACE('',(#9803),#9791,.F.);
#9805=FILL_AREA_STYLE_COLOUR('',#25);
#9806=FILL_AREA_STYLE('',(#9805));
#9807=SURFACE_STYLE_FILL_AREA(#9806);
#9808=SURFACE_SIDE_STYLE('',(#9807));
#9809=SURFACE_STYLE_USAGE(.POSITIVE.,#9808);
#9810=PRESENTATION_STYLE_ASSIGNMENT((#9809));
#9811=STYLED_ITEM('',(#9810),#9804);
#9812=CARTESIAN_POINT('',(-1.684952474079E1,-2.5E0,-2.5E-1));
#9813=DIRECTION('',(1.E0,0.E0,0.E0));
#9814=DIRECTION('',(0.E0,-1.E0,0.E0));
#9815=AXIS2_PLACEMENT_3D('',#9812,#9813,#9814);
#9816=CYLINDRICAL_SURFACE('',#9815,3.E-1);
#9817=ORIENTED_EDGE('',*,*,#9794,.F.);
#9818=ORIENTED_EDGE('',*,*,#9751,.T.);
#9819=ORIENTED_EDGE('',*,*,#7661,.T.);
#9821=ORIENTED_EDGE('',*,*,#9820,.T.);
#9822=EDGE_LOOP('',(#9817,#9818,#9819,#9821));
#9823=FACE_OUTER_BOUND('',#9822,.F.);
#9824=ADVANCED_FACE('',(#9823),#9816,.T.);
#9825=FILL_AREA_STYLE_COLOUR('',#25);
#9826=FILL_AREA_STYLE('',(#9825));
#9827=SURFACE_STYLE_FILL_AREA(#9826);
#9828=SURFACE_SIDE_STYLE('',(#9827));
#9829=SURFACE_STYLE_USAGE(.POSITIVE.,#9828);
#9830=PRESENTATION_STYLE_ASSIGNMENT((#9829));
#9831=STYLED_ITEM('',(#9830),#9824);
#9832=CARTESIAN_POINT('',(2.2312E0,-2.8E0,1.438E-1));
#9833=DIRECTION('',(-1.E0,0.E0,0.E0));
#9834=DIRECTION('',(0.E0,0.E0,-1.E0));
#9835=AXIS2_PLACEMENT_3D('',#9832,#9833,#9834);
#9836=PLANE('',#9835);
#9838=ORIENTED_EDGE('',*,*,#9837,.T.);
#9840=ORIENTED_EDGE('',*,*,#9839,.T.);
#9841=ORIENTED_EDGE('',*,*,#9796,.T.);
#9842=ORIENTED_EDGE('',*,*,#9820,.F.);
#9843=ORIENTED_EDGE('',*,*,#7659,.F.);
#9845=ORIENTED_EDGE('',*,*,#9844,.T.);
#9846=ORIENTED_EDGE('',*,*,#7727,.T.);
#9847=EDGE_LOOP('',(#9838,#9840,#9841,#9842,#9843,#9845,#9846));
#9848=FACE_OUTER_BOUND('',#9847,.F.);
#9849=ADVANCED_FACE('',(#9848),#9836,.F.);
#9850=FILL_AREA_STYLE_COLOUR('',#25);
#9851=FILL_AREA_STYLE('',(#9850));
#9852=SURFACE_STYLE_FILL_AREA(#9851);
#9853=SURFACE_SIDE_STYLE('',(#9852));
#9854=SURFACE_STYLE_USAGE(.POSITIVE.,#9853);
#9855=PRESENTATION_STYLE_ASSIGNMENT((#9854));
#9856=STYLED_ITEM('',(#9855),#9849);
#9857=CARTESIAN_POINT('',(5.5E0,-2.8E0,-5.E-2));
#9858=DIRECTION('',(0.E0,0.E0,1.E0));
#9859=DIRECTION('',(-1.E0,0.E0,0.E0));
#9860=AXIS2_PLACEMENT_3D('',#9857,#9858,#9859);
#9861=PLANE('',#9860);
#9862=ORIENTED_EDGE('',*,*,#9774,.F.);
#9864=ORIENTED_EDGE('',*,*,#9863,.F.);
#9866=ORIENTED_EDGE('',*,*,#9865,.F.);
#9867=ORIENTED_EDGE('',*,*,#9837,.F.);
#9868=ORIENTED_EDGE('',*,*,#7725,.T.);
#9869=ORIENTED_EDGE('',*,*,#9746,.F.);
#9870=EDGE_LOOP('',(#9862,#9864,#9866,#9867,#9868,#9869));
#9871=FACE_OUTER_BOUND('',#9870,.F.);
#9872=ADVANCED_FACE('',(#9871),#9861,.T.);
#9873=FILL_AREA_STYLE_COLOUR('',#25);
#9874=FILL_AREA_STYLE('',(#9873));
#9875=SURFACE_STYLE_FILL_AREA(#9874);
#9876=SURFACE_SIDE_STYLE('',(#9875));
#9877=SURFACE_STYLE_USAGE(.POSITIVE.,#9876);
#9878=PRESENTATION_STYLE_ASSIGNMENT((#9877));
#9879=STYLED_ITEM('',(#9878),#9872);
#9880=CARTESIAN_POINT('',(2.2312E0,-1.2813E0,-5.5E-1));
#9881=DIRECTION('',(0.E0,-1.E0,0.E0));
#9882=DIRECTION('',(-1.E0,0.E0,0.E0));
#9883=AXIS2_PLACEMENT_3D('',#9880,#9881,#9882);
#9884=PLANE('',#9883);
#9885=ORIENTED_EDGE('',*,*,#9772,.T.);
#9886=ORIENTED_EDGE('',*,*,#9800,.F.);
#9888=ORIENTED_EDGE('',*,*,#9887,.F.);
#9889=ORIENTED_EDGE('',*,*,#9863,.T.);
#9890=EDGE_LOOP('',(#9885,#9886,#9888,#9889));
#9891=FACE_OUTER_BOUND('',#9890,.F.);
#9892=ADVANCED_FACE('',(#9891),#9884,.F.);
#9893=FILL_AREA_STYLE_COLOUR('',#25);
#9894=FILL_AREA_STYLE('',(#9893));
#9895=SURFACE_STYLE_FILL_AREA(#9894);
#9896=SURFACE_SIDE_STYLE('',(#9895));
#9897=SURFACE_STYLE_USAGE(.POSITIVE.,#9896);
#9898=PRESENTATION_STYLE_ASSIGNMENT((#9897));
#9899=STYLED_ITEM('',(#9898),#9892);
#9900=CARTESIAN_POINT('',(2.0312E0,-1.4813E0,1.246534E1));
#9901=DIRECTION('',(0.E0,0.E0,-1.E0));
#9902=DIRECTION('',(0.E0,1.E0,0.E0));
#9903=AXIS2_PLACEMENT_3D('',#9900,#9901,#9902);
#9904=CYLINDRICAL_SURFACE('',#9903,2.E-1);
#9905=ORIENTED_EDGE('',*,*,#9798,.T.);
#9906=ORIENTED_EDGE('',*,*,#9839,.F.);
#9907=ORIENTED_EDGE('',*,*,#9865,.T.);
#9908=ORIENTED_EDGE('',*,*,#9887,.T.);
#9909=EDGE_LOOP('',(#9905,#9906,#9907,#9908));
#9910=FACE_OUTER_BOUND('',#9909,.F.);
#9911=ADVANCED_FACE('',(#9910),#9904,.T.);
#9912=FILL_AREA_STYLE_COLOUR('',#25);
#9913=FILL_AREA_STYLE('',(#9912));
#9914=SURFACE_STYLE_FILL_AREA(#9913);
#9915=SURFACE_SIDE_STYLE('',(#9914));
#9916=SURFACE_STYLE_USAGE(.POSITIVE.,#9915);
#9917=PRESENTATION_STYLE_ASSIGNMENT((#9916));
#9918=STYLED_ITEM('',(#9917),#9911);
#9919=CARTESIAN_POINT('',(3.4534E0,-2.8E0,1.438E-1));
#9920=DIRECTION('',(0.E0,0.E0,1.E0));
#9921=DIRECTION('',(-1.E0,0.E0,0.E0));
#9922=AXIS2_PLACEMENT_3D('',#9919,#9920,#9921);
#9923=PLANE('',#9922);
#9924=ORIENTED_EDGE('',*,*,#7623,.F.);
#9925=ORIENTED_EDGE('',*,*,#7729,.T.);
#9926=ORIENTED_EDGE('',*,*,#9844,.F.);
#9927=ORIENTED_EDGE('',*,*,#7657,.F.);
#9928=EDGE_LOOP('',(#9924,#9925,#9926,#9927));
#9929=FACE_OUTER_BOUND('',#9928,.F.);
#9930=ADVANCED_FACE('',(#9929),#9923,.F.);
#9931=FILL_AREA_STYLE_COLOUR('',#25);
#9932=FILL_AREA_STYLE('',(#9931));
#9933=SURFACE_STYLE_FILL_AREA(#9932);
#9934=SURFACE_SIDE_STYLE('',(#9933));
#9935=SURFACE_STYLE_USAGE(.POSITIVE.,#9934);
#9936=PRESENTATION_STYLE_ASSIGNMENT((#9935));
#9937=STYLED_ITEM('',(#9936),#9930);
#9938=CLOSED_SHELL('',(#7627,#7677,#7699,#7748,#7768,#7794,#7819,#7841,#7862,
#7882,#7905,#7925,#7948,#7969,#7990,#8010,#8029,#8058,#8084,#8116,#8136,#8157,
#8182,#8202,#8223,#8255,#8300,#8322,#8343,#8364,#8384,#8422,#8443,#8476,#8498,
#8518,#8540,#8571,#8591,#8616,#8642,#8666,#8714,#8736,#8757,#8777,#8798,#8820,
#8864,#8883,#8903,#8923,#8943,#8969,#8991,#9015,#9036,#9060,#9080,#9103,#9122,
#9148,#9170,#9195,#9217,#9242,#9261,#9280,#9302,#9321,#9340,#9361,#9381,#9401,
#9421,#9440,#9469,#9489,#9521,#9543,#9575,#9594,#9614,#9634,#9654,#9674,#9693,
#9712,#9731,#9757,#9779,#9804,#9824,#9849,#9872,#9892,#9911,#9930));
#9939=MANIFOLD_SOLID_BREP('',#9938);
#9941=DIMENSIONAL_EXPONENTS(0.E0,0.E0,0.E0,0.E0,0.E0,0.E0,0.E0);
#9943=PLANE_ANGLE_MEASURE_WITH_UNIT(PLANE_ANGLE_MEASURE(1.745329251994E-2),
#9942);
#9944=(CONVERSION_BASED_UNIT('DEGREE',#9943)NAMED_UNIT(*)PLANE_ANGLE_UNIT());
#9946=UNCERTAINTY_MEASURE_WITH_UNIT(LENGTH_MEASURE(1.848195530096E-3),#9940,
'closure',
'Maximum model space distance between geometric entities at asserted connectivities');
#9947=(GEOMETRIC_REPRESENTATION_CONTEXT(3)GLOBAL_UNCERTAINTY_ASSIGNED_CONTEXT((
#9946))GLOBAL_UNIT_ASSIGNED_CONTEXT((#9940,#9944,#9945))REPRESENTATION_CONTEXT(
'ID1','3'));
#9949=MECHANICAL_DESIGN_GEOMETRIC_PRESENTATION_REPRESENTATION('',(#2370,#2624,
#2663,#2684,#2706,#2727,#2748,#2769,#2790,#2812,#2871,#2891,#2911,#2932,#2953,
#2973,#2993,#3012,#3032,#3052,#3071,#3090,#3110,#3130,#3149,#3171,#3192,#3213,
#3233,#3262,#3302,#3324,#3345,#3366,#3387,#3408,#3429,#3450,#3471,#3492,#3513,
#3533,#3562,#3581,#3603,#3625,#3645,#3665,#3684,#3706,#3728,#3748,#3768,#3787,
#3809,#3831,#3851,#3871,#3890,#3912,#3933,#3954,#3975,#3996,#4016,#4037,#4131,
#4170,#4239,#4278,#4299,#4319,#4339,#4359,#4379,#4398,#4418,#4438,#4458,#4478,
#4498,#4518,#4538,#4558,#4578,#4598,#4618,#4638,#4658,#4678,#4698,#4718,#4738,
#4758,#4778,#4798,#4818,#4838,#4858,#4878,#4898,#4918,#4938,#4958,#4978,#4998,
#5018,#5038,#5057,#5078,#5098,#5118,#5138,#5158,#5178,#5198,#5218,#5238,#5258,
#5278,#5297,#5318,#5338,#5358,#5378,#5398,#5418,#5438,#5458,#5478,#5498,#5518,
#5538,#5558,#5577,#5598,#5618,#5638,#5658,#5678,#5698,#5718,#5738,#5758,#5778,
#5798,#5817,#5838,#5858,#5878,#5898,#5918,#5938,#5958,#5977,#5998,#6018,#6037,
#7634,#7684,#7706,#7755,#7775,#7801,#7826,#7848,#7869,#7889,#7912,#7932,#7955,
#7976,#7997,#8017,#8036,#8065,#8091,#8123,#8143,#8164,#8189,#8209,#8230,#8262,
#8307,#8329,#8350,#8371,#8391,#8429,#8450,#8483,#8505,#8525,#8547,#8578,#8598,
#8623,#8649,#8673,#8721,#8743,#8764,#8784,#8805,#8827,#8871,#8890,#8910,#8930,
#8950,#8976,#8998,#9022,#9043,#9067,#9087,#9110,#9129,#9155,#9177,#9202,#9224,
#9249,#9268,#9287,#9309,#9328,#9347,#9368,#9388,#9408,#9428,#9447,#9476,#9496,
#9528,#9550,#9582,#9601,#9621,#9641,#9661,#9681,#9700,#9719,#9738,#9764,#9786,
#9811,#9831,#9856,#9879,#9899,#9918,#9937),#9947);
#9950=APPLICATION_CONTEXT(
'CONFIGURATION CONTROLLED 3D DESIGNS OF MECHANICAL PARTS AND ASSEMBLIES');
#9951=APPLICATION_PROTOCOL_DEFINITION('international standard',
'ccd_cla_gvp_ast_asd',1995,#9950);
#9952=DESIGN_CONTEXT('',#9950,'design');
#9953=MECHANICAL_CONTEXT('',#9950,'mechanical');
#9954=PRODUCT('381','381','NOT SPECIFIED',(#9953));
#9955=PRODUCT_DEFINITION_FORMATION_WITH_SPECIFIED_SOURCE('1','LAST_VERSION',
#9954,.MADE.);
#9963=DERIVED_UNIT_ELEMENT(#9962,2.E0);
#9964=DERIVED_UNIT((#9963));
#9965=MEASURE_REPRESENTATION_ITEM('surface area measure',AREA_MEASURE(
7.645039741062E2),#9964);
#9970=DERIVED_UNIT_ELEMENT(#9969,3.E0);
#9971=DERIVED_UNIT((#9970));
#9972=MEASURE_REPRESENTATION_ITEM('volume measure',VOLUME_MEASURE(
2.908437395929E2),#9971);
#9976=CARTESIAN_POINT('centre point',(-1.124050743679E-1,1.301640872835E-5,
2.321774738861E0));
#9981=DERIVED_UNIT_ELEMENT(#9980,2.E0);
#9982=DERIVED_UNIT((#9981));
#9983=MEASURE_REPRESENTATION_ITEM('surface area measure',AREA_MEASURE(
7.645039741062E2),#9982);
#9988=DERIVED_UNIT_ELEMENT(#9987,3.E0);
#9989=DERIVED_UNIT((#9988));
#9990=MEASURE_REPRESENTATION_ITEM('volume measure',VOLUME_MEASURE(
2.908437395929E2),#9989);
#9994=CARTESIAN_POINT('centre point',(-1.124050743679E-1,1.301640872835E-5,
2.321774738861E0));
#9999=PRODUCT_CATEGORY('part','');
#10000=PRODUCT_RELATED_PRODUCT_CATEGORY('detail','',(#9954));
#10001=PRODUCT_CATEGORY_RELATIONSHIP('','',#9999,#10000);
#10002=SECURITY_CLASSIFICATION_LEVEL('unclassified');
#10003=SECURITY_CLASSIFICATION('','',#10002);
#10004=CC_DESIGN_SECURITY_CLASSIFICATION(#10003,(#9955));
#10005=APPROVAL_STATUS('approved');
#10006=APPROVAL(#10005,'');
#10007=CC_DESIGN_APPROVAL(#10006,(#10003,#9955,#9956));
#10008=CALENDAR_DATE(121,27,9);
#10009=COORDINATED_UNIVERSAL_TIME_OFFSET(8,0,.AHEAD.);
#10010=LOCAL_TIME(23,38,4.4E1,#10009);
#10011=DATE_AND_TIME(#10008,#10010);
#10012=APPROVAL_DATE_TIME(#10011,#10006);
#10013=DATE_TIME_ROLE('creation_date');
#10014=CC_DESIGN_DATE_AND_TIME_ASSIGNMENT(#10011,#10013,(#9956));
#10015=DATE_TIME_ROLE('classification_date');
#10016=CC_DESIGN_DATE_AND_TIME_ASSIGNMENT(#10011,#10015,(#10003));
#10017=PERSON('UNSPECIFIED','UNSPECIFIED',$,$,$,$);
#10018=ORGANIZATION('UNSPECIFIED','UNSPECIFIED','UNSPECIFIED');
#10019=PERSON_AND_ORGANIZATION(#10017,#10018);
#10020=APPROVAL_ROLE('approver');
#10021=APPROVAL_PERSON_ORGANIZATION(#10019,#10006,#10020);
#10022=PERSON_AND_ORGANIZATION_ROLE('creator');
#10023=CC_DESIGN_PERSON_AND_ORGANIZATION_ASSIGNMENT(#10019,#10022,(#9955,
#9956));
#10024=PERSON_AND_ORGANIZATION_ROLE('design_supplier');
#10025=CC_DESIGN_PERSON_AND_ORGANIZATION_ASSIGNMENT(#10019,#10024,(#9955));
#10026=PERSON_AND_ORGANIZATION_ROLE('classification_officer');
#10027=CC_DESIGN_PERSON_AND_ORGANIZATION_ASSIGNMENT(#10019,#10026,(#10003));
#10028=PERSON_AND_ORGANIZATION_ROLE('design_owner');
#10029=CC_DESIGN_PERSON_AND_ORGANIZATION_ASSIGNMENT(#10019,#10028,(#9954));
#1=DRAUGHTING_PRE_DEFINED_COLOUR('green');
#2=COLOUR_RGB('',1.1E-2,1.2E-2,1.E0);
#3=COLOUR_RGB('',2.15686E-1,5.18041E-1,1.E0);
#4=COLOUR_RGB('',2.36993E-1,1.E0,6.49617E-1);
#5=COLOUR_RGB('',2.57282E-1,2.57282E-1,2.57282E-1);
#6=COLOUR_RGB('',2.60765E-1,3.42788E-1,8.64078E-1);
#7=COLOUR_RGB('',2.69953E-1,7.31256E-1,1.E0);
#8=COLOUR_RGB('',3.34677E-1,8.15534E-1,4.38691E-1);
#9=COLOUR_RGB('',3.43194E-1,8.15534E-1,5.48197E-1);
#10=COLOUR_RGB('',4.1E-1,2.61589E-1,1.12848E-1);
#11=COLOUR_RGB('',4.46095E-1,1.E0,3.94692E-1);
#12=COLOUR_RGB('',4.51243E-1,1.E0,6.21554E-1);
#13=COLOUR_RGB('',5.45098E-1,2.62745E-1,1.76471E-1);
#14=COLOUR_RGB('',6.31068E-1,5.73064E-1,5.17491E-1);
#15=COLOUR_RGB('',6.35294E-1,6.86275E-1,7.4902E-1);
#16=COLOUR_RGB('',6.40777E-1,6.40777E-1,6.40777E-1);
#17=COLOUR_RGB('',6.69062E-1,6.69903E-1,6.55217E-1);
#18=COLOUR_RGB('',6.86275E-1,4.07471E-1,2.42725E-1);
#19=COLOUR_RGB('',6.86275E-1,5.35447E-1,4.36243E-1);
#20=COLOUR_RGB('',6.8932E-1,1.934E-1,1.61111E-1);
#21=COLOUR_RGB('',6.94175E-1,1.01459E-1,1.27464E-1);
#22=COLOUR_RGB('',7.82797E-1,8.00971E-1,7.18987E-1);
#23=COLOUR_RGB('',7.96078E-1,8.1E-1,9.41176E-1);
#24=COLOUR_RGB('',8.03922E-1,4.98039E-1,1.96078E-1);
#25=COLOUR_RGB('',8.15534E-1,8.15534E-1,8.15534E-1);
#26=COLOUR_RGB('',8.203883495146E-1,8.203883495146E-1,8.203883495146E-1);
#27=COLOUR_RGB('',8.5098E-1,8.07843E-1,7.37255E-1);
#28=COLOUR_RGB('',8.5098E-1,8.07843E-1,7.7E-1);
#29=COLOUR_RGB('',8.73786E-1,8.73278E-1,7.54776E-1);
#30=COLOUR_RGB('',8.83495E-1,8.E-1,7.4E-1);
#31=COLOUR_RGB('',8.82353E-1,8.82353E-1,8.82353E-1);
#32=COLOUR_RGB('',8.8835E-1,7.49609E-1,6.19346E-1);
#33=COLOUR_RGB('',1.E0,2.99729E-1,5.3274E-2);
#34=COLOUR_RGB('',1.E0,6.48135E-1,4.66429E-1);
#35=DRAUGHTING_PRE_DEFINED_COLOUR('yellow');
#36=COLOUR_RGB('',1.E0,1.E0,5.3E-1);
#37=DRAUGHTING_PRE_DEFINED_COLOUR('white');
#918=CIRCLE('',#917,3.5E-1);
#935=CIRCLE('',#934,3.5E-1);
#952=CIRCLE('',#951,3.5E-1);
#969=CIRCLE('',#968,3.5E-1);
#986=CIRCLE('',#985,3.5E-1);
#1003=CIRCLE('',#1002,3.5E-1);
#2353=EDGE_CURVE('',#2195,#2197,#333,.T.);
#2355=EDGE_CURVE('',#2195,#2005,#41,.T.);
#2357=EDGE_CURVE('',#2005,#2007,#1091,.T.);
#2359=EDGE_CURVE('',#2197,#2007,#1443,.T.);
#2376=EDGE_CURVE('',#1790,#1791,#45,.T.);
#2378=EDGE_CURVE('',#1790,#1803,#49,.T.);
#2380=EDGE_CURVE('',#1803,#1801,#53,.T.);
#2382=EDGE_CURVE('',#1799,#1801,#57,.T.);
#2384=EDGE_CURVE('',#1798,#1799,#61,.T.);
#2386=EDGE_CURVE('',#1798,#1778,#65,.T.);
#2388=EDGE_CURVE('',#1778,#1779,#69,.T.);
#2390=EDGE_CURVE('',#1779,#1819,#73,.T.);
#2392=EDGE_CURVE('',#1819,#1817,#77,.T.);
#2394=EDGE_CURVE('',#1815,#1817,#81,.T.);
#2396=EDGE_CURVE('',#1814,#1815,#85,.T.);
#2398=EDGE_CURVE('',#1814,#1811,#89,.T.);
#2400=EDGE_CURVE('',#1811,#1809,#93,.T.);
#2402=EDGE_CURVE('',#1807,#1809,#97,.T.);
#2404=EDGE_CURVE('',#1806,#1807,#101,.T.);
#2406=EDGE_CURVE('',#1806,#1774,#105,.T.);
#2408=EDGE_CURVE('',#1774,#1775,#109,.T.);
#2410=EDGE_CURVE('',#1775,#1795,#113,.T.);
#2412=EDGE_CURVE('',#1795,#1793,#117,.T.);
#2414=EDGE_CURVE('',#1791,#1793,#121,.T.);
#2418=EDGE_CURVE('',#1854,#1855,#125,.T.);
#2420=EDGE_CURVE('',#1855,#1857,#129,.T.);
#2422=EDGE_CURVE('',#1857,#1859,#133,.T.);
#2424=EDGE_CURVE('',#1859,#1854,#137,.T.);
#2428=EDGE_CURVE('',#1870,#1871,#141,.T.);
#2430=EDGE_CURVE('',#1871,#1873,#145,.T.);
#2432=EDGE_CURVE('',#1873,#1875,#149,.T.);
#2434=EDGE_CURVE('',#1875,#1870,#153,.T.);
#2438=EDGE_CURVE('',#1886,#1887,#157,.T.);
#2440=EDGE_CURVE('',#1887,#1889,#161,.T.);
#2442=EDGE_CURVE('',#1889,#1891,#165,.T.);
#2444=EDGE_CURVE('',#1891,#1886,#169,.T.);
#2448=EDGE_CURVE('',#2116,#2117,#173,.T.);
#2450=EDGE_CURVE('',#2117,#2119,#177,.T.);
#2452=EDGE_CURVE('',#2119,#2121,#181,.T.);
#2454=EDGE_CURVE('',#2121,#2123,#185,.T.);
#2456=EDGE_CURVE('',#2123,#2125,#189,.T.);
#2458=EDGE_CURVE('',#2125,#2116,#193,.T.);
#2462=EDGE_CURVE('',#2128,#2129,#197,.T.);
#2464=EDGE_CURVE('',#2129,#2131,#201,.T.);
#2466=EDGE_CURVE('',#2131,#2133,#205,.T.);
#2468=EDGE_CURVE('',#2133,#2135,#209,.T.);
#2470=EDGE_CURVE('',#2135,#2137,#213,.T.);
#2472=EDGE_CURVE('',#2137,#2139,#217,.T.);
#2474=EDGE_CURVE('',#2139,#2141,#221,.T.);
#2476=EDGE_CURVE('',#2141,#2143,#225,.T.);
#2478=EDGE_CURVE('',#2143,#2145,#229,.T.);
#2480=EDGE_CURVE('',#2145,#2147,#233,.T.);
#2482=EDGE_CURVE('',#2147,#2149,#237,.T.);
#2484=EDGE_CURVE('',#2149,#2151,#241,.T.);
#2486=EDGE_CURVE('',#2151,#2153,#245,.T.);
#2488=EDGE_CURVE('',#2153,#2155,#249,.T.);
#2490=EDGE_CURVE('',#2155,#2157,#253,.T.);
#2492=EDGE_CURVE('',#2157,#2159,#257,.T.);
#2494=EDGE_CURVE('',#2159,#2161,#261,.T.);
#2496=EDGE_CURVE('',#2161,#2163,#265,.T.);
#2498=EDGE_CURVE('',#2163,#2165,#269,.T.);
#2500=EDGE_CURVE('',#2165,#2167,#273,.T.);
#2502=EDGE_CURVE('',#2167,#2169,#277,.T.);
#2504=EDGE_CURVE('',#2169,#2171,#281,.T.);
#2506=EDGE_CURVE('',#2171,#2173,#285,.T.);
#2508=EDGE_CURVE('',#2173,#2175,#289,.T.);
#2510=EDGE_CURVE('',#2175,#2177,#293,.T.);
#2512=EDGE_CURVE('',#2177,#2179,#297,.T.);
#2514=EDGE_CURVE('',#2179,#2181,#301,.T.);
#2516=EDGE_CURVE('',#2181,#2183,#305,.T.);
#2518=EDGE_CURVE('',#2183,#2185,#309,.T.);
#2520=EDGE_CURVE('',#2185,#2187,#313,.T.);
#2522=EDGE_CURVE('',#2187,#2189,#317,.T.);
#2524=EDGE_CURVE('',#2189,#2191,#321,.T.);
#2526=EDGE_CURVE('',#2191,#2193,#325,.T.);
#2528=EDGE_CURVE('',#2193,#2195,#329,.T.);
#2531=EDGE_CURVE('',#2197,#2199,#337,.T.);
#2533=EDGE_CURVE('',#2199,#2201,#341,.T.);
#2535=EDGE_CURVE('',#2201,#2203,#345,.T.);
#2537=EDGE_CURVE('',#2203,#2205,#349,.T.);
#2539=EDGE_CURVE('',#2205,#2128,#353,.T.);
#2543=EDGE_CURVE('',#2208,#2209,#357,.T.);
#2545=EDGE_CURVE('',#2209,#2211,#361,.T.);
#2547=EDGE_CURVE('',#2211,#2213,#365,.T.);
#2549=EDGE_CURVE('',#2213,#2215,#369,.T.);
#2551=EDGE_CURVE('',#2215,#2217,#373,.T.);
#2553=EDGE_CURVE('',#2217,#2219,#377,.T.);
#2555=EDGE_CURVE('',#2219,#2221,#381,.T.);
#2557=EDGE_CURVE('',#2221,#2223,#385,.T.);
#2559=EDGE_CURVE('',#2223,#2225,#389,.T.);
#2561=EDGE_CURVE('',#2225,#2227,#393,.T.);
#2563=EDGE_CURVE('',#2227,#2229,#397,.T.);
#2565=EDGE_CURVE('',#2229,#2208,#401,.T.);
#2569=EDGE_CURVE('',#2232,#2233,#405,.T.);
#2571=EDGE_CURVE('',#2233,#2235,#409,.T.);
#2573=EDGE_CURVE('',#2235,#2237,#413,.T.);
#2575=EDGE_CURVE('',#2237,#2239,#417,.T.);
#2577=EDGE_CURVE('',#2239,#2241,#421,.T.);
#2579=EDGE_CURVE('',#2241,#2243,#425,.T.);
#2581=EDGE_CURVE('',#2243,#2245,#429,.T.);
#2583=EDGE_CURVE('',#2245,#2247,#433,.T.);
#2585=EDGE_CURVE('',#2247,#2249,#437,.T.);
#2587=EDGE_CURVE('',#2249,#2251,#441,.T.);
#2589=EDGE_CURVE('',#2251,#2253,#445,.T.);
#2591=EDGE_CURVE('',#2253,#2255,#449,.T.);
#2593=EDGE_CURVE('',#2255,#2257,#453,.T.);
#2595=EDGE_CURVE('',#2257,#2232,#457,.T.);
#2599=EDGE_CURVE('',#2284,#2285,#509,.T.);
#2601=EDGE_CURVE('',#2285,#2287,#513,.T.);
#2603=EDGE_CURVE('',#2287,#2289,#517,.T.);
#2605=EDGE_CURVE('',#2289,#2291,#521,.T.);
#2607=EDGE_CURVE('',#2291,#2293,#525,.T.);
#2609=EDGE_CURVE('',#2293,#2295,#529,.T.);
#2611=EDGE_CURVE('',#2295,#2297,#533,.T.);
#2613=EDGE_CURVE('',#2297,#2284,#537,.T.);
#2630=EDGE_CURVE('',#2260,#2261,#461,.T.);
#2632=EDGE_CURVE('',#2261,#2263,#465,.T.);
#2634=EDGE_CURVE('',#2263,#2265,#469,.T.);
#2636=EDGE_CURVE('',#2265,#2267,#473,.T.);
#2638=EDGE_CURVE('',#2267,#2269,#477,.T.);
#2640=EDGE_CURVE('',#2269,#2271,#481,.T.);
#2642=EDGE_CURVE('',#2271,#2273,#485,.T.);
#2644=EDGE_CURVE('',#2273,#2275,#489,.T.);
#2646=EDGE_CURVE('',#2275,#2277,#493,.T.);
#2648=EDGE_CURVE('',#2277,#2279,#497,.T.);
#2650=EDGE_CURVE('',#2279,#2281,#501,.T.);
#2652=EDGE_CURVE('',#2281,#2260,#505,.T.);
#2669=EDGE_CURVE('',#2300,#2301,#541,.T.);
#2671=EDGE_CURVE('',#2301,#2303,#545,.T.);
#2673=EDGE_CURVE('',#2303,#2300,#549,.T.);
#2691=EDGE_CURVE('',#1823,#1791,#553,.T.);
#2693=EDGE_CURVE('',#1822,#1823,#581,.T.);
#2695=EDGE_CURVE('',#1790,#1822,#561,.T.);
#2713=EDGE_CURVE('',#1825,#1793,#557,.T.);
#2715=EDGE_CURVE('',#1823,#1825,#585,.T.);
#2734=EDGE_CURVE('',#1795,#1827,#569,.T.);
#2736=EDGE_CURVE('',#1827,#1825,#589,.T.);
#2755=EDGE_CURVE('',#1822,#1835,#657,.T.);
#2757=EDGE_CURVE('',#1803,#1835,#565,.T.);
#2777=EDGE_CURVE('',#1775,#1783,#573,.T.);
#2779=EDGE_CURVE('',#1783,#1827,#593,.T.);
#2796=EDGE_CURVE('',#1798,#1830,#577,.T.);
#2798=EDGE_CURVE('',#1830,#1786,#641,.T.);
#2800=EDGE_CURVE('',#1778,#1786,#717,.T.);
#2822=EDGE_CURVE('',#1782,#1783,#597,.T.);
#2824=EDGE_CURVE('',#1838,#1782,#601,.T.);
#2826=EDGE_CURVE('',#1838,#1839,#605,.T.);
#2828=EDGE_CURVE('',#1839,#1841,#609,.T.);
#2830=EDGE_CURVE('',#1843,#1841,#613,.T.);
#2832=EDGE_CURVE('',#1846,#1843,#617,.T.);
#2834=EDGE_CURVE('',#1846,#1847,#621,.T.);
#2836=EDGE_CURVE('',#1847,#1849,#625,.T.);
#2838=EDGE_CURVE('',#1851,#1849,#629,.T.);
#2840=EDGE_CURVE('',#1787,#1851,#633,.T.);
#2842=EDGE_CURVE('',#1786,#1787,#637,.T.);
#2845=EDGE_CURVE('',#1830,#1831,#645,.T.);
#2847=EDGE_CURVE('',#1831,#1833,#649,.T.);
#2849=EDGE_CURVE('',#1835,#1833,#653,.T.);
#2854=EDGE_CURVE('',#1910,#1911,#661,.T.);
#2856=EDGE_CURVE('',#1911,#1913,#665,.T.);
#2858=EDGE_CURVE('',#1913,#1915,#669,.T.);
#2860=EDGE_CURVE('',#1915,#1910,#673,.T.);
#2878=EDGE_CURVE('',#1774,#1782,#677,.T.);
#2897=EDGE_CURVE('',#1806,#1838,#681,.T.);
#2917=EDGE_CURVE('',#1811,#1843,#685,.T.);
#2920=EDGE_CURVE('',#1814,#1846,#689,.T.);
#2938=EDGE_CURVE('',#1819,#1851,#693,.T.);
#2941=EDGE_CURVE('',#1779,#1787,#697,.T.);
#2960=EDGE_CURVE('',#1839,#1807,#701,.T.);
#2980=EDGE_CURVE('',#1841,#1809,#705,.T.);
#3019=EDGE_CURVE('',#1847,#1815,#709,.T.);
#3039=EDGE_CURVE('',#1849,#1817,#713,.T.);
#3097=EDGE_CURVE('',#1831,#1799,#721,.T.);
#3117=EDGE_CURVE('',#1833,#1801,#725,.T.);
#3156=EDGE_CURVE('',#1910,#1902,#729,.T.);
#3158=EDGE_CURVE('',#1902,#1903,#745,.T.);
#3160=EDGE_CURVE('',#1911,#1903,#741,.T.);
#3178=EDGE_CURVE('',#1915,#1907,#733,.T.);
#3180=EDGE_CURVE('',#1907,#1902,#749,.T.);
#3199=EDGE_CURVE('',#1913,#1905,#737,.T.);
#3201=EDGE_CURVE('',#1905,#1907,#753,.T.);
#3221=EDGE_CURVE('',#1903,#1905,#757,.T.);
#3245=EDGE_CURVE('',#1918,#1919,#761,.T.);
#3247=EDGE_CURVE('',#1919,#1921,#765,.T.);
#3249=EDGE_CURVE('',#1921,#1923,#769,.T.);
#3251=EDGE_CURVE('',#1923,#1918,#773,.T.);
#3268=EDGE_CURVE('',#2306,#2307,#777,.T.);
#3270=EDGE_CURVE('',#1919,#2306,#913,.T.);
#3273=EDGE_CURVE('',#1918,#2325,#781,.T.);
#3275=EDGE_CURVE('',#2323,#2325,#785,.T.);
#3277=EDGE_CURVE('',#2321,#2323,#789,.T.);
#3279=EDGE_CURVE('',#2319,#2321,#793,.T.);
#3281=EDGE_CURVE('',#2317,#2319,#797,.T.);
#3283=EDGE_CURVE('',#2315,#2317,#801,.T.);
#3285=EDGE_CURVE('',#2313,#2315,#805,.T.);
#3287=EDGE_CURVE('',#2311,#2313,#809,.T.);
#3289=EDGE_CURVE('',#2309,#2311,#813,.T.);
#3291=EDGE_CURVE('',#2307,#2309,#817,.T.);
#3309=EDGE_CURVE('',#2329,#2307,#821,.T.);
#3311=EDGE_CURVE('',#2327,#2329,#865,.T.);
#3313=EDGE_CURVE('',#2306,#2327,#909,.T.);
#3331=EDGE_CURVE('',#2331,#2309,#825,.T.);
#3333=EDGE_CURVE('',#2329,#2331,#869,.T.);
#3352=EDGE_CURVE('',#2333,#2311,#829,.T.);
#3354=EDGE_CURVE('',#2331,#2333,#873,.T.);
#3373=EDGE_CURVE('',#2335,#2313,#833,.T.);
#3375=EDGE_CURVE('',#2333,#2335,#877,.T.);
#3394=EDGE_CURVE('',#2337,#2315,#837,.T.);
#3396=EDGE_CURVE('',#2335,#2337,#881,.T.);
#3415=EDGE_CURVE('',#2339,#2317,#841,.T.);
#3417=EDGE_CURVE('',#2337,#2339,#885,.T.);
#3436=EDGE_CURVE('',#2341,#2319,#845,.T.);
#3438=EDGE_CURVE('',#2339,#2341,#889,.T.);
#3457=EDGE_CURVE('',#2343,#2321,#849,.T.);
#3459=EDGE_CURVE('',#2341,#2343,#893,.T.);
#3478=EDGE_CURVE('',#2345,#2323,#853,.T.);
#3480=EDGE_CURVE('',#2343,#2345,#897,.T.);
#3499=EDGE_CURVE('',#2347,#2325,#857,.T.);
#3501=EDGE_CURVE('',#2345,#2347,#901,.T.);
#3522=EDGE_CURVE('',#1923,#2347,#861,.T.);
#3551=EDGE_CURVE('',#1921,#2327,#905,.T.);
#3587=EDGE_CURVE('',#1862,#1863,#918,.T.);
#3589=EDGE_CURVE('',#1855,#1862,#947,.T.);
#3592=EDGE_CURVE('',#1854,#1863,#922,.T.);
#3610=EDGE_CURVE('',#1865,#1863,#926,.T.);
#3612=EDGE_CURVE('',#1865,#1867,#935,.T.);
#3614=EDGE_CURVE('',#1867,#1862,#943,.T.);
#3634=EDGE_CURVE('',#1859,#1865,#930,.T.);
#3654=EDGE_CURVE('',#1857,#1867,#939,.T.);
#3690=EDGE_CURVE('',#1878,#1879,#952,.T.);
#3692=EDGE_CURVE('',#1871,#1878,#981,.T.);
#3695=EDGE_CURVE('',#1870,#1879,#956,.T.);
#3713=EDGE_CURVE('',#1881,#1879,#960,.T.);
#3715=EDGE_CURVE('',#1881,#1883,#969,.T.);
#3717=EDGE_CURVE('',#1883,#1878,#977,.T.);
#3737=EDGE_CURVE('',#1875,#1881,#964,.T.);
#3757=EDGE_CURVE('',#1873,#1883,#973,.T.);
#3793=EDGE_CURVE('',#1894,#1895,#986,.T.);
#3795=EDGE_CURVE('',#1887,#1894,#1015,.T.);
#3798=EDGE_CURVE('',#1886,#1895,#990,.T.);
#3816=EDGE_CURVE('',#1897,#1895,#994,.T.);
#3818=EDGE_CURVE('',#1897,#1899,#1003,.T.);
#3820=EDGE_CURVE('',#1899,#1894,#1011,.T.);
#3840=EDGE_CURVE('',#1891,#1897,#998,.T.);
#3860=EDGE_CURVE('',#1889,#1899,#1007,.T.);
#3897=EDGE_CURVE('',#2116,#1926,#1019,.T.);
#3899=EDGE_CURVE('',#1926,#1927,#1043,.T.);
#3901=EDGE_CURVE('',#2117,#1927,#1039,.T.);
#3919=EDGE_CURVE('',#2125,#1935,#1023,.T.);
#3921=EDGE_CURVE('',#1935,#1926,#1047,.T.);
#3940=EDGE_CURVE('',#2123,#1933,#1027,.T.);
#3942=EDGE_CURVE('',#1933,#1935,#1051,.T.);
#3961=EDGE_CURVE('',#2121,#1931,#1031,.T.);
#3963=EDGE_CURVE('',#1931,#1933,#1055,.T.);
#3982=EDGE_CURVE('',#2119,#1929,#1035,.T.);
#3984=EDGE_CURVE('',#1929,#1931,#1059,.T.);
#4004=EDGE_CURVE('',#1927,#1929,#1063,.T.);
#4043=EDGE_CURVE('',#1938,#1939,#1067,.T.);
#4045=EDGE_CURVE('',#2015,#1938,#1071,.T.);
#4047=EDGE_CURVE('',#2013,#2015,#1075,.T.);
#4049=EDGE_CURVE('',#2011,#2013,#1079,.T.);
#4051=EDGE_CURVE('',#2009,#2011,#1083,.T.);
#4053=EDGE_CURVE('',#2007,#2009,#1087,.T.);
#4056=EDGE_CURVE('',#2003,#2005,#1095,.T.);
#4058=EDGE_CURVE('',#2001,#2003,#1099,.T.);
#4060=EDGE_CURVE('',#1999,#2001,#1103,.T.);
#4062=EDGE_CURVE('',#1997,#1999,#1107,.T.);
#4064=EDGE_CURVE('',#1995,#1997,#1111,.T.);
#4066=EDGE_CURVE('',#1993,#1995,#1115,.T.);
#4068=EDGE_CURVE('',#1991,#1993,#1119,.T.);
#4070=EDGE_CURVE('',#1989,#1991,#1123,.T.);
#4072=EDGE_CURVE('',#1987,#1989,#1127,.T.);
#4074=EDGE_CURVE('',#1985,#1987,#1131,.T.);
#4076=EDGE_CURVE('',#1983,#1985,#1135,.T.);
#4078=EDGE_CURVE('',#1981,#1983,#1139,.T.);
#4080=EDGE_CURVE('',#1979,#1981,#1143,.T.);
#4082=EDGE_CURVE('',#1977,#1979,#1147,.T.);
#4084=EDGE_CURVE('',#1975,#1977,#1151,.T.);
#4086=EDGE_CURVE('',#1973,#1975,#1155,.T.);
#4088=EDGE_CURVE('',#1971,#1973,#1159,.T.);
#4090=EDGE_CURVE('',#1969,#1971,#1163,.T.);
#4092=EDGE_CURVE('',#1967,#1969,#1167,.T.);
#4094=EDGE_CURVE('',#1965,#1967,#1171,.T.);
#4096=EDGE_CURVE('',#1963,#1965,#1175,.T.);
#4098=EDGE_CURVE('',#1961,#1963,#1179,.T.);
#4100=EDGE_CURVE('',#1959,#1961,#1183,.T.);
#4102=EDGE_CURVE('',#1957,#1959,#1187,.T.);
#4104=EDGE_CURVE('',#1955,#1957,#1191,.T.);
#4106=EDGE_CURVE('',#1953,#1955,#1195,.T.);
#4108=EDGE_CURVE('',#1951,#1953,#1199,.T.);
#4110=EDGE_CURVE('',#1949,#1951,#1203,.T.);
#4112=EDGE_CURVE('',#1947,#1949,#1207,.T.);
#4114=EDGE_CURVE('',#1945,#1947,#1211,.T.);
#4116=EDGE_CURVE('',#1943,#1945,#1215,.T.);
#4118=EDGE_CURVE('',#1941,#1943,#1219,.T.);
#4120=EDGE_CURVE('',#1939,#1941,#1223,.T.);
#4137=EDGE_CURVE('',#2018,#2019,#1227,.T.);
#4139=EDGE_CURVE('',#2039,#2018,#1231,.T.);
#4141=EDGE_CURVE('',#2037,#2039,#1235,.T.);
#4143=EDGE_CURVE('',#2035,#2037,#1239,.T.);
#4145=EDGE_CURVE('',#2033,#2035,#1243,.T.);
#4147=EDGE_CURVE('',#2031,#2033,#1247,.T.);
#4149=EDGE_CURVE('',#2029,#2031,#1251,.T.);
#4151=EDGE_CURVE('',#2027,#2029,#1255,.T.);
#4153=EDGE_CURVE('',#2025,#2027,#1259,.T.);
#4155=EDGE_CURVE('',#2023,#2025,#1263,.T.);
#4157=EDGE_CURVE('',#2021,#2023,#1267,.T.);
#4159=EDGE_CURVE('',#2019,#2021,#1271,.T.);
#4176=EDGE_CURVE('',#2042,#2043,#1275,.T.);
#4178=EDGE_CURVE('',#2067,#2042,#1279,.T.);
#4180=EDGE_CURVE('',#2065,#2067,#1283,.T.);
#4182=EDGE_CURVE('',#2063,#2065,#1287,.T.);
#4184=EDGE_CURVE('',#2061,#2063,#1291,.T.);
#4186=EDGE_CURVE('',#2059,#2061,#1295,.T.);
#4188=EDGE_CURVE('',#2057,#2059,#1299,.T.);
#4190=EDGE_CURVE('',#2055,#2057,#1303,.T.);
#4192=EDGE_CURVE('',#2053,#2055,#1307,.T.);
#4194=EDGE_CURVE('',#2051,#2053,#1311,.T.);
#4196=EDGE_CURVE('',#2049,#2051,#1315,.T.);
#4198=EDGE_CURVE('',#2047,#2049,#1319,.T.);
#4200=EDGE_CURVE('',#2045,#2047,#1323,.T.);
#4202=EDGE_CURVE('',#2043,#2045,#1327,.T.);
#4206=EDGE_CURVE('',#2070,#2071,#1331,.T.);
#4208=EDGE_CURVE('',#2091,#2070,#1335,.T.);
#4210=EDGE_CURVE('',#2089,#2091,#1339,.T.);
#4212=EDGE_CURVE('',#2087,#2089,#1343,.T.);
#4214=EDGE_CURVE('',#2085,#2087,#1347,.T.);
#4216=EDGE_CURVE('',#2083,#2085,#1351,.T.);
#4218=EDGE_CURVE('',#2081,#2083,#1355,.T.);
#4220=EDGE_CURVE('',#2079,#2081,#1359,.T.);
#4222=EDGE_CURVE('',#2077,#2079,#1363,.T.);
#4224=EDGE_CURVE('',#2075,#2077,#1367,.T.);
#4226=EDGE_CURVE('',#2073,#2075,#1371,.T.);
#4228=EDGE_CURVE('',#2071,#2073,#1375,.T.);
#4245=EDGE_CURVE('',#2094,#2095,#1379,.T.);
#4247=EDGE_CURVE('',#2107,#2094,#1383,.T.);
#4249=EDGE_CURVE('',#2105,#2107,#1387,.T.);
#4251=EDGE_CURVE('',#2103,#2105,#1391,.T.);
#4253=EDGE_CURVE('',#2101,#2103,#1395,.T.);
#4255=EDGE_CURVE('',#2099,#2101,#1399,.T.);
#4257=EDGE_CURVE('',#2097,#2099,#1403,.T.);
#4259=EDGE_CURVE('',#2095,#2097,#1407,.T.);
#4263=EDGE_CURVE('',#2110,#2111,#1411,.T.);
#4265=EDGE_CURVE('',#2113,#2110,#1415,.T.);
#4267=EDGE_CURVE('',#2111,#2113,#1419,.T.);
#4285=EDGE_CURVE('',#2128,#1938,#1423,.T.);
#4288=EDGE_CURVE('',#2129,#1939,#1447,.T.);
#4306=EDGE_CURVE('',#2205,#2015,#1427,.T.);
#4326=EDGE_CURVE('',#2203,#2013,#1431,.T.);
#4346=EDGE_CURVE('',#2201,#2011,#1435,.T.);
#4366=EDGE_CURVE('',#2199,#2009,#1439,.T.);
#4407=EDGE_CURVE('',#2131,#1941,#1451,.T.);
#4427=EDGE_CURVE('',#2133,#1943,#1455,.T.);
#4447=EDGE_CURVE('',#2135,#1945,#1459,.T.);
#4467=EDGE_CURVE('',#2137,#1947,#1463,.T.);
#4487=EDGE_CURVE('',#2139,#1949,#1467,.T.);
#4507=EDGE_CURVE('',#2141,#1951,#1471,.T.);
#4527=EDGE_CURVE('',#2143,#1953,#1475,.T.);
#4547=EDGE_CURVE('',#2145,#1955,#1479,.T.);
#4567=EDGE_CURVE('',#2147,#1957,#1483,.T.);
#4587=EDGE_CURVE('',#2149,#1959,#1487,.T.);
#4607=EDGE_CURVE('',#2151,#1961,#1491,.T.);
#4627=EDGE_CURVE('',#2153,#1963,#1495,.T.);
#4647=EDGE_CURVE('',#2155,#1965,#1499,.T.);
#4667=EDGE_CURVE('',#2157,#1967,#1503,.T.);
#4687=EDGE_CURVE('',#2159,#1969,#1507,.T.);
#4707=EDGE_CURVE('',#2161,#1971,#1511,.T.);
#4727=EDGE_CURVE('',#2163,#1973,#1515,.T.);
#4747=EDGE_CURVE('',#2165,#1975,#1519,.T.);
#4767=EDGE_CURVE('',#2167,#1977,#1523,.T.);
#4787=EDGE_CURVE('',#2169,#1979,#1527,.T.);
#4807=EDGE_CURVE('',#2171,#1981,#1531,.T.);
#4827=EDGE_CURVE('',#2173,#1983,#1535,.T.);
#4847=EDGE_CURVE('',#2175,#1985,#1539,.T.);
#4867=EDGE_CURVE('',#2177,#1987,#1543,.T.);
#4887=EDGE_CURVE('',#2179,#1989,#1547,.T.);
#4907=EDGE_CURVE('',#2181,#1991,#1551,.T.);
#4927=EDGE_CURVE('',#2183,#1993,#1555,.T.);
#4947=EDGE_CURVE('',#2185,#1995,#1559,.T.);
#4967=EDGE_CURVE('',#2187,#1997,#1563,.T.);
#4987=EDGE_CURVE('',#2189,#1999,#1567,.T.);
#5007=EDGE_CURVE('',#2191,#2001,#1571,.T.);
#5027=EDGE_CURVE('',#2193,#2003,#1575,.T.);
#5064=EDGE_CURVE('',#2208,#2018,#1579,.T.);
#5067=EDGE_CURVE('',#2209,#2019,#1623,.T.);
#5085=EDGE_CURVE('',#2229,#2039,#1583,.T.);
#5105=EDGE_CURVE('',#2227,#2037,#1587,.T.);
#5125=EDGE_CURVE('',#2225,#2035,#1591,.T.);
#5145=EDGE_CURVE('',#2223,#2033,#1595,.T.);
#5165=EDGE_CURVE('',#2221,#2031,#1599,.T.);
#5185=EDGE_CURVE('',#2219,#2029,#1603,.T.);
#5205=EDGE_CURVE('',#2217,#2027,#1607,.T.);
#5225=EDGE_CURVE('',#2215,#2025,#1611,.T.);
#5245=EDGE_CURVE('',#2213,#2023,#1615,.T.);
#5265=EDGE_CURVE('',#2211,#2021,#1619,.T.);
#5304=EDGE_CURVE('',#2232,#2042,#1627,.T.);
#5307=EDGE_CURVE('',#2233,#2043,#1679,.T.);
#5325=EDGE_CURVE('',#2257,#2067,#1631,.T.);
#5345=EDGE_CURVE('',#2255,#2065,#1635,.T.);
#5365=EDGE_CURVE('',#2253,#2063,#1639,.T.);
#5385=EDGE_CURVE('',#2251,#2061,#1643,.T.);
#5405=EDGE_CURVE('',#2249,#2059,#1647,.T.);
#5425=EDGE_CURVE('',#2247,#2057,#1651,.T.);
#5445=EDGE_CURVE('',#2245,#2055,#1655,.T.);
#5465=EDGE_CURVE('',#2243,#2053,#1659,.T.);
#5485=EDGE_CURVE('',#2241,#2051,#1663,.T.);
#5505=EDGE_CURVE('',#2239,#2049,#1667,.T.);
#5525=EDGE_CURVE('',#2237,#2047,#1671,.T.);
#5545=EDGE_CURVE('',#2235,#2045,#1675,.T.);
#5584=EDGE_CURVE('',#2260,#2070,#1683,.T.);
#5587=EDGE_CURVE('',#2261,#2071,#1727,.T.);
#5605=EDGE_CURVE('',#2281,#2091,#1687,.T.);
#5625=EDGE_CURVE('',#2279,#2089,#1691,.T.);
#5645=EDGE_CURVE('',#2277,#2087,#1695,.T.);
#5665=EDGE_CURVE('',#2275,#2085,#1699,.T.);
#5685=EDGE_CURVE('',#2273,#2083,#1703,.T.);
#5705=EDGE_CURVE('',#2271,#2081,#1707,.T.);
#5725=EDGE_CURVE('',#2269,#2079,#1711,.T.);
#5745=EDGE_CURVE('',#2267,#2077,#1715,.T.);
#5765=EDGE_CURVE('',#2265,#2075,#1719,.T.);
#5785=EDGE_CURVE('',#2263,#2073,#1723,.T.);
#5824=EDGE_CURVE('',#2284,#2094,#1731,.T.);
#5827=EDGE_CURVE('',#2285,#2095,#1759,.T.);
#5845=EDGE_CURVE('',#2297,#2107,#1735,.T.);
#5865=EDGE_CURVE('',#2295,#2105,#1739,.T.);
#5885=EDGE_CURVE('',#2293,#2103,#1743,.T.);
#5905=EDGE_CURVE('',#2291,#2101,#1747,.T.);
#5925=EDGE_CURVE('',#2289,#2099,#1751,.T.);
#5945=EDGE_CURVE('',#2287,#2097,#1755,.T.);
#5984=EDGE_CURVE('',#2300,#2110,#1763,.T.);
#5987=EDGE_CURVE('',#2301,#2111,#1771,.T.);
#6005=EDGE_CURVE('',#2303,#2113,#1767,.T.);
#6044=CIRCLE('',#6043,1.65E-1);
#6061=CIRCLE('',#6060,1.65E-1);
#6098=CIRCLE('',#6097,1.65E-1);
#6139=CIRCLE('',#6138,1.65E-1);
#6168=CIRCLE('',#6167,3.E-1);
#6181=CIRCLE('',#6180,2.E-1);
#6194=CIRCLE('',#6193,2.E-1);
#6211=CIRCLE('',#6210,2.E-1);
#6220=CIRCLE('',#6219,2.E-1);
#6237=CIRCLE('',#6236,3.E-1);
#6282=CIRCLE('',#6281,1.E-1);
#6299=CIRCLE('',#6298,6.E-1);
#6308=CIRCLE('',#6307,6.E-1);
#6325=CIRCLE('',#6324,1.E-1);
#6342=CIRCLE('',#6341,5.4E-1);
#6359=CIRCLE('',#6358,4.E-2);
#6368=CIRCLE('',#6367,6.E-1);
#6373=CIRCLE('',#6372,6.E-1);
#6386=CIRCLE('',#6385,4.E-2);
#6403=CIRCLE('',#6402,5.4E-1);
#6504=CIRCLE('',#6503,3.E-1);
#6513=CIRCLE('',#6512,3.E-1);
#6562=CIRCLE('',#6561,3.E-1);
#6571=CIRCLE('',#6570,3.E-1);
#6592=CIRCLE('',#6591,5.4E-1);
#6609=CIRCLE('',#6608,4.E-2);
#6618=CIRCLE('',#6617,6.E-1);
#6635=CIRCLE('',#6634,1.E-1);
#6652=CIRCLE('',#6651,1.E-1);
#6669=CIRCLE('',#6668,6.E-1);
#6674=CIRCLE('',#6673,1.65E-1);
#6715=CIRCLE('',#6714,1.65E-1);
#6768=CIRCLE('',#6767,1.65E-1);
#6785=CIRCLE('',#6784,1.65E-1);
#6842=CIRCLE('',#6841,3.E-1);
#6851=CIRCLE('',#6850,2.E-1);
#6860=CIRCLE('',#6859,2.E-1);
#6881=CIRCLE('',#6880,2.E-1);
#6890=CIRCLE('',#6889,2.E-1);
#6907=CIRCLE('',#6906,3.E-1);
#6916=CIRCLE('',#6915,3.E-1);
#6925=CIRCLE('',#6924,2.E-1);
#6934=CIRCLE('',#6933,2.E-1);
#6951=CIRCLE('',#6950,3.E-1);
#6964=CIRCLE('',#6963,2.E-1);
#6977=CIRCLE('',#6976,2.E-1);
#6998=CIRCLE('',#6997,6.E-1);
#7003=CIRCLE('',#7002,6.E-1);
#7028=CIRCLE('',#7027,4.E-2);
#7045=CIRCLE('',#7044,5.4E-1);
#7066=CIRCLE('',#7065,4.E-1);
#7075=CIRCLE('',#7074,4.E-1);
#7108=CIRCLE('',#7107,4.E-1);
#7117=CIRCLE('',#7116,4.E-1);
#7162=CIRCLE('',#7161,3.E-1);
#7171=CIRCLE('',#7170,2.E-1);
#7180=CIRCLE('',#7179,2.E-1);
#7197=CIRCLE('',#7196,3.E-1);
#7206=CIRCLE('',#7205,2.E-1);
#7215=CIRCLE('',#7214,2.E-1);
#7617=EDGE_CURVE('',#7466,#7467,#6061,.T.);
#7619=EDGE_CURVE('',#7469,#7467,#7153,.T.);
#7621=EDGE_CURVE('',#7469,#7471,#6139,.T.);
#7623=EDGE_CURVE('',#7471,#7466,#7235,.T.);
#7640=EDGE_CURVE('',#7461,#7463,#6044,.T.);
#7642=EDGE_CURVE('',#7270,#7461,#6048,.T.);
#7644=EDGE_CURVE('',#7238,#7270,#6245,.T.);
#7646=EDGE_CURVE('',#7251,#7238,#6312,.T.);
#7648=EDGE_CURVE('',#7251,#7267,#6052,.T.);
#7650=EDGE_CURVE('',#7267,#7254,#6664,.T.);
#7652=EDGE_CURVE('',#7304,#7254,#6253,.T.);
#7654=EDGE_CURVE('',#7304,#7467,#6056,.T.);
#7657=EDGE_CURVE('',#7466,#7372,#6065,.T.);
#7659=EDGE_CURVE('',#7372,#7321,#6069,.T.);
#7661=EDGE_CURVE('',#7319,#7321,#6073,.T.);
#7663=EDGE_CURVE('',#7319,#7308,#6077,.T.);
#7665=EDGE_CURVE('',#7274,#7308,#6265,.T.);
#7667=EDGE_CURVE('',#7282,#7274,#6081,.T.);
#7669=EDGE_CURVE('',#7287,#7282,#6085,.T.);
#7671=EDGE_CURVE('',#7366,#7287,#6089,.T.);
#7673=EDGE_CURVE('',#7463,#7366,#6093,.T.);
#7690=EDGE_CURVE('',#7458,#7459,#6098,.T.);
#7692=EDGE_CURVE('',#7461,#7459,#6269,.T.);
#7695=EDGE_CURVE('',#7463,#7458,#6159,.T.);
#7713=EDGE_CURVE('',#7458,#7367,#6102,.T.);
#7715=EDGE_CURVE('',#7367,#7278,#6106,.T.);
#7717=EDGE_CURVE('',#7278,#7279,#6110,.T.);
#7719=EDGE_CURVE('',#7279,#7275,#6114,.T.);
#7721=EDGE_CURVE('',#7275,#7309,#6118,.T.);
#7723=EDGE_CURVE('',#7313,#7309,#6122,.T.);
#7725=EDGE_CURVE('',#7312,#7313,#6126,.T.);
#7727=EDGE_CURVE('',#7373,#7312,#6130,.T.);
#7729=EDGE_CURVE('',#7471,#7373,#6134,.T.);
#7732=EDGE_CURVE('',#7305,#7469,#6143,.T.);
#7734=EDGE_CURVE('',#7305,#7255,#6147,.T.);
#7736=EDGE_CURVE('',#7255,#7257,#6656,.T.);
#7738=EDGE_CURVE('',#7241,#7257,#6993,.T.);
#7740=EDGE_CURVE('',#7239,#7241,#6320,.T.);
#7742=EDGE_CURVE('',#7239,#7271,#6151,.T.);
#7744=EDGE_CURVE('',#7271,#7459,#6155,.T.);
#7763=EDGE_CURVE('',#7366,#7367,#6163,.T.);
#7781=EDGE_CURVE('',#7278,#7301,#6189,.T.);
#7786=EDGE_CURVE('',#7285,#7287,#6168,.T.);
#7788=EDGE_CURVE('',#7285,#7369,#6172,.T.);
#7790=EDGE_CURVE('',#7369,#7301,#6176,.T.);
#7807=EDGE_CURVE('',#7290,#7291,#6181,.T.);
#7809=EDGE_CURVE('',#7290,#7279,#6185,.T.);
#7813=EDGE_CURVE('',#7299,#7301,#6194,.T.);
#7815=EDGE_CURVE('',#7299,#7291,#6198,.T.);
#7833=EDGE_CURVE('',#7293,#7291,#6202,.T.);
#7835=EDGE_CURVE('',#7293,#7295,#6211,.T.);
#7837=EDGE_CURVE('',#7295,#7290,#6228,.T.);
#7856=EDGE_CURVE('',#7297,#7299,#6206,.T.);
#7858=EDGE_CURVE('',#7297,#7293,#6215,.T.);
#7877=EDGE_CURVE('',#7369,#7297,#6220,.T.);
#7899=EDGE_CURVE('',#7285,#7283,#6224,.T.);
#7901=EDGE_CURVE('',#7295,#7283,#6232,.T.);
#7918=EDGE_CURVE('',#7282,#7283,#6237,.T.);
#7942=EDGE_CURVE('',#7274,#7275,#6261,.T.);
#7961=EDGE_CURVE('',#7270,#7271,#6241,.T.);
#7964=EDGE_CURVE('',#7238,#7239,#6316,.T.);
#7982=EDGE_CURVE('',#7304,#7305,#6249,.T.);
#7985=EDGE_CURVE('',#7254,#7255,#6660,.T.);
#8003=EDGE_CURVE('',#7308,#7309,#6257,.T.);
#8042=EDGE_CURVE('',#7354,#7355,#6273,.T.);
#8044=EDGE_CURVE('',#7355,#7363,#6277,.T.);
#8046=EDGE_CURVE('',#7363,#7244,#6282,.T.);
#8048=EDGE_CURVE('',#7244,#7245,#6286,.T.);
#8050=EDGE_CURVE('',#7245,#7247,#6290,.T.);
#8052=EDGE_CURVE('',#7247,#7249,#6294,.T.);
#8054=EDGE_CURVE('',#7249,#7354,#6299,.T.);
#8071=EDGE_CURVE('',#7358,#7359,#6303,.T.);
#8073=EDGE_CURVE('',#7358,#7251,#6308,.T.);
#8078=EDGE_CURVE('',#7241,#7361,#6325,.T.);
#8080=EDGE_CURVE('',#7361,#7359,#6329,.T.);
#8098=EDGE_CURVE('',#7354,#7490,#6333,.T.);
#8100=EDGE_CURVE('',#7490,#7491,#6337,.T.);
#8102=EDGE_CURVE('',#7491,#7493,#6342,.T.);
#8104=EDGE_CURVE('',#7493,#7495,#6346,.T.);
#8106=EDGE_CURVE('',#7495,#7497,#6350,.T.);
#8108=EDGE_CURVE('',#7497,#7499,#6354,.T.);
#8110=EDGE_CURVE('',#7499,#7501,#6359,.T.);
#8112=EDGE_CURVE('',#7501,#7355,#6363,.T.);
#8129=EDGE_CURVE('',#7354,#7517,#6373,.T.);
#8131=EDGE_CURVE('',#7490,#7517,#6491,.T.);
#8149=EDGE_CURVE('',#7519,#7358,#7003,.T.);
#8151=EDGE_CURVE('',#7358,#7504,#7053,.T.);
#8153=EDGE_CURVE('',#7519,#7504,#6487,.T.);
#8170=EDGE_CURVE('',#7567,#7573,#6368,.T.);
#8172=EDGE_CURVE('',#7517,#7573,#6475,.T.);
#8176=EDGE_CURVE('',#7249,#7265,#6377,.T.);
#8178=EDGE_CURVE('',#7265,#7567,#6618,.T.);
#8195=EDGE_CURVE('',#7567,#7538,#6411,.T.);
#8197=EDGE_CURVE('',#7538,#7573,#6479,.T.);
#8215=EDGE_CURVE('',#7571,#7552,#6583,.T.);
#8217=EDGE_CURVE('',#7575,#7571,#6998,.T.);
#8219=EDGE_CURVE('',#7575,#7552,#6483,.T.);
#8236=EDGE_CURVE('',#7549,#7565,#6381,.T.);
#8238=EDGE_CURVE('',#7547,#7549,#6386,.T.);
#8240=EDGE_CURVE('',#7545,#7547,#6390,.T.);
#8242=EDGE_CURVE('',#7543,#7545,#6394,.T.);
#8244=EDGE_CURVE('',#7541,#7543,#6398,.T.);
#8246=EDGE_CURVE('',#7539,#7541,#6403,.T.);
#8248=EDGE_CURVE('',#7538,#7539,#6407,.T.);
#8251=EDGE_CURVE('',#7565,#7567,#6613,.T.);
#8268=EDGE_CURVE('',#7361,#7579,#6431,.T.);
#8270=EDGE_CURVE('',#7579,#7569,#6647,.T.);
#8272=EDGE_CURVE('',#7563,#7569,#6579,.T.);
#8274=EDGE_CURVE('',#7549,#7563,#6435,.T.);
#8277=EDGE_CURVE('',#7565,#7577,#6639,.T.);
#8279=EDGE_CURVE('',#7363,#7577,#6821,.T.);
#8283=EDGE_CURVE('',#7501,#7515,#6439,.T.);
#8285=EDGE_CURVE('',#7515,#7359,#7023,.T.);
#8290=EDGE_CURVE('',#7338,#7339,#6415,.T.);
#8292=EDGE_CURVE('',#7343,#7338,#6419,.T.);
#8294=EDGE_CURVE('',#7341,#7343,#6423,.T.);
#8296=EDGE_CURVE('',#7339,#7341,#6427,.T.);
#8314=EDGE_CURVE('',#7347,#7339,#6447,.T.);
#8316=EDGE_CURVE('',#7346,#7347,#6459,.T.);
#8318=EDGE_CURVE('',#7346,#7338,#6443,.T.);
#8336=EDGE_CURVE('',#7349,#7341,#6451,.T.);
#8338=EDGE_CURVE('',#7347,#7349,#6463,.T.);
#8357=EDGE_CURVE('',#7351,#7343,#6455,.T.);
#8359=EDGE_CURVE('',#7349,#7351,#6467,.T.);
#8379=EDGE_CURVE('',#7351,#7346,#6471,.T.);
#8400=EDGE_CURVE('',#7539,#7553,#6495,.T.);
#8402=EDGE_CURVE('',#7552,#7553,#6587,.T.);
#8405=EDGE_CURVE('',#7519,#7575,#7007,.T.);
#8408=EDGE_CURVE('',#7504,#7505,#7049,.T.);
#8410=EDGE_CURVE('',#7491,#7505,#7149,.T.);
#8436=EDGE_CURVE('',#7541,#7555,#6521,.T.);
#8438=EDGE_CURVE('',#7553,#7555,#6592,.T.);
#8456=EDGE_CURVE('',#7582,#7589,#6499,.T.);
#8458=EDGE_CURVE('',#7609,#7589,#6504,.T.);
#8460=EDGE_CURVE('',#7609,#7605,#6508,.T.);
#8462=EDGE_CURVE('',#7591,#7605,#6513,.T.);
#8464=EDGE_CURVE('',#7591,#7586,#6517,.T.);
#8466=EDGE_CURVE('',#7586,#7557,#6541,.T.);
#8468=EDGE_CURVE('',#7555,#7557,#6596,.T.);
#8472=EDGE_CURVE('',#7543,#7582,#6533,.T.);
#8490=EDGE_CURVE('',#7582,#7583,#6529,.T.);
#8492=EDGE_CURVE('',#7583,#7593,#6545,.T.);
#8494=EDGE_CURVE('',#7593,#7589,#6525,.T.);
#8514=EDGE_CURVE('',#7545,#7583,#6549,.T.);
#8531=EDGE_CURVE('',#7586,#7587,#6537,.T.);
#8533=EDGE_CURVE('',#7587,#7559,#6553,.T.);
#8535=EDGE_CURVE('',#7557,#7559,#6600,.T.);
#8556=EDGE_CURVE('',#7547,#7561,#6575,.T.);
#8558=EDGE_CURVE('',#7559,#7561,#6604,.T.);
#8561=EDGE_CURVE('',#7595,#7587,#6557,.T.);
#8563=EDGE_CURVE('',#7607,#7595,#6562,.T.);
#8565=EDGE_CURVE('',#7611,#7607,#6566,.T.);
#8567=EDGE_CURVE('',#7593,#7611,#6571,.T.);
#8586=EDGE_CURVE('',#7561,#7563,#6609,.T.);
#8605=EDGE_CURVE('',#7569,#7571,#6643,.T.);
#8631=EDGE_CURVE('',#7263,#7265,#6622,.T.);
#8633=EDGE_CURVE('',#7261,#7263,#6626,.T.);
#8635=EDGE_CURVE('',#7260,#7261,#6630,.T.);
#8637=EDGE_CURVE('',#7577,#7260,#6635,.T.);
#8657=EDGE_CURVE('',#7257,#7579,#6652,.T.);
#8662=EDGE_CURVE('',#7571,#7267,#6669,.T.);
#8679=EDGE_CURVE('',#7474,#7475,#6674,.T.);
#8681=EDGE_CURVE('',#7474,#7378,#6678,.T.);
#8683=EDGE_CURVE('',#7378,#7398,#6682,.T.);
#8685=EDGE_CURVE('',#7403,#7398,#6686,.T.);
#8687=EDGE_CURVE('',#7403,#7391,#6690,.T.);
#8689=EDGE_CURVE('',#7391,#7427,#6694,.T.);
#8691=EDGE_CURVE('',#7434,#7427,#6698,.T.);
#8693=EDGE_CURVE('',#7439,#7434,#6702,.T.);
#8695=EDGE_CURVE('',#7382,#7439,#6706,.T.);
#8697=EDGE_CURVE('',#7487,#7382,#6710,.T.);
#8699=EDGE_CURVE('',#7485,#7487,#6715,.T.);
#8701=EDGE_CURVE('',#7423,#7485,#6719,.T.);
#8703=EDGE_CURVE('',#7423,#7263,#6723,.T.);
#8708=EDGE_CURVE('',#7247,#7387,#6727,.T.);
#8710=EDGE_CURVE('',#7387,#7475,#6731,.T.);
#8728=EDGE_CURVE('',#7477,#7475,#6735,.T.);
#8730=EDGE_CURVE('',#7477,#7479,#6768,.T.);
#8732=EDGE_CURVE('',#7479,#7474,#6959,.T.);
#8751=EDGE_CURVE('',#7386,#7387,#6739,.T.);
#8753=EDGE_CURVE('',#7386,#7477,#6772,.T.);
#8773=EDGE_CURVE('',#7245,#7386,#6743,.T.);
#8790=EDGE_CURVE('',#7422,#7423,#6747,.T.);
#8792=EDGE_CURVE('',#7422,#7261,#6751,.T.);
#8811=EDGE_CURVE('',#7426,#7427,#6755,.T.);
#8814=EDGE_CURVE('',#7390,#7391,#6759,.T.);
#8816=EDGE_CURVE('',#7390,#7426,#6763,.T.);
#8837=EDGE_CURVE('',#7244,#7260,#6776,.T.);
#8841=EDGE_CURVE('',#7422,#7483,#6780,.T.);
#8843=EDGE_CURVE('',#7482,#7483,#6785,.T.);
#8845=EDGE_CURVE('',#7482,#7383,#6789,.T.);
#8847=EDGE_CURVE('',#7383,#7430,#6793,.T.);
#8849=EDGE_CURVE('',#7430,#7431,#6797,.T.);
#8851=EDGE_CURVE('',#7431,#7426,#6801,.T.);
#8854=EDGE_CURVE('',#7395,#7390,#6805,.T.);
#8856=EDGE_CURVE('',#7394,#7395,#6809,.T.);
#8858=EDGE_CURVE('',#7379,#7394,#6813,.T.);
#8860=EDGE_CURVE('',#7479,#7379,#6817,.T.);
#8896=EDGE_CURVE('',#7485,#7483,#6825,.T.);
#8919=EDGE_CURVE('',#7487,#7482,#6829,.T.);
#8938=EDGE_CURVE('',#7382,#7383,#6837,.T.);
#8956=EDGE_CURVE('',#7445,#7443,#6833,.T.);
#8958=EDGE_CURVE('',#7430,#7443,#6868,.T.);
#8963=EDGE_CURVE('',#7437,#7439,#6842,.T.);
#8965=EDGE_CURVE('',#7437,#7445,#6846,.T.);
#8982=EDGE_CURVE('',#7442,#7443,#6851,.T.);
#8985=EDGE_CURVE('',#7445,#7447,#6881,.T.);
#8987=EDGE_CURVE('',#7447,#7442,#6872,.T.);
#9005=EDGE_CURVE('',#7442,#7451,#6855,.T.);
#9007=EDGE_CURVE('',#7450,#7451,#6860,.T.);
#9009=EDGE_CURVE('',#7450,#7431,#6864,.T.);
#9029=EDGE_CURVE('',#7447,#7453,#6894,.T.);
#9031=EDGE_CURVE('',#7453,#7451,#6876,.T.);
#9051=EDGE_CURVE('',#7437,#7435,#6885,.T.);
#9053=EDGE_CURVE('',#7455,#7435,#6902,.T.);
#9055=EDGE_CURVE('',#7453,#7455,#6890,.T.);
#9073=EDGE_CURVE('',#7434,#7435,#6907,.T.);
#9093=EDGE_CURVE('',#7455,#7450,#6898,.T.);
#9135=EDGE_CURVE('',#7419,#7414,#6911,.T.);
#9137=EDGE_CURVE('',#7419,#7395,#6972,.T.);
#9142=EDGE_CURVE('',#7401,#7403,#6916,.T.);
#9144=EDGE_CURVE('',#7401,#7414,#6920,.T.);
#9161=EDGE_CURVE('',#7414,#7415,#6934,.T.);
#9163=EDGE_CURVE('',#7417,#7415,#6989,.T.);
#9165=EDGE_CURVE('',#7417,#7419,#6977,.T.);
#9183=EDGE_CURVE('',#7406,#7407,#6925,.T.);
#9185=EDGE_CURVE('',#7406,#7415,#6929,.T.);
#9189=EDGE_CURVE('',#7401,#7399,#6938,.T.);
#9191=EDGE_CURVE('',#7407,#7399,#6946,.T.);
#9209=EDGE_CURVE('',#7409,#7407,#6942,.T.);
#9211=EDGE_CURVE('',#7409,#7411,#6964,.T.);
#9213=EDGE_CURVE('',#7411,#7406,#6985,.T.);
#9232=EDGE_CURVE('',#7398,#7399,#6951,.T.);
#9235=EDGE_CURVE('',#7378,#7379,#6955,.T.);
#9238=EDGE_CURVE('',#7394,#7409,#6968,.T.);
#9298=EDGE_CURVE('',#7411,#7417,#6981,.T.);
#9375=EDGE_CURVE('',#7595,#7591,#7011,.T.);
#9395=EDGE_CURVE('',#7607,#7605,#7015,.T.);
#9416=EDGE_CURVE('',#7611,#7609,#7019,.T.);
#9455=EDGE_CURVE('',#7513,#7515,#7028,.T.);
#9457=EDGE_CURVE('',#7511,#7513,#7032,.T.);
#9459=EDGE_CURVE('',#7509,#7511,#7036,.T.);
#9461=EDGE_CURVE('',#7507,#7509,#7040,.T.);
#9463=EDGE_CURVE('',#7505,#7507,#7045,.T.);
#9483=EDGE_CURVE('',#7499,#7513,#7057,.T.);
#9502=EDGE_CURVE('',#7523,#7533,#7061,.T.);
#9504=EDGE_CURVE('',#7601,#7533,#7066,.T.);
#9506=EDGE_CURVE('',#7601,#7597,#7070,.T.);
#9508=EDGE_CURVE('',#7535,#7597,#7075,.T.);
#9510=EDGE_CURVE('',#7535,#7527,#7079,.T.);
#9512=EDGE_CURVE('',#7527,#7511,#7083,.T.);
#9517=EDGE_CURVE('',#7497,#7523,#7087,.T.);
#9534=EDGE_CURVE('',#7522,#7529,#7095,.T.);
#9536=EDGE_CURVE('',#7529,#7533,#7091,.T.);
#9539=EDGE_CURVE('',#7522,#7523,#7121,.T.);
#9557=EDGE_CURVE('',#7495,#7522,#7125,.T.);
#9560=EDGE_CURVE('',#7493,#7507,#7099,.T.);
#9563=EDGE_CURVE('',#7526,#7509,#7133,.T.);
#9565=EDGE_CURVE('',#7531,#7526,#7103,.T.);
#9567=EDGE_CURVE('',#7599,#7531,#7108,.T.);
#9569=EDGE_CURVE('',#7603,#7599,#7112,.T.);
#9571=EDGE_CURVE('',#7529,#7603,#7117,.T.);
#9607=EDGE_CURVE('',#7526,#7527,#7129,.T.);
#9630=EDGE_CURVE('',#7531,#7535,#7137,.T.);
#9648=EDGE_CURVE('',#7599,#7597,#7141,.T.);
#9669=EDGE_CURVE('',#7603,#7601,#7145,.T.);
#9744=EDGE_CURVE('',#7329,#7324,#7157,.T.);
#9746=EDGE_CURVE('',#7329,#7313,#7223,.T.);
#9751=EDGE_CURVE('',#7316,#7319,#7162,.T.);
#9753=EDGE_CURVE('',#7316,#7324,#7166,.T.);
#9770=EDGE_CURVE('',#7324,#7325,#7171,.T.);
#9772=EDGE_CURVE('',#7327,#7325,#7227,.T.);
#9774=EDGE_CURVE('',#7327,#7329,#7206,.T.);
#9794=EDGE_CURVE('',#7316,#7317,#7175,.T.);
#9796=EDGE_CURVE('',#7375,#7317,#7192,.T.);
#9798=EDGE_CURVE('',#7331,#7375,#7180,.T.);
#9800=EDGE_CURVE('',#7331,#7325,#7184,.T.);
#9820=EDGE_CURVE('',#7321,#7317,#7197,.T.);
#9837=EDGE_CURVE('',#7312,#7335,#7219,.T.);
#9839=EDGE_CURVE('',#7335,#7375,#7188,.T.);
#9844=EDGE_CURVE('',#7372,#7373,#7201,.T.);
#9863=EDGE_CURVE('',#7333,#7327,#7210,.T.);
#9865=EDGE_CURVE('',#7335,#7333,#7215,.T.);
#9887=EDGE_CURVE('',#7333,#7331,#7231,.T.);
#9940=(LENGTH_UNIT()NAMED_UNIT(*)SI_UNIT(.MILLI.,.METRE.));
#9942=(NAMED_UNIT(*)PLANE_ANGLE_UNIT()SI_UNIT($,.RADIAN.));
#9945=(NAMED_UNIT(*)SI_UNIT($,.STERADIAN.)SOLID_ANGLE_UNIT());
#9948=ADVANCED_BREP_SHAPE_REPRESENTATION('',(#6039,#9939),#9947);
#9956=PRODUCT_DEFINITION('design','',#9955,#9952);
#9957=PRODUCT_DEFINITION_SHAPE('','SHAPE FOR 381.',#9956);
#9958=SHAPE_ASPECT('','solid data associated with 381',#9957,.F.);
#9959=PROPERTY_DEFINITION('',
'shape for solid data with which properties are associated',#9958);
#9960=SHAPE_REPRESENTATION('',(#9939),#9947);
#9961=SHAPE_DEFINITION_REPRESENTATION(#9959,#9960);
#9962=(LENGTH_UNIT()NAMED_UNIT(*)SI_UNIT(.MILLI.,.METRE.));
#9966=PROPERTY_DEFINITION('geometric validation property','area of 381',#9958);
#9967=REPRESENTATION('surface area',(#9965),#9947);
#9968=PROPERTY_DEFINITION_REPRESENTATION(#9966,#9967);
#9969=(LENGTH_UNIT()NAMED_UNIT(*)SI_UNIT(.MILLI.,.METRE.));
#9973=PROPERTY_DEFINITION('geometric validation property','volume of 381',
#9958);
#9974=REPRESENTATION('volume',(#9972),#9947);
#9975=PROPERTY_DEFINITION_REPRESENTATION(#9973,#9974);
#9977=PROPERTY_DEFINITION('geometric validation property','centroid of 381',
#9958);
#9978=REPRESENTATION('centroid',(#9976),#9947);
#9979=PROPERTY_DEFINITION_REPRESENTATION(#9977,#9978);
#9980=(LENGTH_UNIT()NAMED_UNIT(*)SI_UNIT(.MILLI.,.METRE.));
#9984=PROPERTY_DEFINITION('geometric validation property','area of 381',#9957);
#9985=REPRESENTATION('surface area',(#9983),#9947);
#9986=PROPERTY_DEFINITION_REPRESENTATION(#9984,#9985);
#9987=(LENGTH_UNIT()NAMED_UNIT(*)SI_UNIT(.MILLI.,.METRE.));
#9991=PROPERTY_DEFINITION('geometric validation property','volume of 381',
#9957);
#9992=REPRESENTATION('volume',(#9990),#9947);
#9993=PROPERTY_DEFINITION_REPRESENTATION(#9991,#9992);
#9995=PROPERTY_DEFINITION('geometric validation property','centroid of 381',
#9957);
#9996=REPRESENTATION('centroid',(#9994),#9947);
#9997=PROPERTY_DEFINITION_REPRESENTATION(#9995,#9996);
#9998=SHAPE_DEFINITION_REPRESENTATION(#9957,#9948);
ENDSEC;
END-ISO-10303-21;
